kode_prov;nama_prov;kode_kab;nama_kab;kode_kec;nama_kec
51;BALI;5103;KAB. BADUNG;510303;Abiansemal
51;BALI;5103;KAB. BADUNG;510301;Kuta
51;BALI;5103;KAB. BADUNG;510305;Kuta Selatan
51;BALI;5103;KAB. BADUNG;510306;Kuta Utara
51;BALI;5103;KAB. BADUNG;510302;Mengwi
51;BALI;5103;KAB. BADUNG;510304;Petang
51;BALI;5106;KAB. BANGLI;510602;Bangli
51;BALI;5106;KAB. BANGLI;510604;Kintamani
51;BALI;5106;KAB. BANGLI;510601;Susut
51;BALI;5106;KAB. BANGLI;510603;Tembuku
51;BALI;5108;KAB. BULELENG;510804;Banjar
51;BALI;5108;KAB. BULELENG;510806;Buleleng
51;BALI;5108;KAB. BULELENG;510803;Busungbiu
51;BALI;5108;KAB. BULELENG;510801;Gerokgak
51;BALI;5108;KAB. BULELENG;510808;Kubutambahan
51;BALI;5108;KAB. BULELENG;510807;Sawan
51;BALI;5108;KAB. BULELENG;510802;Seririt
51;BALI;5108;KAB. BULELENG;510805;Sukasada
51;BALI;5108;KAB. BULELENG;510809;Tejakula
51;BALI;5104;KAB. GIANYAR;510402;Blahbatuh
51;BALI;5104;KAB. GIANYAR;510403;Gianyar
51;BALI;5104;KAB. GIANYAR;510407;Payangan
51;BALI;5104;KAB. GIANYAR;510401;Sukawati
51;BALI;5104;KAB. GIANYAR;510404;Tampaksiring
51;BALI;5104;KAB. GIANYAR;510406;Tegallalang
51;BALI;5104;KAB. GIANYAR;510405;Ubud
51;BALI;5101;KAB. JEMBRANA;510105;Jembrana
51;BALI;5101;KAB. JEMBRANA;510104;Melaya
51;BALI;5101;KAB. JEMBRANA;510102;Mendoyo
51;BALI;5101;KAB. JEMBRANA;510101;Negara
51;BALI;5101;KAB. JEMBRANA;510103;Pekutatan
51;BALI;5107;KAB. KARANGASEM;510705;Abang
51;BALI;5107;KAB. KARANGASEM;510706;Bebandem
51;BALI;5107;KAB. KARANGASEM;510704;Karangasem
51;BALI;5107;KAB. KARANGASEM;510708;Kubu
51;BALI;5107;KAB. KARANGASEM;510703;Manggis
51;BALI;5107;KAB. KARANGASEM;510701;Rendang
51;BALI;5107;KAB. KARANGASEM;510707;Selat
51;BALI;5107;KAB. KARANGASEM;510702;Sidemen
51;BALI;5105;KAB. KLUNGKUNG;510502;Banjarangkan
51;BALI;5105;KAB. KLUNGKUNG;510504;Dawan
51;BALI;5105;KAB. KLUNGKUNG;510503;Klungkung
51;BALI;5105;KAB. KLUNGKUNG;510501;Nusa Penida
51;BALI;5102;KAB. TABANAN;510209;Baturiti
51;BALI;5102;KAB. TABANAN;510206;Kediri
51;BALI;5102;KAB. TABANAN;510204;Kerambitan
51;BALI;5102;KAB. TABANAN;510207;Marga
51;BALI;5102;KAB. TABANAN;510208;Penebel
51;BALI;5102;KAB. TABANAN;510210;Pupuan
51;BALI;5102;KAB. TABANAN;510202;Salamadeg Timur
51;BALI;5102;KAB. TABANAN;510203;Salemadeg Barat
51;BALI;5102;KAB. TABANAN;510201;Selemadeg
51;BALI;5102;KAB. TABANAN;510205;Tabanan
51;BALI;5171;KOTA DENPASAR;517103;Denpasar Barat
51;BALI;5171;KOTA DENPASAR;517101;Denpasar Selatan
51;BALI;5171;KOTA DENPASAR;517102;Denpasar Timur
51;BALI;5171;KOTA DENPASAR;517104;Denpasar Utara
52;NUSA TENGGARA BARAT;5206;KAB. BIMA;520610;Ambalawi
52;NUSA TENGGARA BARAT;5206;KAB. BIMA;520604;Belo
52;NUSA TENGGARA BARAT;5206;KAB. BIMA;520602;Bolo
52;NUSA TENGGARA BARAT;5206;KAB. BIMA;520608;Donggo
52;NUSA TENGGARA BARAT;5206;KAB. BIMA;520617;Lambitu
52;NUSA TENGGARA BARAT;5206;KAB. BIMA;520612;Lambu
52;NUSA TENGGARA BARAT;5206;KAB. BIMA;520611;Langgudu
52;NUSA TENGGARA BARAT;5206;KAB. BIMA;520613;Madapangga
52;NUSA TENGGARA BARAT;5206;KAB. BIMA;520601;Monta
52;NUSA TENGGARA BARAT;5206;KAB. BIMA;520618;Palibelo
52;NUSA TENGGARA BARAT;5206;KAB. BIMA;520616;Parado
52;NUSA TENGGARA BARAT;5206;KAB. BIMA;520609;Sanggar
52;NUSA TENGGARA BARAT;5206;KAB. BIMA;520606;Sape
52;NUSA TENGGARA BARAT;5206;KAB. BIMA;520615;Soromandi
52;NUSA TENGGARA BARAT;5206;KAB. BIMA;520614;Tambora
52;NUSA TENGGARA BARAT;5206;KAB. BIMA;520605;Wawo
52;NUSA TENGGARA BARAT;5206;KAB. BIMA;520607;Wera
52;NUSA TENGGARA BARAT;5206;KAB. BIMA;520603;Woha
52;NUSA TENGGARA BARAT;5205;KAB. DOMPU;520501;Dompu
52;NUSA TENGGARA BARAT;5205;KAB. DOMPU;520503;Hu'u
52;NUSA TENGGARA BARAT;5205;KAB. DOMPU;520502;Kempo
52;NUSA TENGGARA BARAT;5205;KAB. DOMPU;520504;Kilo
52;NUSA TENGGARA BARAT;5205;KAB. DOMPU;520507;Manggalewa
52;NUSA TENGGARA BARAT;5205;KAB. DOMPU;520508;Pajo
52;NUSA TENGGARA BARAT;5205;KAB. DOMPU;520506;Pekat
52;NUSA TENGGARA BARAT;5205;KAB. DOMPU;520505;Woja
52;NUSA TENGGARA BARAT;5201;KAB. LOMBOK BARAT;520114;Batu Layar
52;NUSA TENGGARA BARAT;5201;KAB. LOMBOK BARAT;520101;Gerung
52;NUSA TENGGARA BARAT;5201;KAB. LOMBOK BARAT;520109;Gunungsari
52;NUSA TENGGARA BARAT;5201;KAB. LOMBOK BARAT;520102;Kediri
52;NUSA TENGGARA BARAT;5201;KAB. LOMBOK BARAT;520115;Kuripan
52;NUSA TENGGARA BARAT;5201;KAB. LOMBOK BARAT;520108;Labuapi
52;NUSA TENGGARA BARAT;5201;KAB. LOMBOK BARAT;520113;Lembar
52;NUSA TENGGARA BARAT;5201;KAB. LOMBOK BARAT;520112;Lingsar
52;NUSA TENGGARA BARAT;5201;KAB. LOMBOK BARAT;520103;Narmada
52;NUSA TENGGARA BARAT;5201;KAB. LOMBOK BARAT;520107;Sekotong
52;NUSA TENGGARA BARAT;5202;KAB. LOMBOK TENGAH;520203;Batukliang
52;NUSA TENGGARA BARAT;5202;KAB. LOMBOK TENGAH;520212;Batukliang Utara
52;NUSA TENGGARA BARAT;5202;KAB. LOMBOK TENGAH;520207;Janapria
52;NUSA TENGGARA BARAT;5202;KAB. LOMBOK TENGAH;520202;Jonggat
52;NUSA TENGGARA BARAT;5202;KAB. LOMBOK TENGAH;520209;Kopang
52;NUSA TENGGARA BARAT;5202;KAB. LOMBOK TENGAH;520201;Praya
52;NUSA TENGGARA BARAT;5202;KAB. LOMBOK TENGAH;520205;Praya Barat
52;NUSA TENGGARA BARAT;5202;KAB. LOMBOK TENGAH;520211;Praya Barat Daya
52;NUSA TENGGARA BARAT;5202;KAB. LOMBOK TENGAH;520210;Praya Tengah
52;NUSA TENGGARA BARAT;5202;KAB. LOMBOK TENGAH;520206;Praya Timur
52;NUSA TENGGARA BARAT;5202;KAB. LOMBOK TENGAH;520208;Pringgarata
52;NUSA TENGGARA BARAT;5202;KAB. LOMBOK TENGAH;520204;Pujut
52;NUSA TENGGARA BARAT;5203;KAB. LOMBOK TIMUR;520309;Aikmel
52;NUSA TENGGARA BARAT;5203;KAB. LOMBOK TIMUR;520320;Jerowaru
52;NUSA TENGGARA BARAT;5203;KAB. LOMBOK TIMUR;520301;Keruak
52;NUSA TENGGARA BARAT;5203;KAB. LOMBOK TIMUR;520317;Labuhan Haji
52;NUSA TENGGARA BARAT;5203;KAB. LOMBOK TIMUR;520321;Lenek
52;NUSA TENGGARA BARAT;5203;KAB. LOMBOK TIMUR;520305;Masbagik
52;NUSA TENGGARA BARAT;5203;KAB. LOMBOK TIMUR;520311;Montong Gading
52;NUSA TENGGARA BARAT;5203;KAB. LOMBOK TIMUR;520308;Pringgabaya
52;NUSA TENGGARA BARAT;5203;KAB. LOMBOK TIMUR;520312;Pringgasela
52;NUSA TENGGARA BARAT;5203;KAB. LOMBOK TIMUR;520302;Sakra
52;NUSA TENGGARA BARAT;5203;KAB. LOMBOK TIMUR;520319;Sakra Barat
52;NUSA TENGGARA BARAT;5203;KAB. LOMBOK TIMUR;520318;Sakra Timur
52;NUSA TENGGARA BARAT;5203;KAB. LOMBOK TIMUR;520310;Sambelia
52;NUSA TENGGARA BARAT;5203;KAB. LOMBOK TIMUR;520307;Selong
52;NUSA TENGGARA BARAT;5203;KAB. LOMBOK TIMUR;520315;Sembalun
52;NUSA TENGGARA BARAT;5203;KAB. LOMBOK TIMUR;520304;Sikur
52;NUSA TENGGARA BARAT;5203;KAB. LOMBOK TIMUR;520306;Sukamulia
52;NUSA TENGGARA BARAT;5203;KAB. LOMBOK TIMUR;520313;Suralaga
52;NUSA TENGGARA BARAT;5203;KAB. LOMBOK TIMUR;520316;Suwela
52;NUSA TENGGARA BARAT;5203;KAB. LOMBOK TIMUR;520303;Terara
52;NUSA TENGGARA BARAT;5203;KAB. LOMBOK TIMUR;520314;Wanasaba
52;NUSA TENGGARA BARAT;5208;KAB. LOMBOK UTARA;520804;Bayan
52;NUSA TENGGARA BARAT;5208;KAB. LOMBOK UTARA;520802;Gangga
52;NUSA TENGGARA BARAT;5208;KAB. LOMBOK UTARA;520803;Kayangan
52;NUSA TENGGARA BARAT;5208;KAB. LOMBOK UTARA;520805;Pemenang
52;NUSA TENGGARA BARAT;5208;KAB. LOMBOK UTARA;520801;Tanjung
52;NUSA TENGGARA BARAT;5204;KAB. SUMBAWA;520405;Alas
52;NUSA TENGGARA BARAT;5204;KAB. SUMBAWA;520417;Alas Barat
52;NUSA TENGGARA BARAT;5204;KAB. SUMBAWA;520407;Batu Lanteh
52;NUSA TENGGARA BARAT;5204;KAB. SUMBAWA;520420;Buer
52;NUSA TENGGARA BARAT;5204;KAB. SUMBAWA;520414;Empang
52;NUSA TENGGARA BARAT;5204;KAB. SUMBAWA;520419;Labangka
52;NUSA TENGGARA BARAT;5204;KAB. SUMBAWA;520418;Labuhan Badas
52;NUSA TENGGARA BARAT;5204;KAB. SUMBAWA;520429;Lantung
52;NUSA TENGGARA BARAT;5204;KAB. SUMBAWA;520412;Lape
52;NUSA TENGGARA BARAT;5204;KAB. SUMBAWA;520427;Lenangguar
52;NUSA TENGGARA BARAT;5204;KAB. SUMBAWA;520426;Lopok
52;NUSA TENGGARA BARAT;5204;KAB. SUMBAWA;520402;Lunyuk
52;NUSA TENGGARA BARAT;5204;KAB. SUMBAWA;520424;Maronge
52;NUSA TENGGARA BARAT;5204;KAB. SUMBAWA;520409;Moyo Hilir
52;NUSA TENGGARA BARAT;5204;KAB. SUMBAWA;520410;Moyo Hulu
52;NUSA TENGGARA BARAT;5204;KAB. SUMBAWA;520423;Moyo Utara
52;NUSA TENGGARA BARAT;5204;KAB. SUMBAWA;520428;Orong Telu
52;NUSA TENGGARA BARAT;5204;KAB. SUMBAWA;520413;Plampang
52;NUSA TENGGARA BARAT;5204;KAB. SUMBAWA;520421;Rhee
52;NUSA TENGGARA BARAT;5204;KAB. SUMBAWA;520411;Ropang
52;NUSA TENGGARA BARAT;5204;KAB. SUMBAWA;520408;Sumbawa
52;NUSA TENGGARA BARAT;5204;KAB. SUMBAWA;520425;Tarano
52;NUSA TENGGARA BARAT;5204;KAB. SUMBAWA;520422;Unter Iwes
52;NUSA TENGGARA BARAT;5204;KAB. SUMBAWA;520406;Utan
52;NUSA TENGGARA BARAT;5207;KAB. SUMBAWA BARAT;520707;Brang Ene
52;NUSA TENGGARA BARAT;5207;KAB. SUMBAWA BARAT;520705;Brang Rea
52;NUSA TENGGARA BARAT;5207;KAB. SUMBAWA BARAT;520701;Jereweh
52;NUSA TENGGARA BARAT;5207;KAB. SUMBAWA BARAT;520708;Maluk
52;NUSA TENGGARA BARAT;5207;KAB. SUMBAWA BARAT;520706;Poto Tano
52;NUSA TENGGARA BARAT;5207;KAB. SUMBAWA BARAT;520704;Sekongkang
52;NUSA TENGGARA BARAT;5207;KAB. SUMBAWA BARAT;520703;Seteluk
52;NUSA TENGGARA BARAT;5207;KAB. SUMBAWA BARAT;520702;Taliwang
52;NUSA TENGGARA BARAT;5272;KOTA BIMA;527203;Asakota
52;NUSA TENGGARA BARAT;5272;KOTA BIMA;527201;RasanaE Barat
52;NUSA TENGGARA BARAT;5272;KOTA BIMA;527205;Mpunda
52;NUSA TENGGARA BARAT;5272;KOTA BIMA;527204;Raba
52;NUSA TENGGARA BARAT;5272;KOTA BIMA;527202;RasanaE Timur
52;NUSA TENGGARA BARAT;5271;KOTA MATARAM;527101;Ampenan
52;NUSA TENGGARA BARAT;5271;KOTA MATARAM;527103;Cakranegara
52;NUSA TENGGARA BARAT;5271;KOTA MATARAM;527102;Mataram
52;NUSA TENGGARA BARAT;5271;KOTA MATARAM;527106;Sandubaya
52;NUSA TENGGARA BARAT;5271;KOTA MATARAM;527104;Sekarbela
52;NUSA TENGGARA BARAT;5271;KOTA MATARAM;527105;Selaprang
53;NUSA TENGGARA TIMUR;5305;KAB. ALOR;530518;Abad Selatan
53;NUSA TENGGARA TIMUR;5305;KAB. ALOR;530503;Alor Barat Daya
53;NUSA TENGGARA TIMUR;5305;KAB. ALOR;530502;Alor Barat Laut
53;NUSA TENGGARA TIMUR;5305;KAB. ALOR;530504;Alor Selatan
53;NUSA TENGGARA TIMUR;5305;KAB. ALOR;530507;Alor Tengah Utara
53;NUSA TENGGARA TIMUR;5305;KAB. ALOR;530505;Alor Timur
53;NUSA TENGGARA TIMUR;5305;KAB. ALOR;530508;Alor Timur Laut
53;NUSA TENGGARA TIMUR;5305;KAB. ALOR;530510;Kabola
53;NUSA TENGGARA TIMUR;5305;KAB. ALOR;530515;Lembur
53;NUSA TENGGARA TIMUR;5305;KAB. ALOR;530512;Mataru
53;NUSA TENGGARA TIMUR;5305;KAB. ALOR;530506;Pantar
53;NUSA TENGGARA TIMUR;5305;KAB. ALOR;530509;Pantar Barat
53;NUSA TENGGARA TIMUR;5305;KAB. ALOR;530517;Pantar Barat Laut
53;NUSA TENGGARA TIMUR;5305;KAB. ALOR;530516;Pantar Tengah
53;NUSA TENGGARA TIMUR;5305;KAB. ALOR;530514;Pantar Timur
53;NUSA TENGGARA TIMUR;5305;KAB. ALOR;530511;Pulau Pura
53;NUSA TENGGARA TIMUR;5305;KAB. ALOR;530513;Pureman
53;NUSA TENGGARA TIMUR;5305;KAB. ALOR;530501;Teluk Mutiara
53;NUSA TENGGARA TIMUR;5304;KAB. BELU;530421;Atambua Barat
53;NUSA TENGGARA TIMUR;5304;KAB. BELU;530422;Atambua Selatan
53;NUSA TENGGARA TIMUR;5304;KAB. BELU;530405;Kakuluk Mesak
53;NUSA TENGGARA TIMUR;5304;KAB. BELU;530412;Kota Atambua
53;NUSA TENGGARA TIMUR;5304;KAB. BELU;530401;Lamaknen
53;NUSA TENGGARA TIMUR;5304;KAB. BELU;530418;Lamaknen Selatan
53;NUSA TENGGARA TIMUR;5304;KAB. BELU;530417;Lasiolat
53;NUSA TENGGARA TIMUR;5304;KAB. BELU;530423;Nanaet Duabesi
53;NUSA TENGGARA TIMUR;5304;KAB. BELU;530403;Raihat
53;NUSA TENGGARA TIMUR;5304;KAB. BELU;530413;Raimanuk
53;NUSA TENGGARA TIMUR;5304;KAB. BELU;530404;Tasifeto Barat
53;NUSA TENGGARA TIMUR;5304;KAB. BELU;530402;TasifetoTimur
53;NUSA TENGGARA TIMUR;5308;KAB. ENDE;530815;Detukeli
53;NUSA TENGGARA TIMUR;5308;KAB. ENDE;530806;Detusoko
53;NUSA TENGGARA TIMUR;5308;KAB. ENDE;530803;Ende
53;NUSA TENGGARA TIMUR;5308;KAB. ENDE;530804;Ende Selatan
53;NUSA TENGGARA TIMUR;5308;KAB. ENDE;530819;Ende Tengah
53;NUSA TENGGARA TIMUR;5308;KAB. ENDE;530820;Ende Timur
53;NUSA TENGGARA TIMUR;5308;KAB. ENDE;530818;Ende Utara
53;NUSA TENGGARA TIMUR;5308;KAB. ENDE;530814;Kelimutu
53;NUSA TENGGARA TIMUR;5308;KAB. ENDE;530813;Kota Baru
53;NUSA TENGGARA TIMUR;5308;KAB. ENDE;530821;Lepembusu Kelisoke
53;NUSA TENGGARA TIMUR;5308;KAB. ENDE;530812;Lio Timur
53;NUSA TENGGARA TIMUR;5308;KAB. ENDE;530811;Maukaro
53;NUSA TENGGARA TIMUR;5308;KAB. ENDE;530810;Maurole
53;NUSA TENGGARA TIMUR;5308;KAB. ENDE;530801;Nangapanda
53;NUSA TENGGARA TIMUR;5308;KAB. ENDE;530805;Ndona
53;NUSA TENGGARA TIMUR;5308;KAB. ENDE;530816;Ndona Timur
53;NUSA TENGGARA TIMUR;5308;KAB. ENDE;530817;Ndori
53;NUSA TENGGARA TIMUR;5308;KAB. ENDE;530802;Pulau Ende
53;NUSA TENGGARA TIMUR;5308;KAB. ENDE;530807;Wewaria
53;NUSA TENGGARA TIMUR;5308;KAB. ENDE;530809;Wolojita
53;NUSA TENGGARA TIMUR;5308;KAB. ENDE;530808;Wolowaru
53;NUSA TENGGARA TIMUR;5306;KAB. FLORES TIMUR;530617;Adonara
53;NUSA TENGGARA TIMUR;5306;KAB. FLORES TIMUR;530608;Adonara Barat
53;NUSA TENGGARA TIMUR;5306;KAB. FLORES TIMUR;530618;Adonara Tengah
53;NUSA TENGGARA TIMUR;5306;KAB. FLORES TIMUR;530610;Adonara Timur
53;NUSA TENGGARA TIMUR;5306;KAB. FLORES TIMUR;530614;Demon Pagong
53;NUSA TENGGARA TIMUR;5306;KAB. FLORES TIMUR;530613;Ile Boleng
53;NUSA TENGGARA TIMUR;5306;KAB. FLORES TIMUR;530616;Ile Bura
53;NUSA TENGGARA TIMUR;5306;KAB. FLORES TIMUR;530604;Ile Mandiri
53;NUSA TENGGARA TIMUR;5306;KAB. FLORES TIMUR;530611;Kelubagolit
53;NUSA TENGGARA TIMUR;5306;KAB. FLORES TIMUR;530603;Larantuka
53;NUSA TENGGARA TIMUR;5306;KAB. FLORES TIMUR;530615;Lewolema
53;NUSA TENGGARA TIMUR;5306;KAB. FLORES TIMUR;530606;Solor Barat
53;NUSA TENGGARA TIMUR;5306;KAB. FLORES TIMUR;530619;Solor Selatan
53;NUSA TENGGARA TIMUR;5306;KAB. FLORES TIMUR;530607;Solor Timur
53;NUSA TENGGARA TIMUR;5306;KAB. FLORES TIMUR;530605;Tanjung Bunga
53;NUSA TENGGARA TIMUR;5306;KAB. FLORES TIMUR;530602;Titehena
53;NUSA TENGGARA TIMUR;5306;KAB. FLORES TIMUR;530612;Witihama
53;NUSA TENGGARA TIMUR;5306;KAB. FLORES TIMUR;530609;Wotan Ulumando
53;NUSA TENGGARA TIMUR;5306;KAB. FLORES TIMUR;530601;Wulanggitang
53;NUSA TENGGARA TIMUR;5301;KAB. KUPANG;530125;Amabi Oefeto
53;NUSA TENGGARA TIMUR;5301;KAB. KUPANG;530120;Amabi Oefeto Timur
53;NUSA TENGGARA TIMUR;5301;KAB. KUPANG;530109;Amarasi
53;NUSA TENGGARA TIMUR;5301;KAB. KUPANG;530117;Amarasi Barat
53;NUSA TENGGARA TIMUR;5301;KAB. KUPANG;530118;Amarasi Selatan
53;NUSA TENGGARA TIMUR;5301;KAB. KUPANG;530119;Amarasi Timur
53;NUSA TENGGARA TIMUR;5301;KAB. KUPANG;530121;Amfoang Barat Daya
53;NUSA TENGGARA TIMUR;5301;KAB. KUPANG;530122;Amfoang Barat Laut
53;NUSA TENGGARA TIMUR;5301;KAB. KUPANG;530112;Amfoang Selatan
53;NUSA TENGGARA TIMUR;5301;KAB. KUPANG;530130;Amfoang Tengah
53;NUSA TENGGARA TIMUR;5301;KAB. KUPANG;530126;Amfoang Timur
53;NUSA TENGGARA TIMUR;5301;KAB. KUPANG;530113;Amfoang Utara
53;NUSA TENGGARA TIMUR;5301;KAB. KUPANG;530110;Fatuleu
53;NUSA TENGGARA TIMUR;5301;KAB. KUPANG;530127;Fatuleu Barat
53;NUSA TENGGARA TIMUR;5301;KAB. KUPANG;530128;Fatuleu Tengah
53;NUSA TENGGARA TIMUR;5301;KAB. KUPANG;530105;Kupang Barat
53;NUSA TENGGARA TIMUR;5301;KAB. KUPANG;530108;Kupang Tengah
53;NUSA TENGGARA TIMUR;5301;KAB. KUPANG;530106;Kupang Timur
53;NUSA TENGGARA TIMUR;5301;KAB. KUPANG;530116;Nekamese
53;NUSA TENGGARA TIMUR;5301;KAB. KUPANG;530104;Semau
53;NUSA TENGGARA TIMUR;5301;KAB. KUPANG;530123;Semau Selatan
53;NUSA TENGGARA TIMUR;5301;KAB. KUPANG;530107;Sulamu
53;NUSA TENGGARA TIMUR;5301;KAB. KUPANG;530124;Taebenu
53;NUSA TENGGARA TIMUR;5301;KAB. KUPANG;530111;Takari
53;NUSA TENGGARA TIMUR;5313;KAB. LEMBATA;531302;Atadei
53;NUSA TENGGARA TIMUR;5313;KAB. LEMBATA;531307;Buyasuri
53;NUSA TENGGARA TIMUR;5313;KAB. LEMBATA;531303;Ile Ape
53;NUSA TENGGARA TIMUR;5313;KAB. LEMBATA;531309;Ile Ape Timur
53;NUSA TENGGARA TIMUR;5313;KAB. LEMBATA;531304;Lebatukan
53;NUSA TENGGARA TIMUR;5313;KAB. LEMBATA;531301;Naga Wutung
53;NUSA TENGGARA TIMUR;5313;KAB. LEMBATA;531305;Nubatukan
53;NUSA TENGGARA TIMUR;5313;KAB. LEMBATA;531306;Omesuri
53;NUSA TENGGARA TIMUR;5313;KAB. LEMBATA;531308;Wulandoni
53;NUSA TENGGARA TIMUR;5321;KAB. MALAKA;532112;Botin Leobele
53;NUSA TENGGARA TIMUR;5321;KAB. MALAKA;532106;Io Kufeu
53;NUSA TENGGARA TIMUR;5321;KAB. MALAKA;532111;Kobalima
53;NUSA TENGGARA TIMUR;5321;KAB. MALAKA;532110;Kobalima Timur
53;NUSA TENGGARA TIMUR;5321;KAB. MALAKA;532108;Laenmanen
53;NUSA TENGGARA TIMUR;5321;KAB. MALAKA;532102;Malaka Barat
53;NUSA TENGGARA TIMUR;5321;KAB. MALAKA;532101;Malaka Tengah
53;NUSA TENGGARA TIMUR;5321;KAB. MALAKA;532109;Malaka Timur
53;NUSA TENGGARA TIMUR;5321;KAB. MALAKA;532105;Rinhat
53;NUSA TENGGARA TIMUR;5321;KAB. MALAKA;532107;Sasitamean
53;NUSA TENGGARA TIMUR;5321;KAB. MALAKA;532104;Weliman
53;NUSA TENGGARA TIMUR;5321;KAB. MALAKA;532103;Wewiku
53;NUSA TENGGARA TIMUR;5310;KAB. MANGGARAI;531006;Cibal
53;NUSA TENGGARA TIMUR;5310;KAB. MANGGARAI;531017;Cibal barat
53;NUSA TENGGARA TIMUR;5310;KAB. MANGGARAI;531012;Langke Rembong
53;NUSA TENGGARA TIMUR;5310;KAB. MANGGARAI;531015;Lelak
53;NUSA TENGGARA TIMUR;5310;KAB. MANGGARAI;531014;Rahong Utara
53;NUSA TENGGARA TIMUR;5310;KAB. MANGGARAI;531011;Reok
53;NUSA TENGGARA TIMUR;5310;KAB. MANGGARAI;531016;Reok Barat
53;NUSA TENGGARA TIMUR;5310;KAB. MANGGARAI;531003;Ruteng
53;NUSA TENGGARA TIMUR;5310;KAB. MANGGARAI;531005;Satar Mese
53;NUSA TENGGARA TIMUR;5310;KAB. MANGGARAI;531013;Satar Mese Barat
53;NUSA TENGGARA TIMUR;5310;KAB. MANGGARAI;531018;Satar Mese Utara
53;NUSA TENGGARA TIMUR;5310;KAB. MANGGARAI;531001;Wae Rii
53;NUSA TENGGARA TIMUR;5315;KAB. MANGGARAI BARAT;531506;Boleng
53;NUSA TENGGARA TIMUR;5315;KAB. MANGGARAI BARAT;531505;Komodo
53;NUSA TENGGARA TIMUR;5315;KAB. MANGGARAI BARAT;531502;Kuwus
53;NUSA TENGGARA TIMUR;5315;KAB. MANGGARAI BARAT;531512;Kuwus Barat
53;NUSA TENGGARA TIMUR;5315;KAB. MANGGARAI BARAT;531503;Lembor
53;NUSA TENGGARA TIMUR;5315;KAB. MANGGARAI BARAT;531509;Lembor Selatan
53;NUSA TENGGARA TIMUR;5315;KAB. MANGGARAI BARAT;531501;Macang Pacar
53;NUSA TENGGARA TIMUR;5315;KAB. MANGGARAI BARAT;531510;Mbeliling
53;NUSA TENGGARA TIMUR;5315;KAB. MANGGARAI BARAT;531508;Ndoso
53;NUSA TENGGARA TIMUR;5315;KAB. MANGGARAI BARAT;531511;Pacar
53;NUSA TENGGARA TIMUR;5315;KAB. MANGGARAI BARAT;531504;Sano Nggoang
53;NUSA TENGGARA TIMUR;5315;KAB. MANGGARAI BARAT;531507;Welak
53;NUSA TENGGARA TIMUR;5319;KAB. MANGGARAI TIMUR;531901;Borong
53;NUSA TENGGARA TIMUR;5319;KAB. MANGGARAI TIMUR;531912;Congkar
53;NUSA TENGGARA TIMUR;5319;KAB. MANGGARAI TIMUR;531905;Elar
53;NUSA TENGGARA TIMUR;5319;KAB. MANGGARAI TIMUR;531909;Elar Selatan
53;NUSA TENGGARA TIMUR;5319;KAB. MANGGARAI TIMUR;531906;Kota Komba
53;NUSA TENGGARA TIMUR;5319;KAB. MANGGARAI TIMUR;531910;Kota Komba Utara
53;NUSA TENGGARA TIMUR;5319;KAB. MANGGARAI TIMUR;531903;Lamba Leda
53;NUSA TENGGARA TIMUR;5319;KAB. MANGGARAI TIMUR;531911;Lamba Leda Utara
53;NUSA TENGGARA TIMUR;5319;KAB. MANGGARAI TIMUR;531902;Poco Ranaka
53;NUSA TENGGARA TIMUR;5319;KAB. MANGGARAI TIMUR;531908;Poco Ranaka Timur
53;NUSA TENGGARA TIMUR;5319;KAB. MANGGARAI TIMUR;531907;Rana Mese
53;NUSA TENGGARA TIMUR;5319;KAB. MANGGARAI TIMUR;531904;Sambi Rampas
53;NUSA TENGGARA TIMUR;5316;KAB. NAGEKEO;531601;Aesesa
53;NUSA TENGGARA TIMUR;5316;KAB. NAGEKEO;531607;Aesesa Selatan
53;NUSA TENGGARA TIMUR;5316;KAB. NAGEKEO;531603;Boawae
53;NUSA TENGGARA TIMUR;5316;KAB. NAGEKEO;531606;Keo Tengah
53;NUSA TENGGARA TIMUR;5316;KAB. NAGEKEO;531604;Mauponggo
53;NUSA TENGGARA TIMUR;5316;KAB. NAGEKEO;531602;Nangaroro
53;NUSA TENGGARA TIMUR;5316;KAB. NAGEKEO;531605;Wolowae
53;NUSA TENGGARA TIMUR;5309;KAB. NGADA;530901;Aimere
53;NUSA TENGGARA TIMUR;5309;KAB. NGADA;530906;Bajawa
53;NUSA TENGGARA TIMUR;5309;KAB. NGADA;530915;Bajawa Utara
53;NUSA TENGGARA TIMUR;5309;KAB. NGADA;530902;Golewa
53;NUSA TENGGARA TIMUR;5309;KAB. NGADA;530919;Golewa Barat
53;NUSA TENGGARA TIMUR;5309;KAB. NGADA;530918;Golewa Selatan
53;NUSA TENGGARA TIMUR;5309;KAB. NGADA;530920;Inerie
53;NUSA TENGGARA TIMUR;5309;KAB. NGADA;530912;Jerebuu
53;NUSA TENGGARA TIMUR;5309;KAB. NGADA;530909;Riung
53;NUSA TENGGARA TIMUR;5309;KAB. NGADA;530914;Riung Barat
53;NUSA TENGGARA TIMUR;5309;KAB. NGADA;530907;Soa
53;NUSA TENGGARA TIMUR;5309;KAB. NGADA;530916;Wolomeze
53;NUSA TENGGARA TIMUR;5314;KAB. ROTE NDAO;531410;Landu Leko
53;NUSA TENGGARA TIMUR;5314;KAB. ROTE NDAO;531411;Loaholu
53;NUSA TENGGARA TIMUR;5314;KAB. ROTE NDAO;531403;Lobalain
53;NUSA TENGGARA TIMUR;5314;KAB. ROTE NDAO;531409;Ndao Nuse
53;NUSA TENGGARA TIMUR;5314;KAB. ROTE NDAO;531405;Pantai Baru
53;NUSA TENGGARA TIMUR;5314;KAB. ROTE NDAO;531407;Rote Barat
53;NUSA TENGGARA TIMUR;5314;KAB. ROTE NDAO;531401;Rote Barat Daya
53;NUSA TENGGARA TIMUR;5314;KAB. ROTE NDAO;531402;Rote Barat Laut
53;NUSA TENGGARA TIMUR;5314;KAB. ROTE NDAO;531408;Rote Selatan
53;NUSA TENGGARA TIMUR;5314;KAB. ROTE NDAO;531404;Rote Tengah
53;NUSA TENGGARA TIMUR;5314;KAB. ROTE NDAO;531406;Rote Timur
53;NUSA TENGGARA TIMUR;5320;KAB. SABU RAIJUA;532005;Hawu Mehara
53;NUSA TENGGARA TIMUR;5320;KAB. SABU RAIJUA;532006;Raijua
53;NUSA TENGGARA TIMUR;5320;KAB. SABU RAIJUA;532001;Sabu Barat
53;NUSA TENGGARA TIMUR;5320;KAB. SABU RAIJUA;532004;Sabu Liae
53;NUSA TENGGARA TIMUR;5320;KAB. SABU RAIJUA;532002;Sabu Tengah
53;NUSA TENGGARA TIMUR;5320;KAB. SABU RAIJUA;532003;Sabu Timur
53;NUSA TENGGARA TIMUR;5307;KAB. SIKKA;530705;Alok
53;NUSA TENGGARA TIMUR;5307;KAB. SIKKA;530714;Alok Barat
53;NUSA TENGGARA TIMUR;5307;KAB. SIKKA;530715;Alok Timur
53;NUSA TENGGARA TIMUR;5307;KAB. SIKKA;530711;Bola
53;NUSA TENGGARA TIMUR;5307;KAB. SIKKA;530720;Doreng
53;NUSA TENGGARA TIMUR;5307;KAB. SIKKA;530718;Hewokloang
53;NUSA TENGGARA TIMUR;5307;KAB. SIKKA;530719;Kangae
53;NUSA TENGGARA TIMUR;5307;KAB. SIKKA;530710;Kewapante
53;NUSA TENGGARA TIMUR;5307;KAB. SIKKA;530716;Koting
53;NUSA TENGGARA TIMUR;5307;KAB. SIKKA;530703;Lela
53;NUSA TENGGARA TIMUR;5307;KAB. SIKKA;530712;Magepanda
53;NUSA TENGGARA TIMUR;5307;KAB. SIKKA;530721;Mapitara
53;NUSA TENGGARA TIMUR;5307;KAB. SIKKA;530702;Mego
53;NUSA TENGGARA TIMUR;5307;KAB. SIKKA;530707;Nelle
53;NUSA TENGGARA TIMUR;5307;KAB. SIKKA;530704;Nita
53;NUSA TENGGARA TIMUR;5307;KAB. SIKKA;530701;Paga
53;NUSA TENGGARA TIMUR;5307;KAB. SIKKA;530706;Palue
53;NUSA TENGGARA TIMUR;5307;KAB. SIKKA;530708;Talibura
53;NUSA TENGGARA TIMUR;5307;KAB. SIKKA;530717;Tana Wawo
53;NUSA TENGGARA TIMUR;5307;KAB. SIKKA;530713;Waiblama
53;NUSA TENGGARA TIMUR;5307;KAB. SIKKA;530709;Waigete
53;NUSA TENGGARA TIMUR;5312;KAB. SUMBA BARAT;531215;Kota Waikabubak
53;NUSA TENGGARA TIMUR;5312;KAB. SUMBA BARAT;531218;Laboya Barat
53;NUSA TENGGARA TIMUR;5312;KAB. SUMBA BARAT;531212;Lamboya
53;NUSA TENGGARA TIMUR;5312;KAB. SUMBA BARAT;531210;Loli
53;NUSA TENGGARA TIMUR;5312;KAB. SUMBA BARAT;531204;Tana Righu
53;NUSA TENGGARA TIMUR;5312;KAB. SUMBA BARAT;531211;Wanokaka
53;NUSA TENGGARA TIMUR;5318;KAB. SUMBA BARAT DAYA;531807;Kodi
53;NUSA TENGGARA TIMUR;5318;KAB. SUMBA BARAT DAYA;531811;Kodi Balaghar
53;NUSA TENGGARA TIMUR;5318;KAB. SUMBA BARAT DAYA;531806;Kodi Bangedo
53;NUSA TENGGARA TIMUR;5318;KAB. SUMBA BARAT DAYA;531808;Kodi Utara
53;NUSA TENGGARA TIMUR;5318;KAB. SUMBA BARAT DAYA;531809;Kota Tambolaka
53;NUSA TENGGARA TIMUR;5318;KAB. SUMBA BARAT DAYA;531801;Loura
53;NUSA TENGGARA TIMUR;5318;KAB. SUMBA BARAT DAYA;531804;Wewewa Barat
53;NUSA TENGGARA TIMUR;5318;KAB. SUMBA BARAT DAYA;531805;Wewewa Selatan
53;NUSA TENGGARA TIMUR;5318;KAB. SUMBA BARAT DAYA;531810;Wewewa Tengah
53;NUSA TENGGARA TIMUR;5318;KAB. SUMBA BARAT DAYA;531803;Wewewa Timur
53;NUSA TENGGARA TIMUR;5318;KAB. SUMBA BARAT DAYA;531802;Wewewa Utara
53;NUSA TENGGARA TIMUR;5317;KAB. SUMBA TENGAH;531701;Katiku Tana
53;NUSA TENGGARA TIMUR;5317;KAB. SUMBA TENGAH;531705;Katiku Tana Selatan
53;NUSA TENGGARA TIMUR;5317;KAB. SUMBA TENGAH;531703;Mamboro
53;NUSA TENGGARA TIMUR;5317;KAB. SUMBA TENGAH;531704;Umbu Ratu Nggay
53;NUSA TENGGARA TIMUR;5317;KAB. SUMBA TENGAH;531702;Umbu Ratu Nggay Barat
53;NUSA TENGGARA TIMUR;5317;KAB. SUMBA TENGAH;531706;Umbu Ratu Nggay Tengah
53;NUSA TENGGARA TIMUR;5311;KAB. SUMBA TIMUR;531102;Haharu
53;NUSA TENGGARA TIMUR;5311;KAB. SUMBA TIMUR;531114;Kahaungu Eti
53;NUSA TENGGARA TIMUR;5311;KAB. SUMBA TIMUR;531117;Kambata Mapambuhang
53;NUSA TENGGARA TIMUR;5311;KAB. SUMBA TIMUR;531116;Kambera
53;NUSA TENGGARA TIMUR;5311;KAB. SUMBA TIMUR;531120;Kanatang
53;NUSA TENGGARA TIMUR;5311;KAB. SUMBA TIMUR;531113;Karera
53;NUSA TENGGARA TIMUR;5311;KAB. SUMBA TIMUR;531119;Katala Hamu Lingu
53;NUSA TENGGARA TIMUR;5311;KAB. SUMBA TIMUR;531101;Kota Waingapu
53;NUSA TENGGARA TIMUR;5311;KAB. SUMBA TIMUR;531103;Lewa
53;NUSA TENGGARA TIMUR;5311;KAB. SUMBA TIMUR;531118;Lewa Tidahu
53;NUSA TENGGARA TIMUR;5311;KAB. SUMBA TIMUR;531122;Mahu
53;NUSA TENGGARA TIMUR;5311;KAB. SUMBA TIMUR;531115;Matawai La Pawu
53;NUSA TENGGARA TIMUR;5311;KAB. SUMBA TIMUR;531121;Ngadu Ngala
53;NUSA TENGGARA TIMUR;5311;KAB. SUMBA TIMUR;531104;Nggaha Ori Angu
53;NUSA TENGGARA TIMUR;5311;KAB. SUMBA TIMUR;531112;Paberiwai
53;NUSA TENGGARA TIMUR;5311;KAB. SUMBA TIMUR;531110;Pahunga Lodu
53;NUSA TENGGARA TIMUR;5311;KAB. SUMBA TIMUR;531107;Pandawai
53;NUSA TENGGARA TIMUR;5311;KAB. SUMBA TIMUR;531106;Pinu Pahar
53;NUSA TENGGARA TIMUR;5311;KAB. SUMBA TIMUR;531109;Rindi
53;NUSA TENGGARA TIMUR;5311;KAB. SUMBA TIMUR;531105;Tabundung
53;NUSA TENGGARA TIMUR;5311;KAB. SUMBA TIMUR;531108;Umalulu
53;NUSA TENGGARA TIMUR;5311;KAB. SUMBA TIMUR;531111;Wulla Waijelu
53;NUSA TENGGARA TIMUR;5302;KAB. TIMOR TENGAH SELATAN;530208;Amanatun Selatan
53;NUSA TENGGARA TIMUR;5302;KAB. TIMOR TENGAH SELATAN;530209;Amanatun Utara
53;NUSA TENGGARA TIMUR;5302;KAB. TIMOR TENGAH SELATAN;530207;Amanuban Barat
53;NUSA TENGGARA TIMUR;5302;KAB. TIMOR TENGAH SELATAN;530206;Amanuban Selatan
53;NUSA TENGGARA TIMUR;5302;KAB. TIMOR TENGAH SELATAN;530205;Amanuban Tengah
53;NUSA TENGGARA TIMUR;5302;KAB. TIMOR TENGAH SELATAN;530204;Amanuban Timur
53;NUSA TENGGARA TIMUR;5302;KAB. TIMOR TENGAH SELATAN;530214;Batu Putih
53;NUSA TENGGARA TIMUR;5302;KAB. TIMOR TENGAH SELATAN;530215;Boking
53;NUSA TENGGARA TIMUR;5302;KAB. TIMOR TENGAH SELATAN;530229;Fatukopa
53;NUSA TENGGARA TIMUR;5302;KAB. TIMOR TENGAH SELATAN;530212;Fatumnasi
53;NUSA TENGGARA TIMUR;5302;KAB. TIMOR TENGAH SELATAN;530228;Fautmolo
53;NUSA TENGGARA TIMUR;5302;KAB. TIMOR TENGAH SELATAN;530210;KI'E
53;NUSA TENGGARA TIMUR;5302;KAB. TIMOR TENGAH SELATAN;530223;Kok Baun
53;NUSA TENGGARA TIMUR;5302;KAB. TIMOR TENGAH SELATAN;530219;Kolbano
53;NUSA TENGGARA TIMUR;5302;KAB. TIMOR TENGAH SELATAN;530220;Kot olin
53;NUSA TENGGARA TIMUR;5302;KAB. TIMOR TENGAH SELATAN;530201;Kota Soe
53;NUSA TENGGARA TIMUR;5302;KAB. TIMOR TENGAH SELATAN;530221;Kualin
53;NUSA TENGGARA TIMUR;5302;KAB. TIMOR TENGAH SELATAN;530211;Kuanfatu
53;NUSA TENGGARA TIMUR;5302;KAB. TIMOR TENGAH SELATAN;530227;Kuatnana
53;NUSA TENGGARA TIMUR;5302;KAB. TIMOR TENGAH SELATAN;530222;Mollo Barat
53;NUSA TENGGARA TIMUR;5302;KAB. TIMOR TENGAH SELATAN;530202;Mollo Selatan
53;NUSA TENGGARA TIMUR;5302;KAB. TIMOR TENGAH SELATAN;530230;Mollo Tengah
53;NUSA TENGGARA TIMUR;5302;KAB. TIMOR TENGAH SELATAN;530203;Mollo Utara
53;NUSA TENGGARA TIMUR;5302;KAB. TIMOR TENGAH SELATAN;530224;Noebana
53;NUSA TENGGARA TIMUR;5302;KAB. TIMOR TENGAH SELATAN;530226;Noebeba
53;NUSA TENGGARA TIMUR;5302;KAB. TIMOR TENGAH SELATAN;530232;Nunbena
53;NUSA TENGGARA TIMUR;5302;KAB. TIMOR TENGAH SELATAN;530217;Nunkolo
53;NUSA TENGGARA TIMUR;5302;KAB. TIMOR TENGAH SELATAN;530218;Oenino
53;NUSA TENGGARA TIMUR;5302;KAB. TIMOR TENGAH SELATAN;530213;Polen
53;NUSA TENGGARA TIMUR;5302;KAB. TIMOR TENGAH SELATAN;530225;Santian
53;NUSA TENGGARA TIMUR;5302;KAB. TIMOR TENGAH SELATAN;530231;Tobu
53;NUSA TENGGARA TIMUR;5302;KAB. TIMOR TENGAH SELATAN;530216;Toianas
53;NUSA TENGGARA TIMUR;5303;KAB. TIMOR TENGAH UTARA;530307;Biboki Anleu
53;NUSA TENGGARA TIMUR;5303;KAB. TIMOR TENGAH UTARA;530324;Biboki Feotleu
53;NUSA TENGGARA TIMUR;5303;KAB. TIMOR TENGAH UTARA;530323;Biboki Moenleu
53;NUSA TENGGARA TIMUR;5303;KAB. TIMOR TENGAH UTARA;530303;Biboki Selatan
53;NUSA TENGGARA TIMUR;5303;KAB. TIMOR TENGAH UTARA;530322;Biboki Tan Pah
53;NUSA TENGGARA TIMUR;5303;KAB. TIMOR TENGAH UTARA;530306;Biboki Utara
53;NUSA TENGGARA TIMUR;5303;KAB. TIMOR TENGAH UTARA;530316;Bikomi Nilulat
53;NUSA TENGGARA TIMUR;5303;KAB. TIMOR TENGAH UTARA;530314;Bikomi Selatan
53;NUSA TENGGARA TIMUR;5303;KAB. TIMOR TENGAH UTARA;530315;Bikomi Tengah
53;NUSA TENGGARA TIMUR;5303;KAB. TIMOR TENGAH UTARA;530317;Bikomi Utara
53;NUSA TENGGARA TIMUR;5303;KAB. TIMOR TENGAH UTARA;530308;Insana
53;NUSA TENGGARA TIMUR;5303;KAB. TIMOR TENGAH UTARA;530320;Insana Barat
53;NUSA TENGGARA TIMUR;5303;KAB. TIMOR TENGAH UTARA;530319;Insana Fafinesu
53;NUSA TENGGARA TIMUR;5303;KAB. TIMOR TENGAH UTARA;530321;Insana Tengah
53;NUSA TENGGARA TIMUR;5303;KAB. TIMOR TENGAH UTARA;530309;Insana Utara
53;NUSA TENGGARA TIMUR;5303;KAB. TIMOR TENGAH UTARA;530305;Kota Kefamenanu
53;NUSA TENGGARA TIMUR;5303;KAB. TIMOR TENGAH UTARA;530311;Miomaffo Tengah
53;NUSA TENGGARA TIMUR;5303;KAB. TIMOR TENGAH UTARA;530302;Miomafo Barat
53;NUSA TENGGARA TIMUR;5303;KAB. TIMOR TENGAH UTARA;530301;Miomafo Timur
53;NUSA TENGGARA TIMUR;5303;KAB. TIMOR TENGAH UTARA;530312;Musi
53;NUSA TENGGARA TIMUR;5303;KAB. TIMOR TENGAH UTARA;530313;Mutis
53;NUSA TENGGARA TIMUR;5303;KAB. TIMOR TENGAH UTARA;530318;Naibenu
53;NUSA TENGGARA TIMUR;5303;KAB. TIMOR TENGAH UTARA;530304;Noemuti
53;NUSA TENGGARA TIMUR;5303;KAB. TIMOR TENGAH UTARA;530310;Noemuti Timur
53;NUSA TENGGARA TIMUR;5371;KOTA KUPANG;537101;Alak
53;NUSA TENGGARA TIMUR;5371;KOTA KUPANG;537103;Kelapa Lima
53;NUSA TENGGARA TIMUR;5371;KOTA KUPANG;537106;Kota Lama
53;NUSA TENGGARA TIMUR;5371;KOTA KUPANG;537105;Kota Raja
53;NUSA TENGGARA TIMUR;5371;KOTA KUPANG;537102;Maulafa
53;NUSA TENGGARA TIMUR;5371;KOTA KUPANG;537104;Oebobo
33;JAWA TENGAH;3304;KAB. BANJARNEGARA;330409;Banjarmangu
33;JAWA TENGAH;3304;KAB. BANJARNEGARA;330406;Banjarnegara
33;JAWA TENGAH;3304;KAB. BANJARNEGARA;330416;Batur
33;JAWA TENGAH;3304;KAB. BANJARNEGARA;330405;Bawang
33;JAWA TENGAH;3304;KAB. BANJARNEGARA;330418;Kalibening
33;JAWA TENGAH;3304;KAB. BANJARNEGARA;330413;Karangkobar
33;JAWA TENGAH;3304;KAB. BANJARNEGARA;330408;Madukara
33;JAWA TENGAH;3304;KAB. BANJARNEGARA;330403;Mandiraja
33;JAWA TENGAH;3304;KAB. BANJARNEGARA;330420;Pagedongan
33;JAWA TENGAH;3304;KAB. BANJARNEGARA;330414;Pagentan
33;JAWA TENGAH;3304;KAB. BANJARNEGARA;330419;Pandanarum
33;JAWA TENGAH;3304;KAB. BANJARNEGARA;330415;Pejawaran
33;JAWA TENGAH;3304;KAB. BANJARNEGARA;330412;Punggelan
33;JAWA TENGAH;3304;KAB. BANJARNEGARA;330404;Purwanegara
33;JAWA TENGAH;3304;KAB. BANJARNEGARA;330402;Purworeja Klampok
33;JAWA TENGAH;3304;KAB. BANJARNEGARA;330411;Rakit
33;JAWA TENGAH;3304;KAB. BANJARNEGARA;330407;Sigaluh
33;JAWA TENGAH;3304;KAB. BANJARNEGARA;330401;Susukan
33;JAWA TENGAH;3304;KAB. BANJARNEGARA;330410;Wanadadi
33;JAWA TENGAH;3304;KAB. BANJARNEGARA;330417;Wanayasa
33;JAWA TENGAH;3302;KAB. BANYUMAS;330214;Ajibarang
33;JAWA TENGAH;3302;KAB. BANYUMAS;330211;Banyumas
33;JAWA TENGAH;3302;KAB. BANYUMAS;330222;Baturraden
33;JAWA TENGAH;3302;KAB. BANYUMAS;330217;Cilongok
33;JAWA TENGAH;3302;KAB. BANYUMAS;330215;Gumelar
33;JAWA TENGAH;3302;KAB. BANYUMAS;330203;Jatilawang
33;JAWA TENGAH;3302;KAB. BANYUMAS;330210;Kalibagor
33;JAWA TENGAH;3302;KAB. BANYUMAS;330218;Karanglewas
33;JAWA TENGAH;3302;KAB. BANYUMAS;330205;Kebasen
33;JAWA TENGAH;3302;KAB. BANYUMAS;330223;Kedungbanteng
33;JAWA TENGAH;3302;KAB. BANYUMAS;330220;Kembaran
33;JAWA TENGAH;3302;KAB. BANYUMAS;330206;Kemranjen
33;JAWA TENGAH;3302;KAB. BANYUMAS;330201;Lumbir
33;JAWA TENGAH;3302;KAB. BANYUMAS;330212;Patikraja
33;JAWA TENGAH;3302;KAB. BANYUMAS;330216;Pekuncen
33;JAWA TENGAH;3302;KAB. BANYUMAS;330213;Purwojati
33;JAWA TENGAH;3302;KAB. BANYUMAS;330225;Purwokerto Barat
33;JAWA TENGAH;3302;KAB. BANYUMAS;330224;Purwokerto Selatan
33;JAWA TENGAH;3302;KAB. BANYUMAS;330226;Purwokerto Timur
33;JAWA TENGAH;3302;KAB. BANYUMAS;330227;Purwokerto Utara
33;JAWA TENGAH;3302;KAB. BANYUMAS;330204;Rawalo
33;JAWA TENGAH;3302;KAB. BANYUMAS;330219;Sokaraja
33;JAWA TENGAH;3302;KAB. BANYUMAS;330209;Somagede
33;JAWA TENGAH;3302;KAB. BANYUMAS;330221;Sumbang
33;JAWA TENGAH;3302;KAB. BANYUMAS;330207;Sumpiuh
33;JAWA TENGAH;3302;KAB. BANYUMAS;330208;Tambak
33;JAWA TENGAH;3302;KAB. BANYUMAS;330202;Wangon
33;JAWA TENGAH;3325;KAB. BATANG;332502;Bandar
33;JAWA TENGAH;3325;KAB. BATANG;332515;Banyuputih
33;JAWA TENGAH;3325;KAB. BATANG;332511;Batang
33;JAWA TENGAH;3325;KAB. BATANG;332505;Bawang
33;JAWA TENGAH;3325;KAB. BATANG;332503;Blado
33;JAWA TENGAH;3325;KAB. BATANG;332507;Gringsing
33;JAWA TENGAH;3325;KAB. BATANG;332513;Kandeman
33;JAWA TENGAH;3325;KAB. BATANG;332508;Limpung
33;JAWA TENGAH;3325;KAB. BATANG;332514;Pecalungan
33;JAWA TENGAH;3325;KAB. BATANG;332504;Reban
33;JAWA TENGAH;3325;KAB. BATANG;332509;Subah
33;JAWA TENGAH;3325;KAB. BATANG;332506;Tersono
33;JAWA TENGAH;3325;KAB. BATANG;332510;Tulis
33;JAWA TENGAH;3325;KAB. BATANG;332512;Warungasem
33;JAWA TENGAH;3325;KAB. BATANG;332501;Wonotunggal
33;JAWA TENGAH;3316;KAB. BLORA;331611;Banjarejo
33;JAWA TENGAH;3316;KAB. BLORA;331609;Blora
33;JAWA TENGAH;3316;KAB. BLORA;331615;Bogorejo
33;JAWA TENGAH;3316;KAB. BLORA;331605;Cepu
33;JAWA TENGAH;3316;KAB. BLORA;331616;Japah
33;JAWA TENGAH;3316;KAB. BLORA;331601;Jati
33;JAWA TENGAH;3316;KAB. BLORA;331608;Jepon
33;JAWA TENGAH;3316;KAB. BLORA;331607;Jiken
33;JAWA TENGAH;3316;KAB. BLORA;331604;Kedungtuban
33;JAWA TENGAH;3316;KAB. BLORA;331603;Kradenan
33;JAWA TENGAH;3316;KAB. BLORA;331613;Kunduran
33;JAWA TENGAH;3316;KAB. BLORA;331612;Ngawen
33;JAWA TENGAH;3316;KAB. BLORA;331602;Randublatung
33;JAWA TENGAH;3316;KAB. BLORA;331606;Sambong
33;JAWA TENGAH;3316;KAB. BLORA;331614;Todanan
33;JAWA TENGAH;3316;KAB. BLORA;331610;Tunjungan
33;JAWA TENGAH;3309;KAB. BOYOLALI;330902;Ampel
33;JAWA TENGAH;3309;KAB. BOYOLALI;330916;Andong
33;JAWA TENGAH;3309;KAB. BOYOLALI;330909;Banyudono
33;JAWA TENGAH;3309;KAB. BOYOLALI;330905;Boyolali
33;JAWA TENGAH;3309;KAB. BOYOLALI;330903;Cepogo
33;JAWA TENGAH;3309;KAB. BOYOLALI;330920;Gladagsari
33;JAWA TENGAH;3309;KAB. BOYOLALI;330919;Juwangi
33;JAWA TENGAH;3309;KAB. BOYOLALI;330914;Karanggede
33;JAWA TENGAH;3309;KAB. BOYOLALI;330917;Kemusu
33;JAWA TENGAH;3309;KAB. BOYOLALI;330915;Klego
33;JAWA TENGAH;3309;KAB. BOYOLALI;330906;Mojosongo
33;JAWA TENGAH;3309;KAB. BOYOLALI;330904;Musuk
33;JAWA TENGAH;3309;KAB. BOYOLALI;330911;Ngemplak
33;JAWA TENGAH;3309;KAB. BOYOLALI;330912;Nogosari
33;JAWA TENGAH;3309;KAB. BOYOLALI;330910;Sambi
33;JAWA TENGAH;3309;KAB. BOYOLALI;330908;Sawit
33;JAWA TENGAH;3309;KAB. BOYOLALI;330901;Selo
33;JAWA TENGAH;3309;KAB. BOYOLALI;330913;Simo
33;JAWA TENGAH;3309;KAB. BOYOLALI;330921;Tamansari
33;JAWA TENGAH;3309;KAB. BOYOLALI;330907;Teras
33;JAWA TENGAH;3309;KAB. BOYOLALI;330922;Wonosamodro
33;JAWA TENGAH;3309;KAB. BOYOLALI;330918;Wonosegoro
33;JAWA TENGAH;3329;KAB. BREBES;332917;Banjarharjo
33;JAWA TENGAH;3329;KAB. BREBES;332902;Bantarkawung
33;JAWA TENGAH;3329;KAB. BREBES;332909;Brebes
33;JAWA TENGAH;3329;KAB. BREBES;332914;Bulakamba
33;JAWA TENGAH;3329;KAB. BREBES;332903;Bumiayu
33;JAWA TENGAH;3329;KAB. BREBES;332907;Jatibarang
33;JAWA TENGAH;3329;KAB. BREBES;332911;Kersana
33;JAWA TENGAH;3329;KAB. BREBES;332916;Ketanggungan
33;JAWA TENGAH;3329;KAB. BREBES;332915;Larangan
33;JAWA TENGAH;3329;KAB. BREBES;332912;Losari
33;JAWA TENGAH;3329;KAB. BREBES;332904;Paguyangan
33;JAWA TENGAH;3329;KAB. BREBES;332901;Salem
33;JAWA TENGAH;3329;KAB. BREBES;332905;Sirampog
33;JAWA TENGAH;3329;KAB. BREBES;332910;Songgom
33;JAWA TENGAH;3329;KAB. BREBES;332913;Tanjung
33;JAWA TENGAH;3329;KAB. BREBES;332906;Tonjong
33;JAWA TENGAH;3329;KAB. BREBES;332908;Wanasari
33;JAWA TENGAH;3301;KAB. CILACAP;330103;Adipala
33;JAWA TENGAH;3301;KAB. CILACAP;330120;Bantarsari
33;JAWA TENGAH;3301;KAB. CILACAP;330104;Binangun
33;JAWA TENGAH;3301;KAB. CILACAP;330121;Cilacap Selatan
33;JAWA TENGAH;3301;KAB. CILACAP;330122;Cilacap Tengah
33;JAWA TENGAH;3301;KAB. CILACAP;330123;Cilacap Utara
33;JAWA TENGAH;3301;KAB. CILACAP;330113;Cimanggu
33;JAWA TENGAH;3301;KAB. CILACAP;330118;Cipari
33;JAWA TENGAH;3301;KAB. CILACAP;330116;Dayeuhluhur
33;JAWA TENGAH;3301;KAB. CILACAP;330110;Gandrungmangu
33;JAWA TENGAH;3301;KAB. CILACAP;330108;Jeruklegi
33;JAWA TENGAH;3301;KAB. CILACAP;330124;Kampung Laut
33;JAWA TENGAH;3301;KAB. CILACAP;330112;Karangpucung
33;JAWA TENGAH;3301;KAB. CILACAP;330109;Kawunganten
33;JAWA TENGAH;3301;KAB. CILACAP;330101;Kedungreja
33;JAWA TENGAH;3301;KAB. CILACAP;330102;Kesugihan
33;JAWA TENGAH;3301;KAB. CILACAP;330106;Kroya
33;JAWA TENGAH;3301;KAB. CILACAP;330114;Majenang
33;JAWA TENGAH;3301;KAB. CILACAP;330107;Maos
33;JAWA TENGAH;3301;KAB. CILACAP;330105;Nusawungu
33;JAWA TENGAH;3301;KAB. CILACAP;330119;Patimuan
33;JAWA TENGAH;3301;KAB. CILACAP;330117;Sampang
33;JAWA TENGAH;3301;KAB. CILACAP;330111;Sidareja
33;JAWA TENGAH;3301;KAB. CILACAP;330115;Wanareja
33;JAWA TENGAH;3321;KAB. DEMAK;332112;Bonang
33;JAWA TENGAH;3321;KAB. DEMAK;332111;Demak
33;JAWA TENGAH;3321;KAB. DEMAK;332107;Dempet
33;JAWA TENGAH;3321;KAB. DEMAK;332108;Gajah
33;JAWA TENGAH;3321;KAB. DEMAK;332103;Guntur
33;JAWA TENGAH;3321;KAB. DEMAK;332109;Karanganyar
33;JAWA TENGAH;3321;KAB. DEMAK;332102;Karangawen
33;JAWA TENGAH;3321;KAB. DEMAK;332105;Karangtengah
33;JAWA TENGAH;3321;KAB. DEMAK;332114;Kebonagung
33;JAWA TENGAH;3321;KAB. DEMAK;332110;Mijen
33;JAWA TENGAH;3321;KAB. DEMAK;332101;Mranggen
33;JAWA TENGAH;3321;KAB. DEMAK;332104;Sayung
33;JAWA TENGAH;3321;KAB. DEMAK;332113;Wedung
33;JAWA TENGAH;3321;KAB. DEMAK;332106;Wonosalam
33;JAWA TENGAH;3315;KAB. GROBOGAN;331514;Brati
33;JAWA TENGAH;3315;KAB. GROBOGAN;331508;Gabus
33;JAWA TENGAH;3315;KAB. GROBOGAN;331505;Geyer
33;JAWA TENGAH;3315;KAB. GROBOGAN;331516;Godong
33;JAWA TENGAH;3315;KAB. GROBOGAN;331512;Grobogan
33;JAWA TENGAH;3315;KAB. GROBOGAN;331517;Gubug
33;JAWA TENGAH;3315;KAB. GROBOGAN;331502;Karangrayung
33;JAWA TENGAH;3315;KAB. GROBOGAN;331501;Kedungjati
33;JAWA TENGAH;3315;KAB. GROBOGAN;331515;Klambu
33;JAWA TENGAH;3315;KAB. GROBOGAN;331507;Kradenan
33;JAWA TENGAH;3315;KAB. GROBOGAN;331509;Ngaringan
33;JAWA TENGAH;3315;KAB. GROBOGAN;331503;Penawangan
33;JAWA TENGAH;3315;KAB. GROBOGAN;331506;Pulokulon
33;JAWA TENGAH;3315;KAB. GROBOGAN;331513;Purwodadi
33;JAWA TENGAH;3315;KAB. GROBOGAN;331519;Tanggungharjo
33;JAWA TENGAH;3315;KAB. GROBOGAN;331511;Tawangharjo
33;JAWA TENGAH;3315;KAB. GROBOGAN;331518;Tegowanu
33;JAWA TENGAH;3315;KAB. GROBOGAN;331504;Toroh
33;JAWA TENGAH;3315;KAB. GROBOGAN;331510;Wirosari
33;JAWA TENGAH;3320;KAB. JEPARA;332008;Bangsri
33;JAWA TENGAH;3320;KAB. JEPARA;332005;Batealit
33;JAWA TENGAH;3320;KAB. JEPARA;332016;Donorojo
33;JAWA TENGAH;3320;KAB. JEPARA;332006;Jepara
33;JAWA TENGAH;3320;KAB. JEPARA;332013;Kalinyamatan
33;JAWA TENGAH;3320;KAB. JEPARA;332010;Karimun Jawa
33;JAWA TENGAH;3320;KAB. JEPARA;332001;Kedung
33;JAWA TENGAH;3320;KAB. JEPARA;332009;Keling
33;JAWA TENGAH;3320;KAB. JEPARA;332014;Kembang
33;JAWA TENGAH;3320;KAB. JEPARA;332004;Mayong
33;JAWA TENGAH;3320;KAB. JEPARA;332007;Mlonggo
33;JAWA TENGAH;3320;KAB. JEPARA;332012;Nalumsari
33;JAWA TENGAH;3320;KAB. JEPARA;332015;Pakis Aji
33;JAWA TENGAH;3320;KAB. JEPARA;332002;Pecangaan
33;JAWA TENGAH;3320;KAB. JEPARA;332011;Tahunan
33;JAWA TENGAH;3320;KAB. JEPARA;332003;Welahan
33;JAWA TENGAH;3313;KAB. KARANGANYAR;331312;Colomadu
33;JAWA TENGAH;3313;KAB. KARANGANYAR;331313;Gondangrejo
33;JAWA TENGAH;3313;KAB. KARANGANYAR;331311;Jaten
33;JAWA TENGAH;3313;KAB. KARANGANYAR;331301;Jatipuro
33;JAWA TENGAH;3313;KAB. KARANGANYAR;331302;Jatiyoso
33;JAWA TENGAH;3313;KAB. KARANGANYAR;331317;Jenawi
33;JAWA TENGAH;3313;KAB. KARANGANYAR;331304;Jumantono
33;JAWA TENGAH;3313;KAB. KARANGANYAR;331303;Jumapolo
33;JAWA TENGAH;3313;KAB. KARANGANYAR;331309;Karanganyar
33;JAWA TENGAH;3313;KAB. KARANGANYAR;331308;Karangpandan
33;JAWA TENGAH;3313;KAB. KARANGANYAR;331314;Kebakkramat
33;JAWA TENGAH;3313;KAB. KARANGANYAR;331316;Kerjo
33;JAWA TENGAH;3313;KAB. KARANGANYAR;331305;Matesih
33;JAWA TENGAH;3313;KAB. KARANGANYAR;331315;Mojogedang
33;JAWA TENGAH;3313;KAB. KARANGANYAR;331307;Ngargoyoso
33;JAWA TENGAH;3313;KAB. KARANGANYAR;331310;Tasikmadu
33;JAWA TENGAH;3313;KAB. KARANGANYAR;331306;Tawangmangu
33;JAWA TENGAH;3305;KAB. KEBUMEN;330515;Adimulyo
33;JAWA TENGAH;3305;KAB. KEBUMEN;330511;Alian
33;JAWA TENGAH;3305;KAB. KEBUMEN;330507;Ambal
33;JAWA TENGAH;3305;KAB. KEBUMEN;330501;Ayah
33;JAWA TENGAH;3305;KAB. KEBUMEN;330523;Bonorowo
33;JAWA TENGAH;3305;KAB. KEBUMEN;330502;Buayan
33;JAWA TENGAH;3305;KAB. KEBUMEN;330506;Buluspesantren
33;JAWA TENGAH;3305;KAB. KEBUMEN;330519;Gombong
33;JAWA TENGAH;3305;KAB. KEBUMEN;330520;Karanganyar
33;JAWA TENGAH;3305;KAB. KEBUMEN;330521;Karanggayam
33;JAWA TENGAH;3305;KAB. KEBUMEN;330526;Karangsambung
33;JAWA TENGAH;3305;KAB. KEBUMEN;330512;Kebumen
33;JAWA TENGAH;3305;KAB. KEBUMEN;330505;Klirong
33;JAWA TENGAH;3305;KAB. KEBUMEN;330510;Kutowinangun
33;JAWA TENGAH;3305;KAB. KEBUMEN;330516;Kuwarasan
33;JAWA TENGAH;3305;KAB. KEBUMEN;330508;Mirit
33;JAWA TENGAH;3305;KAB. KEBUMEN;330524;Padureso
33;JAWA TENGAH;3305;KAB. KEBUMEN;330513;Pejagoan
33;JAWA TENGAH;3305;KAB. KEBUMEN;330504;Petanahan
33;JAWA TENGAH;3305;KAB. KEBUMEN;330525;Poncowarno
33;JAWA TENGAH;3305;KAB. KEBUMEN;330509;Prembun
33;JAWA TENGAH;3305;KAB. KEBUMEN;330503;Puring
33;JAWA TENGAH;3305;KAB. KEBUMEN;330517;Rowokele
33;JAWA TENGAH;3305;KAB. KEBUMEN;330522;Sadang
33;JAWA TENGAH;3305;KAB. KEBUMEN;330518;Sempor
33;JAWA TENGAH;3305;KAB. KEBUMEN;330514;Sruweng
33;JAWA TENGAH;3324;KAB. KENDAL;332407;Boja
33;JAWA TENGAH;3324;KAB. KENDAL;332409;Brangsong
33;JAWA TENGAH;3324;KAB. KENDAL;332413;Cepiring
33;JAWA TENGAH;3324;KAB. KENDAL;332411;Gemuh
33;JAWA TENGAH;3324;KAB. KENDAL;332408;Kaliwungu
33;JAWA TENGAH;3324;KAB. KENDAL;332420;Kaliwungu Selatan
33;JAWA TENGAH;3324;KAB. KENDAL;332417;Kangkung
33;JAWA TENGAH;3324;KAB. KENDAL;332415;Kendal
33;JAWA TENGAH;3324;KAB. KENDAL;332406;Limbangan
33;JAWA TENGAH;3324;KAB. KENDAL;332419;Ngampel
33;JAWA TENGAH;3324;KAB. KENDAL;332402;Pageruyung
33;JAWA TENGAH;3324;KAB. KENDAL;332404;Patean
33;JAWA TENGAH;3324;KAB. KENDAL;332414;Patebon
33;JAWA TENGAH;3324;KAB. KENDAL;332410;Pegandon
33;JAWA TENGAH;3324;KAB. KENDAL;332401;Plantungan
33;JAWA TENGAH;3324;KAB. KENDAL;332418;Ringinarum
33;JAWA TENGAH;3324;KAB. KENDAL;332416;Rowosari
33;JAWA TENGAH;3324;KAB. KENDAL;332405;Singorojo
33;JAWA TENGAH;3324;KAB. KENDAL;332403;Sukorejo
33;JAWA TENGAH;3324;KAB. KENDAL;332412;Weleri
33;JAWA TENGAH;3310;KAB. KLATEN;331004;Bayat
33;JAWA TENGAH;3310;KAB. KLATEN;331005;Cawas
33;JAWA TENGAH;3310;KAB. KLATEN;331011;Ceper
33;JAWA TENGAH;3310;KAB. KLATEN;331016;Delanggu
33;JAWA TENGAH;3310;KAB. KLATEN;331002;Gantiwarno
33;JAWA TENGAH;3310;KAB. KLATEN;331020;Jatinom
33;JAWA TENGAH;3310;KAB. KLATEN;331008;Jogonalan
33;JAWA TENGAH;3310;KAB. KLATEN;331014;Juwiring
33;JAWA TENGAH;3310;KAB. KLATEN;331023;Kalikotes
33;JAWA TENGAH;3310;KAB. KLATEN;331018;Karanganom
33;JAWA TENGAH;3310;KAB. KLATEN;331013;Karangdowo
33;JAWA TENGAH;3310;KAB. KLATEN;331010;Karangnongko
33;JAWA TENGAH;3310;KAB. KLATEN;331007;Kebonarum
33;JAWA TENGAH;3310;KAB. KLATEN;331021;Kemalang
33;JAWA TENGAH;3310;KAB. KLATEN;331026;Klaten Selatan
33;JAWA TENGAH;3310;KAB. KLATEN;331025;Klaten Tengah
33;JAWA TENGAH;3310;KAB. KLATEN;331024;Klaten Utara
33;JAWA TENGAH;3310;KAB. KLATEN;331009;Manisrenggo
33;JAWA TENGAH;3310;KAB. KLATEN;331022;Ngawen
33;JAWA TENGAH;3310;KAB. KLATEN;331012;Pedan
33;JAWA TENGAH;3310;KAB. KLATEN;331017;Polanharjo
33;JAWA TENGAH;3310;KAB. KLATEN;331001;Prambanan
33;JAWA TENGAH;3310;KAB. KLATEN;331006;Trucuk
33;JAWA TENGAH;3310;KAB. KLATEN;331019;Tulung
33;JAWA TENGAH;3310;KAB. KLATEN;331003;Wedi
33;JAWA TENGAH;3310;KAB. KLATEN;331015;Wonosari
33;JAWA TENGAH;3319;KAB. KUDUS;331907;Bae
33;JAWA TENGAH;3319;KAB. KUDUS;331909;Dawe
33;JAWA TENGAH;3319;KAB. KUDUS;331908;Gebog
33;JAWA TENGAH;3319;KAB. KUDUS;331903;Jati
33;JAWA TENGAH;3319;KAB. KUDUS;331906;Jekulo
33;JAWA TENGAH;3319;KAB. KUDUS;331901;Kaliwungu
33;JAWA TENGAH;3319;KAB. KUDUS;331902;Kota Kudus
33;JAWA TENGAH;3319;KAB. KUDUS;331905;Mejobo
33;JAWA TENGAH;3319;KAB. KUDUS;331904;Undaan
33;JAWA TENGAH;3308;KAB. MAGELANG;330814;Bandongan
33;JAWA TENGAH;3308;KAB. MAGELANG;330802;Borobudur
33;JAWA TENGAH;3308;KAB. MAGELANG;330815;Candimulyo
33;JAWA TENGAH;3308;KAB. MAGELANG;330806;Dukun
33;JAWA TENGAH;3308;KAB. MAGELANG;330818;Grabag
33;JAWA TENGAH;3308;KAB. MAGELANG;330812;Kajoran
33;JAWA TENGAH;3308;KAB. MAGELANG;330813;Kaliangkrik
33;JAWA TENGAH;3308;KAB. MAGELANG;330810;Mertoyudan
33;JAWA TENGAH;3308;KAB. MAGELANG;330809;Mungkid
33;JAWA TENGAH;3308;KAB. MAGELANG;330808;Muntilan
33;JAWA TENGAH;3308;KAB. MAGELANG;330817;Ngablak
33;JAWA TENGAH;3308;KAB. MAGELANG;330803;Ngluwar
33;JAWA TENGAH;3308;KAB. MAGELANG;330816;Pakis
33;JAWA TENGAH;3308;KAB. MAGELANG;330804;Salam
33;JAWA TENGAH;3308;KAB. MAGELANG;330801;Salaman
33;JAWA TENGAH;3308;KAB. MAGELANG;330807;Sawangan
33;JAWA TENGAH;3308;KAB. MAGELANG;330820;Secang
33;JAWA TENGAH;3308;KAB. MAGELANG;330805;Srumbung
33;JAWA TENGAH;3308;KAB. MAGELANG;330819;Tegalrejo
33;JAWA TENGAH;3308;KAB. MAGELANG;330811;Tempuran
33;JAWA TENGAH;3308;KAB. MAGELANG;330821;Windusari
33;JAWA TENGAH;3318;KAB. PATI;331807;Batangan
33;JAWA TENGAH;3318;KAB. PATI;331818;Cluwak
33;JAWA TENGAH;3318;KAB. PATI;331820;Dukuhseti
33;JAWA TENGAH;3318;KAB. PATI;331811;Gabus
33;JAWA TENGAH;3318;KAB. PATI;331813;Gembong
33;JAWA TENGAH;3318;KAB. PATI;331817;Gunungwungkal
33;JAWA TENGAH;3318;KAB. PATI;331806;Jaken
33;JAWA TENGAH;3318;KAB. PATI;331809;Jakenan
33;JAWA TENGAH;3318;KAB. PATI;331808;Juwana
33;JAWA TENGAH;3318;KAB. PATI;331802;Kayen
33;JAWA TENGAH;3318;KAB. PATI;331812;Margorejo
33;JAWA TENGAH;3318;KAB. PATI;331816;Margoyoso
33;JAWA TENGAH;3318;KAB. PATI;331810;Pati
33;JAWA TENGAH;3318;KAB. PATI;331805;Pucakwangi
33;JAWA TENGAH;3318;KAB. PATI;331801;Sukolilo
33;JAWA TENGAH;3318;KAB. PATI;331803;Tambakromo
33;JAWA TENGAH;3318;KAB. PATI;331819;Tayu
33;JAWA TENGAH;3318;KAB. PATI;331814;Tlogowungu
33;JAWA TENGAH;3318;KAB. PATI;331821;Trangkil
33;JAWA TENGAH;3318;KAB. PATI;331815;Wedarijaksa
33;JAWA TENGAH;3318;KAB. PATI;331804;Winong
33;JAWA TENGAH;3326;KAB. PEKALONGAN;332611;Bojong
33;JAWA TENGAH;3326;KAB. PEKALONGAN;332614;Buaran
33;JAWA TENGAH;3326;KAB. PEKALONGAN;332606;Doro
33;JAWA TENGAH;3326;KAB. PEKALONGAN;332608;Kajen
33;JAWA TENGAH;3326;KAB. PEKALONGAN;332601;Kandangserang
33;JAWA TENGAH;3326;KAB. PEKALONGAN;332607;Karanganyar
33;JAWA TENGAH;3326;KAB. PEKALONGAN;332618;Karangdadap
33;JAWA TENGAH;3326;KAB. PEKALONGAN;332613;Kedungwuni
33;JAWA TENGAH;3326;KAB. PEKALONGAN;332609;Kesesi
33;JAWA TENGAH;3326;KAB. PEKALONGAN;332603;Lebakbarang
33;JAWA TENGAH;3326;KAB. PEKALONGAN;332602;Paninggaran
33;JAWA TENGAH;3326;KAB. PEKALONGAN;332604;Petungkriyono
33;JAWA TENGAH;3326;KAB. PEKALONGAN;332617;Siwalan
33;JAWA TENGAH;3326;KAB. PEKALONGAN;332610;Sragi
33;JAWA TENGAH;3326;KAB. PEKALONGAN;332605;Talun
33;JAWA TENGAH;3326;KAB. PEKALONGAN;332615;Tirto
33;JAWA TENGAH;3326;KAB. PEKALONGAN;332616;Wiradesa
33;JAWA TENGAH;3326;KAB. PEKALONGAN;332619;Wonokerto
33;JAWA TENGAH;3326;KAB. PEKALONGAN;332612;Wonopringgo
33;JAWA TENGAH;3327;KAB. PEMALANG;332711;Ampelgading
33;JAWA TENGAH;3327;KAB. PEMALANG;332706;Bantarbolang
33;JAWA TENGAH;3327;KAB. PEMALANG;332703;Belik
33;JAWA TENGAH;3327;KAB. PEMALANG;332705;Bodeh
33;JAWA TENGAH;3327;KAB. PEMALANG;332712;Comal
33;JAWA TENGAH;3327;KAB. PEMALANG;332701;Moga
33;JAWA TENGAH;3327;KAB. PEMALANG;332708;Pemalang
33;JAWA TENGAH;3327;KAB. PEMALANG;332710;Petarukan
33;JAWA TENGAH;3327;KAB. PEMALANG;332702;Pulosari
33;JAWA TENGAH;3327;KAB. PEMALANG;332707;Randudongkal
33;JAWA TENGAH;3327;KAB. PEMALANG;332709;Taman
33;JAWA TENGAH;3327;KAB. PEMALANG;332713;Ulujami
33;JAWA TENGAH;3327;KAB. PEMALANG;332714;Warungpring
33;JAWA TENGAH;3327;KAB. PEMALANG;332704;Watukumpul
33;JAWA TENGAH;3303;KAB. PURBALINGGA;330309;Bobotsari
33;JAWA TENGAH;3303;KAB. PURBALINGGA;330314;Bojongsari
33;JAWA TENGAH;3303;KAB. PURBALINGGA;330302;Bukateja
33;JAWA TENGAH;3303;KAB. PURBALINGGA;330304;Kaligondang
33;JAWA TENGAH;3303;KAB. PURBALINGGA;330306;Kalimanah
33;JAWA TENGAH;3303;KAB. PURBALINGGA;330311;Karanganyar
33;JAWA TENGAH;3303;KAB. PURBALINGGA;330317;Karangjambu
33;JAWA TENGAH;3303;KAB. PURBALINGGA;330312;Karangmoncol
33;JAWA TENGAH;3303;KAB. PURBALINGGA;330310;Karangreja
33;JAWA TENGAH;3303;KAB. PURBALINGGA;330303;Kejobong
33;JAWA TENGAH;3303;KAB. PURBALINGGA;330301;Kemangkon
33;JAWA TENGAH;3303;KAB. PURBALINGGA;330318;Kertanegara
33;JAWA TENGAH;3303;KAB. PURBALINGGA;330307;Kutasari
33;JAWA TENGAH;3303;KAB. PURBALINGGA;330308;Mrebet
33;JAWA TENGAH;3303;KAB. PURBALINGGA;330315;Padamara
33;JAWA TENGAH;3303;KAB. PURBALINGGA;330316;Pengadegan
33;JAWA TENGAH;3303;KAB. PURBALINGGA;330305;Purbalingga
33;JAWA TENGAH;3303;KAB. PURBALINGGA;330313;Rembang
33;JAWA TENGAH;3306;KAB. PURWOREJO;330604;Bagelen
33;JAWA TENGAH;3306;KAB. PURWOREJO;330607;Banyuurip
33;JAWA TENGAH;3306;KAB. PURWOREJO;330608;Bayan
33;JAWA TENGAH;3306;KAB. PURWOREJO;330616;Bener
33;JAWA TENGAH;3306;KAB. PURWOREJO;330613;Bruno
33;JAWA TENGAH;3306;KAB. PURWOREJO;330610;Butuh
33;JAWA TENGAH;3306;KAB. PURWOREJO;330614;Gebang
33;JAWA TENGAH;3306;KAB. PURWOREJO;330601;Grabag
33;JAWA TENGAH;3306;KAB. PURWOREJO;330605;Kaligesing
33;JAWA TENGAH;3306;KAB. PURWOREJO;330612;Kemiri
33;JAWA TENGAH;3306;KAB. PURWOREJO;330609;Kutoarjo
33;JAWA TENGAH;3306;KAB. PURWOREJO;330615;Loano
33;JAWA TENGAH;3306;KAB. PURWOREJO;330602;Ngombol
33;JAWA TENGAH;3306;KAB. PURWOREJO;330611;Pituruh
33;JAWA TENGAH;3306;KAB. PURWOREJO;330603;Purwodadi
33;JAWA TENGAH;3306;KAB. PURWOREJO;330606;Purworejo
33;JAWA TENGAH;3317;KAB. REMBANG;331702;Bulu
33;JAWA TENGAH;3317;KAB. REMBANG;331703;Gunem
33;JAWA TENGAH;3317;KAB. REMBANG;331709;Kaliori
33;JAWA TENGAH;3317;KAB. REMBANG;331712;Kragan
33;JAWA TENGAH;3317;KAB. REMBANG;331714;Lasem
33;JAWA TENGAH;3317;KAB. REMBANG;331707;Pamotan
33;JAWA TENGAH;3317;KAB. REMBANG;331711;Pancur
33;JAWA TENGAH;3317;KAB. REMBANG;331710;Rembang
33;JAWA TENGAH;3317;KAB. REMBANG;331704;Sale
33;JAWA TENGAH;3317;KAB. REMBANG;331705;Sarang
33;JAWA TENGAH;3317;KAB. REMBANG;331706;Sedan
33;JAWA TENGAH;3317;KAB. REMBANG;331713;Sluke
33;JAWA TENGAH;3317;KAB. REMBANG;331708;Sulang
33;JAWA TENGAH;3317;KAB. REMBANG;331701;Sumber
33;JAWA TENGAH;3322;KAB. SEMARANG;332210;Ambarawa
33;JAWA TENGAH;3322;KAB. SEMARANG;332216;Bancak
33;JAWA TENGAH;3322;KAB. SEMARANG;332220;Bandungan
33;JAWA TENGAH;3322;KAB. SEMARANG;332207;Banyubiru
33;JAWA TENGAH;3322;KAB. SEMARANG;332211;Bawen
33;JAWA TENGAH;3322;KAB. SEMARANG;332213;Bergas
33;JAWA TENGAH;3322;KAB. SEMARANG;332212;Bringin
33;JAWA TENGAH;3322;KAB. SEMARANG;332201;Getasan
33;JAWA TENGAH;3322;KAB. SEMARANG;332208;Jambu
33;JAWA TENGAH;3322;KAB. SEMARANG;332217;Kaliwungu
33;JAWA TENGAH;3322;KAB. SEMARANG;332205;Pabelan
33;JAWA TENGAH;3322;KAB. SEMARANG;332215;Pringapus
33;JAWA TENGAH;3322;KAB. SEMARANG;332209;Sumowono
33;JAWA TENGAH;3322;KAB. SEMARANG;332204;Suruh
33;JAWA TENGAH;3322;KAB. SEMARANG;332203;Susukan
33;JAWA TENGAH;3322;KAB. SEMARANG;332202;Tengaran
33;JAWA TENGAH;3322;KAB. SEMARANG;332206;Tuntang
33;JAWA TENGAH;3322;KAB. SEMARANG;332218;Ungaran Barat
33;JAWA TENGAH;3322;KAB. SEMARANG;332219;Ungaran Timur
33;JAWA TENGAH;3314;KAB. SRAGEN;331413;Gemolong
33;JAWA TENGAH;3314;KAB. SRAGEN;331418;Gesi
33;JAWA TENGAH;3314;KAB. SRAGEN;331406;Gondang
33;JAWA TENGAH;3314;KAB. SRAGEN;331420;Jenar
33;JAWA TENGAH;3314;KAB. SRAGEN;331401;Kalijambe
33;JAWA TENGAH;3314;KAB. SRAGEN;331409;Karangmalang
33;JAWA TENGAH;3314;KAB. SRAGEN;331404;Kedawung
33;JAWA TENGAH;3314;KAB. SRAGEN;331403;Masaran
33;JAWA TENGAH;3314;KAB. SRAGEN;331414;Miri
33;JAWA TENGAH;3314;KAB. SRAGEN;331416;Mondokan
33;JAWA TENGAH;3314;KAB. SRAGEN;331408;Ngrampal
33;JAWA TENGAH;3314;KAB. SRAGEN;331402;Plupuh
33;JAWA TENGAH;3314;KAB. SRAGEN;331405;Sambirejo
33;JAWA TENGAH;3314;KAB. SRAGEN;331407;Sambungmacan
33;JAWA TENGAH;3314;KAB. SRAGEN;331411;Sidoharjo
33;JAWA TENGAH;3314;KAB. SRAGEN;331410;Sragen
33;JAWA TENGAH;3314;KAB. SRAGEN;331417;Sukodono
33;JAWA TENGAH;3314;KAB. SRAGEN;331415;Sumberlawang
33;JAWA TENGAH;3314;KAB. SRAGEN;331419;Tangen
33;JAWA TENGAH;3314;KAB. SRAGEN;331412;Tanon
33;JAWA TENGAH;3311;KAB. SUKOHARJO;331110;Baki
33;JAWA TENGAH;3311;KAB. SUKOHARJO;331106;Bendosari
33;JAWA TENGAH;3311;KAB. SUKOHARJO;331102;Bulu
33;JAWA TENGAH;3311;KAB. SUKOHARJO;331111;Gatak
33;JAWA TENGAH;3311;KAB. SUKOHARJO;331109;Grogol
33;JAWA TENGAH;3311;KAB. SUKOHARJO;331112;Kartasura
33;JAWA TENGAH;3311;KAB. SUKOHARJO;331108;Mojolaban
33;JAWA TENGAH;3311;KAB. SUKOHARJO;331105;Nguter
33;JAWA TENGAH;3311;KAB. SUKOHARJO;331107;Polokarto
33;JAWA TENGAH;3311;KAB. SUKOHARJO;331104;Sukoharjo
33;JAWA TENGAH;3311;KAB. SUKOHARJO;331103;Tawangsari
33;JAWA TENGAH;3311;KAB. SUKOHARJO;331101;Weru
33;JAWA TENGAH;3328;KAB. TEGAL;332811;Adiwerna
33;JAWA TENGAH;3328;KAB. TEGAL;332804;Balapulang
33;JAWA TENGAH;3328;KAB. TEGAL;332803;Bojong
33;JAWA TENGAH;3328;KAB. TEGAL;332802;Bumijawa
33;JAWA TENGAH;3328;KAB. TEGAL;332813;Dukuhturi
33;JAWA TENGAH;3328;KAB. TEGAL;332818;Dukuhwaru
33;JAWA TENGAH;3328;KAB. TEGAL;332807;Jatinegara
33;JAWA TENGAH;3328;KAB. TEGAL;332808;Kedungbanteng
33;JAWA TENGAH;3328;KAB. TEGAL;332815;Kramat
33;JAWA TENGAH;3328;KAB. TEGAL;332806;Lebaksiu
33;JAWA TENGAH;3328;KAB. TEGAL;332801;Margasari
33;JAWA TENGAH;3328;KAB. TEGAL;332805;Pagerbarang
33;JAWA TENGAH;3328;KAB. TEGAL;332809;Pangkah
33;JAWA TENGAH;3328;KAB. TEGAL;332810;Slawi
33;JAWA TENGAH;3328;KAB. TEGAL;332816;Suradadi
33;JAWA TENGAH;3328;KAB. TEGAL;332812;Talang
33;JAWA TENGAH;3328;KAB. TEGAL;332814;Tarub
33;JAWA TENGAH;3328;KAB. TEGAL;332817;Warureja
33;JAWA TENGAH;3323;KAB. TEMANGGUNG;332316;Bansari
33;JAWA TENGAH;3323;KAB. TEMANGGUNG;332318;Bejen
33;JAWA TENGAH;3323;KAB. TEMANGGUNG;332301;Bulu
33;JAWA TENGAH;3323;KAB. TEMANGGUNG;332312;Candiroto
33;JAWA TENGAH;3323;KAB. TEMANGGUNG;332320;Gemawang
33;JAWA TENGAH;3323;KAB. TEMANGGUNG;332310;Jumo
33;JAWA TENGAH;3323;KAB. TEMANGGUNG;332305;Kaloran
33;JAWA TENGAH;3323;KAB. TEMANGGUNG;332306;Kandangan
33;JAWA TENGAH;3323;KAB. TEMANGGUNG;332307;Kedu
33;JAWA TENGAH;3323;KAB. TEMANGGUNG;332317;Kledung
33;JAWA TENGAH;3323;KAB. TEMANGGUNG;332313;Kranggan
33;JAWA TENGAH;3323;KAB. TEMANGGUNG;332309;Ngadirejo
33;JAWA TENGAH;3323;KAB. TEMANGGUNG;332308;Parakan
33;JAWA TENGAH;3323;KAB. TEMANGGUNG;332304;Pringsurat
33;JAWA TENGAH;3323;KAB. TEMANGGUNG;332315;Selopampang
33;JAWA TENGAH;3323;KAB. TEMANGGUNG;332303;Temanggung
33;JAWA TENGAH;3323;KAB. TEMANGGUNG;332302;Tembarak
33;JAWA TENGAH;3323;KAB. TEMANGGUNG;332314;Tlogomulyo
33;JAWA TENGAH;3323;KAB. TEMANGGUNG;332311;Tretep
33;JAWA TENGAH;3323;KAB. TEMANGGUNG;332319;Wonoboyo
33;JAWA TENGAH;3312;KAB. WONOGIRI;331207;Baturetno
33;JAWA TENGAH;3312;KAB. WONOGIRI;331204;Batuwarno
33;JAWA TENGAH;3312;KAB. WONOGIRI;331218;Bulukerto
33;JAWA TENGAH;3312;KAB. WONOGIRI;331208;Eromoko
33;JAWA TENGAH;3312;KAB. WONOGIRI;331222;Girimarto
33;JAWA TENGAH;3312;KAB. WONOGIRI;331202;Giritontro
33;JAWA TENGAH;3312;KAB. WONOGIRI;331203;Giriwoyo
33;JAWA TENGAH;3312;KAB. WONOGIRI;331221;Jatipurno
33;JAWA TENGAH;3312;KAB. WONOGIRI;331215;Jatiroto
33;JAWA TENGAH;3312;KAB. WONOGIRI;331220;Jatisrono
33;JAWA TENGAH;3312;KAB. WONOGIRI;331223;Karangtengah
33;JAWA TENGAH;3312;KAB. WONOGIRI;331216;Kismantoro
33;JAWA TENGAH;3312;KAB. WONOGIRI;331210;Manyaran
33;JAWA TENGAH;3312;KAB. WONOGIRI;331213;Ngadirojo
33;JAWA TENGAH;3312;KAB. WONOGIRI;331206;Nguntoronadi
33;JAWA TENGAH;3312;KAB. WONOGIRI;331224;Paranggupito
33;JAWA TENGAH;3312;KAB. WONOGIRI;331201;Pracimantoro
33;JAWA TENGAH;3312;KAB. WONOGIRI;331225;Puhpelem
33;JAWA TENGAH;3312;KAB. WONOGIRI;331217;Purwantoro
33;JAWA TENGAH;3312;KAB. WONOGIRI;331211;Selogiri
33;JAWA TENGAH;3312;KAB. WONOGIRI;331214;Sidoharjo
33;JAWA TENGAH;3312;KAB. WONOGIRI;331219;Slogohimo
33;JAWA TENGAH;3312;KAB. WONOGIRI;331205;Tirtomoyo
33;JAWA TENGAH;3312;KAB. WONOGIRI;331212;Wonogiri
33;JAWA TENGAH;3312;KAB. WONOGIRI;331209;Wuryantoro
33;JAWA TENGAH;3307;KAB. WONOSOBO;330712;Garung
33;JAWA TENGAH;3307;KAB. WONOSOBO;330715;Kalibawang
33;JAWA TENGAH;3307;KAB. WONOSOBO;330707;Kalikajar
33;JAWA TENGAH;3307;KAB. WONOSOBO;330704;Kaliwiro
33;JAWA TENGAH;3307;KAB. WONOSOBO;330713;Kejajar
33;JAWA TENGAH;3307;KAB. WONOSOBO;330702;Kepil
33;JAWA TENGAH;3307;KAB. WONOSOBO;330708;Kertek
33;JAWA TENGAH;3307;KAB. WONOSOBO;330705;Leksono
33;JAWA TENGAH;3307;KAB. WONOSOBO;330711;Mojotengah
33;JAWA TENGAH;3307;KAB. WONOSOBO;330703;Sapuran
33;JAWA TENGAH;3307;KAB. WONOSOBO;330706;Selomerto
33;JAWA TENGAH;3307;KAB. WONOSOBO;330714;Sukoharjo
33;JAWA TENGAH;3307;KAB. WONOSOBO;330701;Wadaslintang
33;JAWA TENGAH;3307;KAB. WONOSOBO;330710;Watumalang
33;JAWA TENGAH;3307;KAB. WONOSOBO;330709;Wonosobo
33;JAWA TENGAH;3371;KOTA MAGELANG;337101;Magelang Selatan
33;JAWA TENGAH;3371;KOTA MAGELANG;337103;Magelang Tengah
33;JAWA TENGAH;3371;KOTA MAGELANG;337102;Magelang Utara
33;JAWA TENGAH;3375;KOTA PEKALONGAN;337501;Pekalongan Barat
33;JAWA TENGAH;3375;KOTA PEKALONGAN;337504;Pekalongan Selatan
33;JAWA TENGAH;3375;KOTA PEKALONGAN;337502;Pekalongan Timur
33;JAWA TENGAH;3375;KOTA PEKALONGAN;337503;Pekalongan Utara
33;JAWA TENGAH;3373;KOTA SALATIGA;337303;Argomulyo
33;JAWA TENGAH;3373;KOTA SALATIGA;337304;Sidomukti
33;JAWA TENGAH;3373;KOTA SALATIGA;337301;Sidorejo
33;JAWA TENGAH;3373;KOTA SALATIGA;337302;Tingkir
33;JAWA TENGAH;3374;KOTA SEMARANG;337411;Banyumanik
33;JAWA TENGAH;3374;KOTA SEMARANG;337408;Candisari
33;JAWA TENGAH;3374;KOTA SEMARANG;337409;Gajahmungkur
33;JAWA TENGAH;3374;KOTA SEMARANG;337404;Gayamsari
33;JAWA TENGAH;3374;KOTA SEMARANG;337405;Genuk
33;JAWA TENGAH;3374;KOTA SEMARANG;337412;Gunungpati
33;JAWA TENGAH;3374;KOTA SEMARANG;337414;Mijen
33;JAWA TENGAH;3374;KOTA SEMARANG;337415;Ngaliyan
33;JAWA TENGAH;3374;KOTA SEMARANG;337406;Pedurungan
33;JAWA TENGAH;3374;KOTA SEMARANG;337413;Semarang Barat
33;JAWA TENGAH;3374;KOTA SEMARANG;337407;Semarang Selatan
33;JAWA TENGAH;3374;KOTA SEMARANG;337401;Semarang Tengah
33;JAWA TENGAH;3374;KOTA SEMARANG;337403;Semarang Timur
33;JAWA TENGAH;3374;KOTA SEMARANG;337402;Semarang Utara
33;JAWA TENGAH;3374;KOTA SEMARANG;337410;Tembalang
33;JAWA TENGAH;3374;KOTA SEMARANG;337416;Tugu
33;JAWA TENGAH;3372;KOTA SURAKARTA;337205;Banjarsari
33;JAWA TENGAH;3372;KOTA SURAKARTA;337204;Jebres
33;JAWA TENGAH;3372;KOTA SURAKARTA;337201;Laweyan
33;JAWA TENGAH;3372;KOTA SURAKARTA;337203;Pasar Kliwon
33;JAWA TENGAH;3372;KOTA SURAKARTA;337202;Serengan
33;JAWA TENGAH;3376;KOTA TEGAL;337604;Margadana
33;JAWA TENGAH;3376;KOTA TEGAL;337601;Tegal Barat
33;JAWA TENGAH;3376;KOTA TEGAL;337603;Tegal Selatan
33;JAWA TENGAH;3376;KOTA TEGAL;337602;Tegal Timur
13;SUMATERA BARAT;1306;KAB. AGAM;130607;Ampek Angkek
13;SUMATERA BARAT;1306;KAB. AGAM;130613;Ampek Nagari
13;SUMATERA BARAT;1306;KAB. AGAM;130606;Banuhampu
13;SUMATERA BARAT;1306;KAB. AGAM;130608;Baso
13;SUMATERA BARAT;1306;KAB. AGAM;130614;Candung
13;SUMATERA BARAT;1306;KAB. AGAM;130605;IV Koto
13;SUMATERA BARAT;1306;KAB. AGAM;130615;Kamang Magek
13;SUMATERA BARAT;1306;KAB. AGAM;130602;Lubuk Basung
13;SUMATERA BARAT;1306;KAB. AGAM;130616;Malalak
13;SUMATERA BARAT;1306;KAB. AGAM;130604;Matur
13;SUMATERA BARAT;1306;KAB. AGAM;130610;Palupuh
13;SUMATERA BARAT;1306;KAB. AGAM;130611;Pelembayan
13;SUMATERA BARAT;1306;KAB. AGAM;130612;Sungai Pua
13;SUMATERA BARAT;1306;KAB. AGAM;130601;Tanjung Mutiara
13;SUMATERA BARAT;1306;KAB. AGAM;130603;Tanjung Raya
13;SUMATERA BARAT;1306;KAB. AGAM;130609;Tilatang Kamang
13;SUMATERA BARAT;1310;KAB. DHARMASRAYA;131010;Asam Jujuhan
13;SUMATERA BARAT;1310;KAB. DHARMASRAYA;131001;Koto Baru
13;SUMATERA BARAT;1310;KAB. DHARMASRAYA;131011;Koto Besar
13;SUMATERA BARAT;1310;KAB. DHARMASRAYA;131007;Koto Salak
13;SUMATERA BARAT;1310;KAB. DHARMASRAYA;131009;Padang Laweh
13;SUMATERA BARAT;1310;KAB. DHARMASRAYA;131002;Pulau Punjung
13;SUMATERA BARAT;1310;KAB. DHARMASRAYA;131005;Sembilan Koto
13;SUMATERA BARAT;1310;KAB. DHARMASRAYA;131004;Sitiung
13;SUMATERA BARAT;1310;KAB. DHARMASRAYA;131003;Sungai Rumbai
13;SUMATERA BARAT;1310;KAB. DHARMASRAYA;131006;Timpeh
13;SUMATERA BARAT;1310;KAB. DHARMASRAYA;131008;Tiumang
13;SUMATERA BARAT;1309;KAB. KEPULAUAN MENTAWAI;130910;Pagai Selatan
13;SUMATERA BARAT;1309;KAB. KEPULAUAN MENTAWAI;130901;Pagai Utara
13;SUMATERA BARAT;1309;KAB. KEPULAUAN MENTAWAI;130905;Siberut Barat
13;SUMATERA BARAT;1309;KAB. KEPULAUAN MENTAWAI;130906;Siberut Barat Daya
13;SUMATERA BARAT;1309;KAB. KEPULAUAN MENTAWAI;130903;Siberut Selatan
13;SUMATERA BARAT;1309;KAB. KEPULAUAN MENTAWAI;130907;Siberut Tengah
13;SUMATERA BARAT;1309;KAB. KEPULAUAN MENTAWAI;130904;Siberut Utara
13;SUMATERA BARAT;1309;KAB. KEPULAUAN MENTAWAI;130909;Sikakap
13;SUMATERA BARAT;1309;KAB. KEPULAUAN MENTAWAI;130902;Sipora Selatan
13;SUMATERA BARAT;1309;KAB. KEPULAUAN MENTAWAI;130908;Sipora Utara
13;SUMATERA BARAT;1307;KAB. LIMA PULUH KOTA;130713;Akabiluru
13;SUMATERA BARAT;1307;KAB. LIMA PULUH KOTA;130712;Bukik Barisan
13;SUMATERA BARAT;1307;KAB. LIMA PULUH KOTA;130702;Guguak
13;SUMATERA BARAT;1307;KAB. LIMA PULUH KOTA;130708;Gunuang Omeh
13;SUMATERA BARAT;1307;KAB. LIMA PULUH KOTA;130705;Harau
13;SUMATERA BARAT;1307;KAB. LIMA PULUH KOTA;130707;Kapur IX
13;SUMATERA BARAT;1307;KAB. LIMA PULUH KOTA;130709;Lareh Sago Halaban
13;SUMATERA BARAT;1307;KAB. LIMA PULUH KOTA;130704;Luak
13;SUMATERA BARAT;1307;KAB. LIMA PULUH KOTA;130711;Mungka
13;SUMATERA BARAT;1307;KAB. LIMA PULUH KOTA;130706;Pangkalan Koto Baru
13;SUMATERA BARAT;1307;KAB. LIMA PULUH KOTA;130703;Payakumbuh
13;SUMATERA BARAT;1307;KAB. LIMA PULUH KOTA;130710;Situjuah Limo Nagari
13;SUMATERA BARAT;1307;KAB. LIMA PULUH KOTA;130701;Suliki
13;SUMATERA BARAT;1305;KAB. PADANG PARIAMAN;130504;2 x 11 Enam Lingkuang
13;SUMATERA BARAT;1305;KAB. PADANG PARIAMAN;130515;2 x 11 Kayu Tanam
13;SUMATERA BARAT;1305;KAB. PADANG PARIAMAN;130502;Batang Anai
13;SUMATERA BARAT;1305;KAB. PADANG PARIAMAN;130513;Batang Gasan
13;SUMATERA BARAT;1305;KAB. PADANG PARIAMAN;130517;Enam Lingkung
13;SUMATERA BARAT;1305;KAB. PADANG PARIAMAN;130509;IV Koto Aur Malintang
13;SUMATERA BARAT;1305;KAB. PADANG PARIAMAN;130501;Lubuk Alung
13;SUMATERA BARAT;1305;KAB. PADANG PARIAMAN;130503;Nan Sabaris
13;SUMATERA BARAT;1305;KAB. PADANG PARIAMAN;130512;Padang Sago
13;SUMATERA BARAT;1305;KAB. PADANG PARIAMAN;130516;Patamuan
13;SUMATERA BARAT;1305;KAB. PADANG PARIAMAN;130511;Sintuak Toboh Gadang
13;SUMATERA BARAT;1305;KAB. PADANG PARIAMAN;130507;Sungai Garingging
13;SUMATERA BARAT;1305;KAB. PADANG PARIAMAN;130508;Sungai Limau
13;SUMATERA BARAT;1305;KAB. PADANG PARIAMAN;130510;Ulakan Tapakih
13;SUMATERA BARAT;1305;KAB. PADANG PARIAMAN;130506;V Koto Kampung Dalam
13;SUMATERA BARAT;1305;KAB. PADANG PARIAMAN;130514;V Koto Timur
13;SUMATERA BARAT;1305;KAB. PADANG PARIAMAN;130505;VII Koto Sungai Sarik
13;SUMATERA BARAT;1308;KAB. PASAMAN;130804;Bonjol
13;SUMATERA BARAT;1308;KAB. PASAMAN;130812;Duo Koto
13;SUMATERA BARAT;1308;KAB. PASAMAN;130805;Lubuk Sikaping
13;SUMATERA BARAT;1308;KAB. PASAMAN;130808;Mapat Tunggul
13;SUMATERA BARAT;1308;KAB. PASAMAN;130815;Mapat Tunggul Selatan
13;SUMATERA BARAT;1308;KAB. PASAMAN;130817;Padang Gelugur
13;SUMATERA BARAT;1308;KAB. PASAMAN;130807;Panti
13;SUMATERA BARAT;1308;KAB. PASAMAN;130814;Rao
13;SUMATERA BARAT;1308;KAB. PASAMAN;130819;Rao Selatan
13;SUMATERA BARAT;1308;KAB. PASAMAN;130818;Rao Utara
13;SUMATERA BARAT;1308;KAB. PASAMAN;130816;Simpang Alahan Mati
13;SUMATERA BARAT;1308;KAB. PASAMAN;130813;Tigo Nagari
13;SUMATERA BARAT;1312;KAB. PASAMAN BARAT;131206;Gunungtuleh
13;SUMATERA BARAT;1312;KAB. PASAMAN BARAT;131205;Kinali
13;SUMATERA BARAT;1312;KAB. PASAMAN BARAT;131208;Koto Balingka
13;SUMATERA BARAT;1312;KAB. PASAMAN BARAT;131202;Lembah Melintang
13;SUMATERA BARAT;1312;KAB. PASAMAN BARAT;131210;Luhak Nan Duo
13;SUMATERA BARAT;1312;KAB. PASAMAN BARAT;131203;Pasaman
13;SUMATERA BARAT;1312;KAB. PASAMAN BARAT;131207;Ranah Batahan
13;SUMATERA BARAT;1312;KAB. PASAMAN BARAT;131211;Sasak Ranah Pesisir
13;SUMATERA BARAT;1312;KAB. PASAMAN BARAT;131209;Sungaiaur
13;SUMATERA BARAT;1312;KAB. PASAMAN BARAT;131201;Sungaiberemas
13;SUMATERA BARAT;1312;KAB. PASAMAN BARAT;131204;Talamau
13;SUMATERA BARAT;1301;KAB. PESISIR SELATAN;130113;Airpura
13;SUMATERA BARAT;1301;KAB. PESISIR SELATAN;130111;Basa Ampek Balai Tapan
13;SUMATERA BARAT;1301;KAB. PESISIR SELATAN;130104;Batang Kapas
13;SUMATERA BARAT;1301;KAB. PESISIR SELATAN;130106;Bayang
13;SUMATERA BARAT;1301;KAB. PESISIR SELATAN;130105;IV Jurai
13;SUMATERA BARAT;1301;KAB. PESISIR SELATAN;130112;IV Nagari Bayang Utara
13;SUMATERA BARAT;1301;KAB. PESISIR SELATAN;130107;Koto XI Tarusan
13;SUMATERA BARAT;1301;KAB. PESISIR SELATAN;130103;Lengayang
13;SUMATERA BARAT;1301;KAB. PESISIR SELATAN;130109;Linggo Sari Baganti
13;SUMATERA BARAT;1301;KAB. PESISIR SELATAN;130110;Lunang
13;SUMATERA BARAT;1301;KAB. PESISIR SELATAN;130101;Pancung Soal
13;SUMATERA BARAT;1301;KAB. PESISIR SELATAN;130114;Ranah Ampek Hulu Tapan
13;SUMATERA BARAT;1301;KAB. PESISIR SELATAN;130102;Ranah Pesisir
13;SUMATERA BARAT;1301;KAB. PESISIR SELATAN;130115;Silaut
13;SUMATERA BARAT;1301;KAB. PESISIR SELATAN;130108;Sutera
13;SUMATERA BARAT;1303;KAB. SIJUNJUNG;130305;IV Nagari
13;SUMATERA BARAT;1303;KAB. SIJUNJUNG;130306;Kamang Baru
13;SUMATERA BARAT;1303;KAB. SIJUNJUNG;130308;Koto VII
13;SUMATERA BARAT;1303;KAB. SIJUNJUNG;130310;Kupitan
13;SUMATERA BARAT;1303;KAB. SIJUNJUNG;130307;Lubuak Tarok
13;SUMATERA BARAT;1303;KAB. SIJUNJUNG;130304;Sijunjung
13;SUMATERA BARAT;1303;KAB. SIJUNJUNG;130309;Sumpur Kudus
13;SUMATERA BARAT;1303;KAB. SIJUNJUNG;130303;Tanjung Gadang
13;SUMATERA BARAT;1302;KAB. SOLOK;130208;Bukit Sundi
13;SUMATERA BARAT;1302;KAB. SOLOK;130219;Danau Kembar
13;SUMATERA BARAT;1302;KAB. SOLOK;130207;Gunung Talang
13;SUMATERA BARAT;1302;KAB. SOLOK;130217;Hiliran Gumanti
13;SUMATERA BARAT;1302;KAB. SOLOK;130209;IX Koto Sungai Lasi
13;SUMATERA BARAT;1302;KAB. SOLOK;130213;Junjung Sirih
13;SUMATERA BARAT;1302;KAB. SOLOK;130210;Kubung
13;SUMATERA BARAT;1302;KAB. SOLOK;130204;Lembah Gumanti
13;SUMATERA BARAT;1302;KAB. SOLOK;130206;Lembang Jaya
13;SUMATERA BARAT;1302;KAB. SOLOK;130203;Pantai Cermin
13;SUMATERA BARAT;1302;KAB. SOLOK;130205;Payung Sekaki
13;SUMATERA BARAT;1302;KAB. SOLOK;130218;Tigo Lurah
13;SUMATERA BARAT;1302;KAB. SOLOK;130212;X Koto Diatas
13;SUMATERA BARAT;1302;KAB. SOLOK;130211;X Koto Singkarak
13;SUMATERA BARAT;1311;KAB. SOLOK SELATAN;131103;Koto Parik Gadang Diateh
13;SUMATERA BARAT;1311;KAB. SOLOK SELATAN;131106;Pauh Duo
13;SUMATERA BARAT;1311;KAB. SOLOK SELATAN;131101;Sangir
13;SUMATERA BARAT;1311;KAB. SOLOK SELATAN;131107;Sangir Balai Janggo
13;SUMATERA BARAT;1311;KAB. SOLOK SELATAN;131105;Sangir Batang Hari
13;SUMATERA BARAT;1311;KAB. SOLOK SELATAN;131104;Sangir Jujuan
13;SUMATERA BARAT;1311;KAB. SOLOK SELATAN;131102;Sungai Pagu
13;SUMATERA BARAT;1304;KAB. TANAH DATAR;130414;Batipuah Selatan
13;SUMATERA BARAT;1304;KAB. TANAH DATAR;130402;Batipuh
13;SUMATERA BARAT;1304;KAB. TANAH DATAR;130404;Lima Kaum
13;SUMATERA BARAT;1304;KAB. TANAH DATAR;130406;Lintau Buo
13;SUMATERA BARAT;1304;KAB. TANAH DATAR;130413;Lintau Buo Utara
13;SUMATERA BARAT;1304;KAB. TANAH DATAR;130411;Padang Ganting
13;SUMATERA BARAT;1304;KAB. TANAH DATAR;130409;Pariangan
13;SUMATERA BARAT;1304;KAB. TANAH DATAR;130403;Rambatan
13;SUMATERA BARAT;1304;KAB. TANAH DATAR;130410;Salimpaung
13;SUMATERA BARAT;1304;KAB. TANAH DATAR;130408;Sungai Tarab
13;SUMATERA BARAT;1304;KAB. TANAH DATAR;130407;Sungayang
13;SUMATERA BARAT;1304;KAB. TANAH DATAR;130412;Tanjuang Baru
13;SUMATERA BARAT;1304;KAB. TANAH DATAR;130405;Tanjung Emas
13;SUMATERA BARAT;1304;KAB. TANAH DATAR;130401;X Koto
13;SUMATERA BARAT;1375;KOTA BUKITTINGGI;137503;Aur Birugo Tigo Baleh
13;SUMATERA BARAT;1375;KOTA BUKITTINGGI;137501;Guguak Panjang
13;SUMATERA BARAT;1375;KOTA BUKITTINGGI;137502;Mandiangin K. Selayan
13;SUMATERA BARAT;1371;KOTA PADANG;137105;Bungus Teluk Kabung
13;SUMATERA BARAT;1371;KOTA PADANG;137111;Koto Tangah
13;SUMATERA BARAT;1371;KOTA PADANG;137109;Kuranji
13;SUMATERA BARAT;1371;KOTA PADANG;137106;Lubuk Begalung
13;SUMATERA BARAT;1371;KOTA PADANG;137107;Lubuk Kilangan
13;SUMATERA BARAT;1371;KOTA PADANG;137110;Nanggalo
13;SUMATERA BARAT;1371;KOTA PADANG;137103;Padang Barat
13;SUMATERA BARAT;1371;KOTA PADANG;137101;Padang Selatan
13;SUMATERA BARAT;1371;KOTA PADANG;137102;Padang Timur
13;SUMATERA BARAT;1371;KOTA PADANG;137104;Padang Utara
13;SUMATERA BARAT;1371;KOTA PADANG;137108;Pauh
13;SUMATERA BARAT;1374;KOTA PADANG PANJANG;137402;Padang Panjang Barat
13;SUMATERA BARAT;1374;KOTA PADANG PANJANG;137401;Padang Panjang Timur
13;SUMATERA BARAT;1377;KOTA PARIAMAN;137703;Pariaman Selatan
13;SUMATERA BARAT;1377;KOTA PARIAMAN;137701;Pariaman Tengah
13;SUMATERA BARAT;1377;KOTA PARIAMAN;137704;Pariaman Timur
13;SUMATERA BARAT;1377;KOTA PARIAMAN;137702;Pariaman Utara
13;SUMATERA BARAT;1376;KOTA PAYAKUMBUH;137604;Lamposi Tigo Nagori
13;SUMATERA BARAT;1376;KOTA PAYAKUMBUH;137601;Payakumbuh Barat
13;SUMATERA BARAT;1376;KOTA PAYAKUMBUH;137605;Payakumbuh Selatan
13;SUMATERA BARAT;1376;KOTA PAYAKUMBUH;137603;Payakumbuh Timur
13;SUMATERA BARAT;1376;KOTA PAYAKUMBUH;137602;Payakumbuh Utara
13;SUMATERA BARAT;1373;KOTA SAWAHLUNTO;137302;Barangin
13;SUMATERA BARAT;1373;KOTA SAWAHLUNTO;137301;Lembah Segar
13;SUMATERA BARAT;1373;KOTA SAWAHLUNTO;137303;Silungkang
13;SUMATERA BARAT;1373;KOTA SAWAHLUNTO;137304;Talawi
13;SUMATERA BARAT;1372;KOTA SOLOK;137201;Lubuk Sikarah
13;SUMATERA BARAT;1372;KOTA SOLOK;137202;Tanjung Harapan
12;SUMATERA UTARA;1209;KAB. ASAHAN;120918;Aek Kuasan
12;SUMATERA UTARA;1209;KAB. ASAHAN;120932;Aek Ledong
12;SUMATERA UTARA;1209;KAB. ASAHAN;120921;Aek Songsongan
12;SUMATERA UTARA;1209;KAB. ASAHAN;120913;Air Batu
12;SUMATERA UTARA;1209;KAB. ASAHAN;120909;Air Joman
12;SUMATERA UTARA;1209;KAB. ASAHAN;120917;Bandar Pasir Mandoge
12;SUMATERA UTARA;1209;KAB. ASAHAN;120915;Bandar Pulau
12;SUMATERA UTARA;1209;KAB. ASAHAN;120916;Buntu Pane
12;SUMATERA UTARA;1209;KAB. ASAHAN;120919;Kota Kisaran Barat
12;SUMATERA UTARA;1209;KAB. ASAHAN;120920;Kota Kisaran Timur
12;SUMATERA UTARA;1209;KAB. ASAHAN;120908;Meranti
12;SUMATERA UTARA;1209;KAB. ASAHAN;120914;Pulau Rakyat
12;SUMATERA UTARA;1209;KAB. ASAHAN;120930;Pulo Bandring
12;SUMATERA UTARA;1209;KAB. ASAHAN;120922;Rahunig
12;SUMATERA UTARA;1209;KAB. ASAHAN;120929;Rawang Panca Arga
12;SUMATERA UTARA;1209;KAB. ASAHAN;120923;Sei Dadap
12;SUMATERA UTARA;1209;KAB. ASAHAN;120911;Sei Kepayang
12;SUMATERA UTARA;1209;KAB. ASAHAN;120924;Sei Kepayang Barat
12;SUMATERA UTARA;1209;KAB. ASAHAN;120925;Sei Kepayang Timur
12;SUMATERA UTARA;1209;KAB. ASAHAN;120927;Setia Janji
12;SUMATERA UTARA;1209;KAB. ASAHAN;120928;Silau Laut
12;SUMATERA UTARA;1209;KAB. ASAHAN;120912;Simpang Empat
12;SUMATERA UTARA;1209;KAB. ASAHAN;120910;Tanjung Balai
12;SUMATERA UTARA;1209;KAB. ASAHAN;120931;Teluk Dalam
12;SUMATERA UTARA;1209;KAB. ASAHAN;120926;Tinggi Raja
12;SUMATERA UTARA;1219;KAB. BATU BARA;121903;Air Putih
12;SUMATERA UTARA;1219;KAB. BATU BARA;121910;Datuk Lima Puluh
12;SUMATERA UTARA;1219;KAB. BATU BARA;121911;Datuk Tanah Datar
12;SUMATERA UTARA;1219;KAB. BATU BARA;121908;Laut Tador
12;SUMATERA UTARA;1219;KAB. BATU BARA;121904;Lima Puluh
12;SUMATERA UTARA;1219;KAB. BATU BARA;121909;Lima Puluh Pesisir
12;SUMATERA UTARA;1219;KAB. BATU BARA;121901;Medang Deras
12;SUMATERA UTARA;1219;KAB. BATU BARA;121912;Nibung Hangus
12;SUMATERA UTARA;1219;KAB. BATU BARA;121907;Sei Balai
12;SUMATERA UTARA;1219;KAB. BATU BARA;121902;Sei Suka
12;SUMATERA UTARA;1219;KAB. BATU BARA;121905;Talawi
12;SUMATERA UTARA;1219;KAB. BATU BARA;121906;Tanjung Tiram
12;SUMATERA UTARA;1211;KAB. DAIRI;121113;Berampu
12;SUMATERA UTARA;1211;KAB. DAIRI;121112;Gunung Sitember
12;SUMATERA UTARA;1211;KAB. DAIRI;121111;Lae Parira
12;SUMATERA UTARA;1211;KAB. DAIRI;121110;Parbuluan
12;SUMATERA UTARA;1211;KAB. DAIRI;121109;Pegagan Hilir
12;SUMATERA UTARA;1211;KAB. DAIRI;121101;Sidikalang
12;SUMATERA UTARA;1211;KAB. DAIRI;121104;Siempat Nempu
12;SUMATERA UTARA;1211;KAB. DAIRI;121108;Siempat Nempu Hilir
12;SUMATERA UTARA;1211;KAB. DAIRI;121107;Siempat Nempu Hulu
12;SUMATERA UTARA;1211;KAB. DAIRI;121114;Silahisabungan
12;SUMATERA UTARA;1211;KAB. DAIRI;121105;Silima Pungga Pungga
12;SUMATERA UTARA;1211;KAB. DAIRI;121115;Sitinjo
12;SUMATERA UTARA;1211;KAB. DAIRI;121102;Sumbul
12;SUMATERA UTARA;1211;KAB. DAIRI;121106;Tanah Pinem
12;SUMATERA UTARA;1211;KAB. DAIRI;121103;Tigalingga
12;SUMATERA UTARA;1207;KAB. DELI SERDANG;120709;Bangun Purba
12;SUMATERA UTARA;1207;KAB. DELI SERDANG;120727;Batang Kuis
12;SUMATERA UTARA;1207;KAB. DELI SERDANG;120733;Beringin
12;SUMATERA UTARA;1207;KAB. DELI SERDANG;120722;Deli Tua
12;SUMATERA UTARA;1207;KAB. DELI SERDANG;120719;Galang
12;SUMATERA UTARA;1207;KAB. DELI SERDANG;120701;Gunung Meriah
12;SUMATERA UTARA;1207;KAB. DELI SERDANG;120724;Hamparan Perak
12;SUMATERA UTARA;1207;KAB. DELI SERDANG;120704;Kutalimbaru
12;SUMATERA UTARA;1207;KAB. DELI SERDANG;120725;Labuhan Deli
12;SUMATERA UTARA;1207;KAB. DELI SERDANG;120728;Lubuk Pakam
12;SUMATERA UTARA;1207;KAB. DELI SERDANG;120706;Namorambe
12;SUMATERA UTARA;1207;KAB. DELI SERDANG;120731;Pagar Merbau
12;SUMATERA UTARA;1207;KAB. DELI SERDANG;120705;Pancur Batu
12;SUMATERA UTARA;1207;KAB. DELI SERDANG;120732;Pantai Labu
12;SUMATERA UTARA;1207;KAB. DELI SERDANG;120721;Patumbak
12;SUMATERA UTARA;1207;KAB. DELI SERDANG;120726;Percut Sei Tuan
12;SUMATERA UTARA;1207;KAB. DELI SERDANG;120707;Sibiru-biru
12;SUMATERA UTARA;1207;KAB. DELI SERDANG;120703;Sibolangit
12;SUMATERA UTARA;1207;KAB. DELI SERDANG;120708;STM Hilir
12;SUMATERA UTARA;1207;KAB. DELI SERDANG;120720;STM Hulu
12;SUMATERA UTARA;1207;KAB. DELI SERDANG;120723;Sunggal
12;SUMATERA UTARA;1207;KAB. DELI SERDANG;120702;Tanjung Morawa
12;SUMATERA UTARA;1216;KAB. HUMBANG HASUNDUTAN;121603;Baktiraja
12;SUMATERA UTARA;1216;KAB. HUMBANG HASUNDUTAN;121606;Dolok Sanggul
12;SUMATERA UTARA;1216;KAB. HUMBANG HASUNDUTAN;121605;Lintong Nihuta
12;SUMATERA UTARA;1216;KAB. HUMBANG HASUNDUTAN;121608;Onan Ganjang
12;SUMATERA UTARA;1216;KAB. HUMBANG HASUNDUTAN;121609;Pakkat
12;SUMATERA UTARA;1216;KAB. HUMBANG HASUNDUTAN;121604;Paranginan
12;SUMATERA UTARA;1216;KAB. HUMBANG HASUNDUTAN;121601;Parlilitan
12;SUMATERA UTARA;1216;KAB. HUMBANG HASUNDUTAN;121602;Pollung
12;SUMATERA UTARA;1216;KAB. HUMBANG HASUNDUTAN;121607;Sijamapolang
12;SUMATERA UTARA;1216;KAB. HUMBANG HASUNDUTAN;121610;Tarabintang
12;SUMATERA UTARA;1206;KAB. KARO;120603;Barusjahe
12;SUMATERA UTARA;1206;KAB. KARO;120602;Berastagi
12;SUMATERA UTARA;1206;KAB. KARO;120614;Dolat Rayat
12;SUMATERA UTARA;1206;KAB. KARO;120607;Juhar
12;SUMATERA UTARA;1206;KAB. KARO;120601;Kabanjahe
12;SUMATERA UTARA;1206;KAB. KARO;120613;Kutabuluh
12;SUMATERA UTARA;1206;KAB. KARO;120609;Laubaleng
12;SUMATERA UTARA;1206;KAB. KARO;120610;Mardingding
12;SUMATERA UTARA;1206;KAB. KARO;120615;Merdeka
12;SUMATERA UTARA;1206;KAB. KARO;120605;Merek
12;SUMATERA UTARA;1206;KAB. KARO;120606;Munte
12;SUMATERA UTARA;1206;KAB. KARO;120616;Naman Teran
12;SUMATERA UTARA;1206;KAB. KARO;120611;Payung
12;SUMATERA UTARA;1206;KAB. KARO;120612;Simpang Empat
12;SUMATERA UTARA;1206;KAB. KARO;120608;Tigabinanga
12;SUMATERA UTARA;1206;KAB. KARO;120617;Tiganderket
12;SUMATERA UTARA;1206;KAB. KARO;120604;Tigapanah
12;SUMATERA UTARA;1210;KAB. LABUHANBATU;121007;Bilah Barat
12;SUMATERA UTARA;1210;KAB. LABUHANBATU;121008;Bilah Hilir
12;SUMATERA UTARA;1210;KAB. LABUHANBATU;121009;Bilah Hulu
12;SUMATERA UTARA;1210;KAB. LABUHANBATU;121019;Panai Hilir
12;SUMATERA UTARA;1210;KAB. LABUHANBATU;121020;Panai Hulu
12;SUMATERA UTARA;1210;KAB. LABUHANBATU;121018;Panai Tengah
12;SUMATERA UTARA;1210;KAB. LABUHANBATU;121014;Pangkatan
12;SUMATERA UTARA;1210;KAB. LABUHANBATU;121002;Rantau Selatan
12;SUMATERA UTARA;1210;KAB. LABUHANBATU;121001;Rantau Utara
12;SUMATERA UTARA;1222;KAB. LABUHANBATU SELATAN;122202;Kampung Rakyat
12;SUMATERA UTARA;1222;KAB. LABUHANBATU SELATAN;122201;Kotapinang
12;SUMATERA UTARA;1222;KAB. LABUHANBATU SELATAN;122205;Silangkitang
12;SUMATERA UTARA;1222;KAB. LABUHANBATU SELATAN;122204;Sungai Kanan
12;SUMATERA UTARA;1222;KAB. LABUHANBATU SELATAN;122203;Torgamba
12;SUMATERA UTARA;1223;KAB. LABUHANBATU UTARA;122304;Aek Kuo
12;SUMATERA UTARA;1223;KAB. LABUHANBATU UTARA;122307;Aek Natas
12;SUMATERA UTARA;1223;KAB. LABUHANBATU UTARA;122303;Kualuh Hilir
12;SUMATERA UTARA;1223;KAB. LABUHANBATU UTARA;122301;Kualuh Hulu
12;SUMATERA UTARA;1223;KAB. LABUHANBATU UTARA;122302;Kualuh Leidong
12;SUMATERA UTARA;1223;KAB. LABUHANBATU UTARA;122308;Kualuh Selatan
12;SUMATERA UTARA;1223;KAB. LABUHANBATU UTARA;122305;Marbau
12;SUMATERA UTARA;1223;KAB. LABUHANBATU UTARA;122306;Na IX - X
12;SUMATERA UTARA;1205;KAB. LANGKAT;120514;Babalan
12;SUMATERA UTARA;1205;KAB. LANGKAT;120501;Bahorok
12;SUMATERA UTARA;1205;KAB. LANGKAT;120519;Batang Serangan
12;SUMATERA UTARA;1205;KAB. LANGKAT;120518;Berandan Barat
12;SUMATERA UTARA;1205;KAB. LANGKAT;120516;Besitang
12;SUMATERA UTARA;1205;KAB. LANGKAT;120505;Binjai
12;SUMATERA UTARA;1205;KAB. LANGKAT;120513;Gebang
12;SUMATERA UTARA;1205;KAB. LANGKAT;120510;Hinai
12;SUMATERA UTARA;1205;KAB. LANGKAT;120503;Kuala
12;SUMATERA UTARA;1205;KAB. LANGKAT;120522;Kutambaru
12;SUMATERA UTARA;1205;KAB. LANGKAT;120512;Padang Tualang
12;SUMATERA UTARA;1205;KAB. LANGKAT;120515;Pangkalan Susu
12;SUMATERA UTARA;1205;KAB. LANGKAT;120523;Pematang Jaya
12;SUMATERA UTARA;1205;KAB. LANGKAT;120502;Salapian
12;SUMATERA UTARA;1205;KAB. LANGKAT;120520;Sawit Seberang
12;SUMATERA UTARA;1205;KAB. LANGKAT;120509;Secanggang
12;SUMATERA UTARA;1205;KAB. LANGKAT;120504;Sei Bingei
12;SUMATERA UTARA;1205;KAB. LANGKAT;120517;Sei Lepan
12;SUMATERA UTARA;1205;KAB. LANGKAT;120506;Selesai
12;SUMATERA UTARA;1205;KAB. LANGKAT;120521;Sirapit
12;SUMATERA UTARA;1205;KAB. LANGKAT;120507;Stabat
12;SUMATERA UTARA;1205;KAB. LANGKAT;120511;Tanjung Pura
12;SUMATERA UTARA;1205;KAB. LANGKAT;120508;Wampu
12;SUMATERA UTARA;1213;KAB. MANDAILING NATAL;121315;Batahan
12;SUMATERA UTARA;1213;KAB. MANDAILING NATAL;121313;Batang Natal
12;SUMATERA UTARA;1213;KAB. MANDAILING NATAL;121307;Bukit Malintang
12;SUMATERA UTARA;1213;KAB. MANDAILING NATAL;121319;Huta Bargot
12;SUMATERA UTARA;1213;KAB. MANDAILING NATAL;121308;Kotanopan
12;SUMATERA UTARA;1213;KAB. MANDAILING NATAL;121309;Lembah Sorik Marapi
12;SUMATERA UTARA;1213;KAB. MANDAILING NATAL;121314;Lingga Bayu
12;SUMATERA UTARA;1213;KAB. MANDAILING NATAL;121317;Muara Batang Gadis
12;SUMATERA UTARA;1213;KAB. MANDAILING NATAL;121312;Muara Sipongi
12;SUMATERA UTARA;1213;KAB. MANDAILING NATAL;121323;Naga Juang
12;SUMATERA UTARA;1213;KAB. MANDAILING NATAL;121316;Natal
12;SUMATERA UTARA;1213;KAB. MANDAILING NATAL;121321;Pakantan
12;SUMATERA UTARA;1213;KAB. MANDAILING NATAL;121301;Panyabungan
12;SUMATERA UTARA;1213;KAB. MANDAILING NATAL;121305;Panyabungan Barat
12;SUMATERA UTARA;1213;KAB. MANDAILING NATAL;121304;Panyabungan Selatan
12;SUMATERA UTARA;1213;KAB. MANDAILING NATAL;121303;Panyabungan Timur
12;SUMATERA UTARA;1213;KAB. MANDAILING NATAL;121302;Panyabungan Utara
12;SUMATERA UTARA;1213;KAB. MANDAILING NATAL;121320;Puncak Sorik Marapi
12;SUMATERA UTARA;1213;KAB. MANDAILING NATAL;121318;Ranto Baek
12;SUMATERA UTARA;1213;KAB. MANDAILING NATAL;121306;Siabu
12;SUMATERA UTARA;1213;KAB. MANDAILING NATAL;121322;Sinunukan
12;SUMATERA UTARA;1213;KAB. MANDAILING NATAL;121310;Tambangan
12;SUMATERA UTARA;1213;KAB. MANDAILING NATAL;121311;Ulu Pungkut
12;SUMATERA UTARA;1204;KAB. NIAS;120411;Bawolato
12;SUMATERA UTARA;1204;KAB. NIAS;120421;Botomuzoi
12;SUMATERA UTARA;1204;KAB. NIAS;120406;Gido
12;SUMATERA UTARA;1204;KAB. NIAS;120405;Hiliduho
12;SUMATERA UTARA;1204;KAB. NIAS;120420;Hiliserangkai
12;SUMATERA UTARA;1204;KAB. NIAS;120410;Idanogawo
12;SUMATERA UTARA;1204;KAB. NIAS;120428;Ma'u
12;SUMATERA UTARA;1204;KAB. NIAS;120435;Sogae'adu
12;SUMATERA UTARA;1204;KAB. NIAS;120429;Somolo-molo
12;SUMATERA UTARA;1204;KAB. NIAS;120427;Ulugawo
12;SUMATERA UTARA;1225;KAB. NIAS BARAT;122501;Lahomi
12;SUMATERA UTARA;1225;KAB. NIAS BARAT;122507;Lolofitu Moi
12;SUMATERA UTARA;1225;KAB. NIAS BARAT;122505;Mandrehe
12;SUMATERA UTARA;1225;KAB. NIAS BARAT;122503;Mandrehe Barat
12;SUMATERA UTARA;1225;KAB. NIAS BARAT;122506;Mandrehe Utara
12;SUMATERA UTARA;1225;KAB. NIAS BARAT;122504;Moro'o
12;SUMATERA UTARA;1225;KAB. NIAS BARAT;122502;Sirombu
12;SUMATERA UTARA;1225;KAB. NIAS BARAT;122508;Ulu Moro'o
12;SUMATERA UTARA;1214;KAB. NIAS SELATAN;121407;Amandraya
12;SUMATERA UTARA;1214;KAB. NIAS SELATAN;121415;Aramo
12;SUMATERA UTARA;1214;KAB. NIAS SELATAN;121427;Boronadu
12;SUMATERA UTARA;1214;KAB. NIAS SELATAN;121418;Fanayama
12;SUMATERA UTARA;1214;KAB. NIAS SELATAN;121402;Gomo
12;SUMATERA UTARA;1214;KAB. NIAS SELATAN;121404;Hibala
12;SUMATERA UTARA;1214;KAB. NIAS SELATAN;121411;Hilimegai
12;SUMATERA UTARA;1214;KAB. NIAS SELATAN;121423;Hilisalawa'ahe
12;SUMATERA UTARA;1214;KAB. NIAS SELATAN;121420;Huruna
12;SUMATERA UTARA;1214;KAB. NIAS SELATAN;121435;Idanotae
12;SUMATERA UTARA;1214;KAB. NIAS SELATAN;121403;Lahusa
12;SUMATERA UTARA;1214;KAB. NIAS SELATAN;121401;Lolomatua
12;SUMATERA UTARA;1214;KAB. NIAS SELATAN;121408;Lolowau
12;SUMATERA UTARA;1214;KAB. NIAS SELATAN;121432;Luahagundre Maniamolo
12;SUMATERA UTARA;1214;KAB. NIAS SELATAN;121410;Maniamolo
12;SUMATERA UTARA;1214;KAB. NIAS SELATAN;121413;Mazino
12;SUMATERA UTARA;1214;KAB. NIAS SELATAN;121417;Mazo
12;SUMATERA UTARA;1214;KAB. NIAS SELATAN;121421;O'o'u
12;SUMATERA UTARA;1214;KAB. NIAS SELATAN;121422;Onohazumba
12;SUMATERA UTARA;1214;KAB. NIAS SELATAN;121433;Onolalu
12;SUMATERA UTARA;1214;KAB. NIAS SELATAN;121405;Pulau-Pulau Batu
12;SUMATERA UTARA;1214;KAB. NIAS SELATAN;121429;Pulau-Pulau Batu Barat
12;SUMATERA UTARA;1214;KAB. NIAS SELATAN;121416;Pulau-Pulau Batu Timur
12;SUMATERA UTARA;1214;KAB. NIAS SELATAN;121430;Pulau-Pulau Batu Utara
12;SUMATERA UTARA;1214;KAB. NIAS SELATAN;121425;Sidua'ori
12;SUMATERA UTARA;1214;KAB. NIAS SELATAN;121428;Simuk
12;SUMATERA UTARA;1214;KAB. NIAS SELATAN;121426;Somambawa
12;SUMATERA UTARA;1214;KAB. NIAS SELATAN;121409;Susua
12;SUMATERA UTARA;1214;KAB. NIAS SELATAN;121431;Tanah Masa
12;SUMATERA UTARA;1214;KAB. NIAS SELATAN;121406;Teluk Dalam
12;SUMATERA UTARA;1214;KAB. NIAS SELATAN;121412;Toma
12;SUMATERA UTARA;1214;KAB. NIAS SELATAN;121434;Ulu Idanotae
12;SUMATERA UTARA;1214;KAB. NIAS SELATAN;121419;Ulunoyo
12;SUMATERA UTARA;1214;KAB. NIAS SELATAN;121424;Ulususua
12;SUMATERA UTARA;1214;KAB. NIAS SELATAN;121414;Umbunasi
12;SUMATERA UTARA;1224;KAB. NIAS UTARA;122409;Afulu
12;SUMATERA UTARA;1224;KAB. NIAS UTARA;122407;Alasa
12;SUMATERA UTARA;1224;KAB. NIAS UTARA;122406;Alasa Talumuzoi
12;SUMATERA UTARA;1224;KAB. NIAS UTARA;122410;Lahewa
12;SUMATERA UTARA;1224;KAB. NIAS UTARA;122411;Lahewa Timur
12;SUMATERA UTARA;1224;KAB. NIAS UTARA;122401;Lotu
12;SUMATERA UTARA;1224;KAB. NIAS UTARA;122405;Namohalu Esiwa
12;SUMATERA UTARA;1224;KAB. NIAS UTARA;122402;Sawo
12;SUMATERA UTARA;1224;KAB. NIAS UTARA;122404;Sitolu Ori
12;SUMATERA UTARA;1224;KAB. NIAS UTARA;122408;Tugala Oyo
12;SUMATERA UTARA;1224;KAB. NIAS UTARA;122403;Tuhemberua
12;SUMATERA UTARA;1221;KAB. PADANG LAWAS;122111;Aek Nabara Barumun
12;SUMATERA UTARA;1221;KAB. PADANG LAWAS;122107;Barumun
12;SUMATERA UTARA;1221;KAB. PADANG LAWAS;122116;Barumun Barat
12;SUMATERA UTARA;1221;KAB. PADANG LAWAS;122113;Barumun Baru
12;SUMATERA UTARA;1221;KAB. PADANG LAWAS;122110;Barumun Selatan
12;SUMATERA UTARA;1221;KAB. PADANG LAWAS;122102;Barumun Tengah
12;SUMATERA UTARA;1221;KAB. PADANG LAWAS;122109;Batang Lubu Sutam
12;SUMATERA UTARA;1221;KAB. PADANG LAWAS;122103;Huristak
12;SUMATERA UTARA;1221;KAB. PADANG LAWAS;122105;Huta Raja Tinggi
12;SUMATERA UTARA;1221;KAB. PADANG LAWAS;122104;Lubuk Barumun
12;SUMATERA UTARA;1221;KAB. PADANG LAWAS;122112;Sihapas Barumun
12;SUMATERA UTARA;1221;KAB. PADANG LAWAS;122108;Sosa
12;SUMATERA UTARA;1221;KAB. PADANG LAWAS;122115;Sosa Julu
12;SUMATERA UTARA;1221;KAB. PADANG LAWAS;122117;Sosa Timur
12;SUMATERA UTARA;1221;KAB. PADANG LAWAS;122101;Sosopan
12;SUMATERA UTARA;1221;KAB. PADANG LAWAS;122106;Ulu Barumun
12;SUMATERA UTARA;1221;KAB. PADANG LAWAS;122114;Ulu Sosa
12;SUMATERA UTARA;1220;KAB. PADANG LAWAS UTARA;122007;Batang Onang
12;SUMATERA UTARA;1220;KAB. PADANG LAWAS UTARA;122002;Dolok
12;SUMATERA UTARA;1220;KAB. PADANG LAWAS UTARA;122001;Dolok Sigompulon
12;SUMATERA UTARA;1220;KAB. PADANG LAWAS UTARA;122003;Halongonan
12;SUMATERA UTARA;1220;KAB. PADANG LAWAS UTARA;122011;Halongonan Timur
12;SUMATERA UTARA;1220;KAB. PADANG LAWAS UTARA;122009;Hulu Sihapas
12;SUMATERA UTARA;1220;KAB. PADANG LAWAS UTARA;122004;Padang Bolak
12;SUMATERA UTARA;1220;KAB. PADANG LAWAS UTARA;122005;Padang Bolak Julu
12;SUMATERA UTARA;1220;KAB. PADANG LAWAS UTARA;122010;Padang Bolak Tenggara
12;SUMATERA UTARA;1220;KAB. PADANG LAWAS UTARA;122006;Portibi
12;SUMATERA UTARA;1220;KAB. PADANG LAWAS UTARA;122008;Simangambat
12;SUMATERA UTARA;1220;KAB. PADANG LAWAS UTARA;122012;Ujung Batu
12;SUMATERA UTARA;1215;KAB. PAKPAK BHARAT;121502;Kerajaan
12;SUMATERA UTARA;1215;KAB. PAKPAK BHARAT;121506;Pagindar
12;SUMATERA UTARA;1215;KAB. PAKPAK BHARAT;121505;Pergetteng Getteng Sengkut
12;SUMATERA UTARA;1215;KAB. PAKPAK BHARAT;121503;Salak
12;SUMATERA UTARA;1215;KAB. PAKPAK BHARAT;121508;Siempat Rube
12;SUMATERA UTARA;1215;KAB. PAKPAK BHARAT;121501;Sitelu Tali Urang Jehe
12;SUMATERA UTARA;1215;KAB. PAKPAK BHARAT;121504;Sitelu Tali Urang Julu
12;SUMATERA UTARA;1215;KAB. PAKPAK BHARAT;121507;Tinada
12;SUMATERA UTARA;1217;KAB. SAMOSIR;121705;Harian
12;SUMATERA UTARA;1217;KAB. SAMOSIR;121703;Nainggolan
12;SUMATERA UTARA;1217;KAB. SAMOSIR;121702;Onan Runggu
12;SUMATERA UTARA;1217;KAB. SAMOSIR;121704;Palipi
12;SUMATERA UTARA;1217;KAB. SAMOSIR;121708;Pangururan
12;SUMATERA UTARA;1217;KAB. SAMOSIR;121707;Ronggur Nihuta
12;SUMATERA UTARA;1217;KAB. SAMOSIR;121706;Sianjar Mula Mula
12;SUMATERA UTARA;1217;KAB. SAMOSIR;121701;Simanindo
12;SUMATERA UTARA;1217;KAB. SAMOSIR;121709;Sitio-tio
12;SUMATERA UTARA;1218;KAB. SERDANG BEDAGAI;121806;Bandar Khalipah
12;SUMATERA UTARA;1218;KAB. SERDANG BEDAGAI;121817;Bintang Bayu
12;SUMATERA UTARA;1218;KAB. SERDANG BEDAGAI;121809;Dolok Masihul
12;SUMATERA UTARA;1218;KAB. SERDANG BEDAGAI;121807;Dolok Merawan
12;SUMATERA UTARA;1218;KAB. SERDANG BEDAGAI;121810;Kotarih
12;SUMATERA UTARA;1218;KAB. SERDANG BEDAGAI;121801;Pantai Cermin
12;SUMATERA UTARA;1218;KAB. SERDANG BEDAGAI;121814;Pegajahan
12;SUMATERA UTARA;1218;KAB. SERDANG BEDAGAI;121802;Perbaungan
12;SUMATERA UTARA;1218;KAB. SERDANG BEDAGAI;121815;Sei Bamban
12;SUMATERA UTARA;1218;KAB. SERDANG BEDAGAI;121804;Sei Rampah
12;SUMATERA UTARA;1218;KAB. SERDANG BEDAGAI;121812;Serba Jadi
12;SUMATERA UTARA;1218;KAB. SERDANG BEDAGAI;121811;Silinda
12;SUMATERA UTARA;1218;KAB. SERDANG BEDAGAI;121808;Sipispis
12;SUMATERA UTARA;1218;KAB. SERDANG BEDAGAI;121805;Tanjung Beringin
12;SUMATERA UTARA;1218;KAB. SERDANG BEDAGAI;121816;Tebing Syahbandar
12;SUMATERA UTARA;1218;KAB. SERDANG BEDAGAI;121813;Tebing Tinggi
12;SUMATERA UTARA;1218;KAB. SERDANG BEDAGAI;121803;Teluk Mengkudu
12;SUMATERA UTARA;1208;KAB. SIMALUNGUN;120823;Bandar
12;SUMATERA UTARA;1208;KAB. SIMALUNGUN;120822;Bandar Huluan
12;SUMATERA UTARA;1208;KAB. SIMALUNGUN;120824;Bandar Masilam
12;SUMATERA UTARA;1208;KAB. SIMALUNGUN;120808;Bosar Maligas
12;SUMATERA UTARA;1208;KAB. SIMALUNGUN;120832;Dolog Masagal
12;SUMATERA UTARA;1208;KAB. SIMALUNGUN;120817;Dolok Batu Nanggar
12;SUMATERA UTARA;1208;KAB. SIMALUNGUN;120813;Dolok Panribuan
12;SUMATERA UTARA;1208;KAB. SIMALUNGUN;120820;Dolok Pardamean
12;SUMATERA UTARA;1208;KAB. SIMALUNGUN;120826;Dolok Silau
12;SUMATERA UTARA;1208;KAB. SIMALUNGUN;120816;Girsang Sipangan Bolon
12;SUMATERA UTARA;1208;KAB. SIMALUNGUN;120802;Gunung Malela
12;SUMATERA UTARA;1208;KAB. SIMALUNGUN;120803;Gunung Maligas
12;SUMATERA UTARA;1208;KAB. SIMALUNGUN;120815;Haranggaol Horison
12;SUMATERA UTARA;1208;KAB. SIMALUNGUN;120812;Hatonduhan
12;SUMATERA UTARA;1208;KAB. SIMALUNGUN;120818;Huta Bayu Raja
12;SUMATERA UTARA;1208;KAB. SIMALUNGUN;120819;Jawa Maraja Bah Jambi
12;SUMATERA UTARA;1208;KAB. SIMALUNGUN;120806;Jorlang Hataran
12;SUMATERA UTARA;1208;KAB. SIMALUNGUN;120831;Pamatang Silima Huta
12;SUMATERA UTARA;1208;KAB. SIMALUNGUN;120804;Panei
12;SUMATERA UTARA;1208;KAB. SIMALUNGUN;120805;Panombeian Pane
12;SUMATERA UTARA;1208;KAB. SIMALUNGUN;120821;Pematang Bandar
12;SUMATERA UTARA;1208;KAB. SIMALUNGUN;120810;Pematang Sidamanik
12;SUMATERA UTARA;1208;KAB. SIMALUNGUN;120814;Purba
12;SUMATERA UTARA;1208;KAB. SIMALUNGUN;120829;Raya
12;SUMATERA UTARA;1208;KAB. SIMALUNGUN;120807;Raya Kahean
12;SUMATERA UTARA;1208;KAB. SIMALUNGUN;120801;Siantar
12;SUMATERA UTARA;1208;KAB. SIMALUNGUN;120809;Sidamanik
12;SUMATERA UTARA;1208;KAB. SIMALUNGUN;120825;Silimakuta
12;SUMATERA UTARA;1208;KAB. SIMALUNGUN;120827;Silou Kahean
12;SUMATERA UTARA;1208;KAB. SIMALUNGUN;120811;Tanah Jawa
12;SUMATERA UTARA;1208;KAB. SIMALUNGUN;120828;Tapian Dolok
12;SUMATERA UTARA;1208;KAB. SIMALUNGUN;120830;Ujung Padang
12;SUMATERA UTARA;1203;KAB. TAPANULI SELATAN;120322;Aek Bilah
12;SUMATERA UTARA;1203;KAB. TAPANULI SELATAN;120301;Angkola Barat
12;SUMATERA UTARA;1203;KAB. TAPANULI SELATAN;120332;Angkola Muara Tais
12;SUMATERA UTARA;1203;KAB. TAPANULI SELATAN;120331;Angkola Sangkunur
12;SUMATERA UTARA;1203;KAB. TAPANULI SELATAN;120306;Angkola Selatan
12;SUMATERA UTARA;1203;KAB. TAPANULI SELATAN;120303;Angkola Timur
12;SUMATERA UTARA;1203;KAB. TAPANULI SELATAN;120314;Arse
12;SUMATERA UTARA;1203;KAB. TAPANULI SELATAN;120307;Batang Angkola
12;SUMATERA UTARA;1203;KAB. TAPANULI SELATAN;120302;Batang Toru
12;SUMATERA UTARA;1203;KAB. TAPANULI SELATAN;120320;Marancar
12;SUMATERA UTARA;1203;KAB. TAPANULI SELATAN;120329;Muara Batang Toru
12;SUMATERA UTARA;1203;KAB. TAPANULI SELATAN;120305;Saipar Dolok Hole
12;SUMATERA UTARA;1203;KAB. TAPANULI SELATAN;120321;Sayur Matinggi
12;SUMATERA UTARA;1203;KAB. TAPANULI SELATAN;120304;Sipirok
12;SUMATERA UTARA;1203;KAB. TAPANULI SELATAN;120330;Tano Tombangan Angkola
12;SUMATERA UTARA;1201;KAB. TAPANULI TENGAH;120112;Andam Dewi
12;SUMATERA UTARA;1201;KAB. TAPANULI TENGAH;120115;Badiri
12;SUMATERA UTARA;1201;KAB. TAPANULI TENGAH;120101;Barus
12;SUMATERA UTARA;1201;KAB. TAPANULI TENGAH;120117;Barus Utara
12;SUMATERA UTARA;1201;KAB. TAPANULI TENGAH;120106;Kolang
12;SUMATERA UTARA;1201;KAB. TAPANULI TENGAH;120119;Lumut
12;SUMATERA UTARA;1201;KAB. TAPANULI TENGAH;120105;Manduamas
12;SUMATERA UTARA;1201;KAB. TAPANULI TENGAH;120103;Pandan
12;SUMATERA UTARA;1201;KAB. TAPANULI TENGAH;120116;Pasaribu Tobing
12;SUMATERA UTARA;1201;KAB. TAPANULI TENGAH;120104;Pinangsori
12;SUMATERA UTARA;1201;KAB. TAPANULI TENGAH;120120;Sarudik
12;SUMATERA UTARA;1201;KAB. TAPANULI TENGAH;120108;Sibabangun
12;SUMATERA UTARA;1201;KAB. TAPANULI TENGAH;120111;Sirandorung
12;SUMATERA UTARA;1201;KAB. TAPANULI TENGAH;120113;Sitahuis
12;SUMATERA UTARA;1201;KAB. TAPANULI TENGAH;120102;Sorkam
12;SUMATERA UTARA;1201;KAB. TAPANULI TENGAH;120110;Sorkam Barat
12;SUMATERA UTARA;1201;KAB. TAPANULI TENGAH;120109;Sosorgadong
12;SUMATERA UTARA;1201;KAB. TAPANULI TENGAH;120118;Suka Bangun
12;SUMATERA UTARA;1201;KAB. TAPANULI TENGAH;120107;Tapian Nauli
12;SUMATERA UTARA;1201;KAB. TAPANULI TENGAH;120114;Tukka
12;SUMATERA UTARA;1202;KAB. TAPANULI UTARA;120203;Adian Koting
12;SUMATERA UTARA;1202;KAB. TAPANULI UTARA;120214;Garoga
12;SUMATERA UTARA;1202;KAB. TAPANULI UTARA;120215;Muara
12;SUMATERA UTARA;1202;KAB. TAPANULI UTARA;120210;Pagaran
12;SUMATERA UTARA;1202;KAB. TAPANULI UTARA;120206;Pahae Jae
12;SUMATERA UTARA;1202;KAB. TAPANULI UTARA;120205;Pahae Julu
12;SUMATERA UTARA;1202;KAB. TAPANULI UTARA;120213;Pangaribuan
12;SUMATERA UTARA;1202;KAB. TAPANULI UTARA;120211;Parmonangan
12;SUMATERA UTARA;1202;KAB. TAPANULI UTARA;120208;Purba Tua
12;SUMATERA UTARA;1202;KAB. TAPANULI UTARA;120202;Siatas Barita
12;SUMATERA UTARA;1202;KAB. TAPANULI UTARA;120209;Siborong-Borong
12;SUMATERA UTARA;1202;KAB. TAPANULI UTARA;120207;Simangumban
12;SUMATERA UTARA;1202;KAB. TAPANULI UTARA;120212;Sipahutar
12;SUMATERA UTARA;1202;KAB. TAPANULI UTARA;120204;Sipoholon
12;SUMATERA UTARA;1202;KAB. TAPANULI UTARA;120201;Tarutung
12;SUMATERA UTARA;1212;KAB. TOBA;121208;Ajibata
12;SUMATERA UTARA;1212;KAB. TOBA;121201;Balige
12;SUMATERA UTARA;1212;KAB. TOBA;121223;Bonatua Lunasi
12;SUMATERA UTARA;1212;KAB. TOBA;121206;Borbor
12;SUMATERA UTARA;1212;KAB. TOBA;121204;Habinsaran
12;SUMATERA UTARA;1212;KAB. TOBA;121202;Laguboti
12;SUMATERA UTARA;1212;KAB. TOBA;121209;Lumban Julu
12;SUMATERA UTARA;1212;KAB. TOBA;121221;Nassau
12;SUMATERA UTARA;1212;KAB. TOBA;121224;Parmaksian
12;SUMATERA UTARA;1212;KAB. TOBA;121205;Pintu Pohan Meranti
12;SUMATERA UTARA;1212;KAB. TOBA;121207;Porsea
12;SUMATERA UTARA;1212;KAB. TOBA;121220;Siantar Narumonda
12;SUMATERA UTARA;1212;KAB. TOBA;121219;Sigumpar
12;SUMATERA UTARA;1212;KAB. TOBA;121203;Silaen
12;SUMATERA UTARA;1212;KAB. TOBA;121222;Tampahan
12;SUMATERA UTARA;1212;KAB. TOBA;121210;Uluan
12;SUMATERA UTARA;1275;KOTA BINJAI;127503;Binjai Barat
12;SUMATERA UTARA;1275;KOTA BINJAI;127502;Binjai Kota
12;SUMATERA UTARA;1275;KOTA BINJAI;127505;Binjai Selatan
12;SUMATERA UTARA;1275;KOTA BINJAI;127504;Binjai Timur
12;SUMATERA UTARA;1275;KOTA BINJAI;127501;Binjai Utara
12;SUMATERA UTARA;1278;KOTA GUNUNGSITOLI;127801;Gunungsitoli
12;SUMATERA UTARA;1278;KOTA GUNUNGSITOLI;127805;Gunungsitoli Alo'oa
12;SUMATERA UTARA;1278;KOTA GUNUNGSITOLI;127806;Gunungsitoli Barat
12;SUMATERA UTARA;1278;KOTA GUNUNGSITOLI;127804;Gunungsitoli Idanoi
12;SUMATERA UTARA;1278;KOTA GUNUNGSITOLI;127802;Gunungsitoli Selatan
12;SUMATERA UTARA;1278;KOTA GUNUNGSITOLI;127803;Gunungsitoli Utara
12;SUMATERA UTARA;1271;KOTA MEDAN;127109;Medan Amplas
12;SUMATERA UTARA;1271;KOTA MEDAN;127110;Medan Area
12;SUMATERA UTARA;1271;KOTA MEDAN;127105;Medan Barat
12;SUMATERA UTARA;1271;KOTA MEDAN;127117;Medan Baru
12;SUMATERA UTARA;1271;KOTA MEDAN;127108;Medan Belawan
12;SUMATERA UTARA;1271;KOTA MEDAN;127106;Medan Deli
12;SUMATERA UTARA;1271;KOTA MEDAN;127104;Medan Denai
12;SUMATERA UTARA;1271;KOTA MEDAN;127103;Medan Helvetia
12;SUMATERA UTARA;1271;KOTA MEDAN;127111;Medan Johor
12;SUMATERA UTARA;1271;KOTA MEDAN;127101;Medan Kota
12;SUMATERA UTARA;1271;KOTA MEDAN;127113;Medan Labuhan
12;SUMATERA UTARA;1271;KOTA MEDAN;127115;Medan Maimun
12;SUMATERA UTARA;1271;KOTA MEDAN;127112;Medan Marelan
12;SUMATERA UTARA;1271;KOTA MEDAN;127118;Medan Perjuangan
12;SUMATERA UTARA;1271;KOTA MEDAN;127119;Medan Petisah
12;SUMATERA UTARA;1271;KOTA MEDAN;127116;Medan Polonia
12;SUMATERA UTARA;1271;KOTA MEDAN;127121;Medan Selayang
12;SUMATERA UTARA;1271;KOTA MEDAN;127102;Medan Sunggal
12;SUMATERA UTARA;1271;KOTA MEDAN;127114;Medan Tembung
12;SUMATERA UTARA;1271;KOTA MEDAN;127120;Medan Timur
12;SUMATERA UTARA;1271;KOTA MEDAN;127107;Medan Tuntungan
12;SUMATERA UTARA;1277;KOTA PADANGSIDIMPUAN;127706;Padangsidimpuan Angkola Julu
12;SUMATERA UTARA;1277;KOTA PADANGSIDIMPUAN;127703;Padangsidimpuan Batunadua
12;SUMATERA UTARA;1277;KOTA PADANGSIDIMPUAN;127704;Padangsidimpuan Hutaimbaru
12;SUMATERA UTARA;1277;KOTA PADANGSIDIMPUAN;127702;Padangsidimpuan Selatan
12;SUMATERA UTARA;1277;KOTA PADANGSIDIMPUAN;127705;Padangsidimpuan Tenggara
12;SUMATERA UTARA;1277;KOTA PADANGSIDIMPUAN;127701;Padangsidimpuan Utara
12;SUMATERA UTARA;1272;KOTA PEMATANGSIANTAR;127202;Siantar Barat
12;SUMATERA UTARA;1272;KOTA PEMATANGSIANTAR;127205;Siantar Marihat
12;SUMATERA UTARA;1272;KOTA PEMATANGSIANTAR;127208;Siantar Marimbun
12;SUMATERA UTARA;1272;KOTA PEMATANGSIANTAR;127206;Siantar Martoba
12;SUMATERA UTARA;1272;KOTA PEMATANGSIANTAR;127204;Siantar Selatan
12;SUMATERA UTARA;1272;KOTA PEMATANGSIANTAR;127207;Siantar Sitalasari
12;SUMATERA UTARA;1272;KOTA PEMATANGSIANTAR;127201;Siantar Timur
12;SUMATERA UTARA;1272;KOTA PEMATANGSIANTAR;127203;Siantar Utara
12;SUMATERA UTARA;1273;KOTA SIBOLGA;127302;Sibolga Kota
12;SUMATERA UTARA;1273;KOTA SIBOLGA;127304;Sibolga Sambas
12;SUMATERA UTARA;1273;KOTA SIBOLGA;127303;Sibolga Selatan
12;SUMATERA UTARA;1273;KOTA SIBOLGA;127301;Sibolga Utara
12;SUMATERA UTARA;1274;KOTA TANJUNG BALAI;127405;Datuk Bandar
12;SUMATERA UTARA;1274;KOTA TANJUNG BALAI;127406;Datuk Bandar Timur
12;SUMATERA UTARA;1274;KOTA TANJUNG BALAI;127403;Sei Tualang Raso
12;SUMATERA UTARA;1274;KOTA TANJUNG BALAI;127401;Tanjung Balai Selatan
12;SUMATERA UTARA;1274;KOTA TANJUNG BALAI;127402;Tanjung Balai Utara
12;SUMATERA UTARA;1274;KOTA TANJUNG BALAI;127404;Teluk Nibung
12;SUMATERA UTARA;1276;KOTA TEBING TINGGI;127604;Bajenis
12;SUMATERA UTARA;1276;KOTA TEBING TINGGI;127603;Padang Hilir
12;SUMATERA UTARA;1276;KOTA TEBING TINGGI;127601;Padang Hulu
12;SUMATERA UTARA;1276;KOTA TEBING TINGGI;127602;Rambutan
12;SUMATERA UTARA;1276;KOTA TEBING TINGGI;127605;Tebing Tinggi Kota
14;RIAU;1403;KAB. BENGKALIS;140314;Bandar Laksamana
14;RIAU;1403;KAB. BENGKALIS;140302;Bantan
14;RIAU;1403;KAB. BENGKALIS;140316;Bathin Solapan
14;RIAU;1403;KAB. BENGKALIS;140301;Bengkalis
14;RIAU;1403;KAB. BENGKALIS;140303;Bukit Batu
14;RIAU;1403;KAB. BENGKALIS;140309;Mandau
14;RIAU;1403;KAB. BENGKALIS;140313;Pinggir
14;RIAU;1403;KAB. BENGKALIS;140310;Rupat
14;RIAU;1403;KAB. BENGKALIS;140311;Rupat Utara
14;RIAU;1403;KAB. BENGKALIS;140312;Siak Kecil
14;RIAU;1403;KAB. BENGKALIS;140315;Talang Muandau
14;RIAU;1404;KAB. INDRAGIRI HILIR;140411;Batang Tuaka
14;RIAU;1404;KAB. INDRAGIRI HILIR;140418;Concong
14;RIAU;1404;KAB. INDRAGIRI HILIR;140402;Enok
14;RIAU;1404;KAB. INDRAGIRI HILIR;140412;Gaung
14;RIAU;1404;KAB. INDRAGIRI HILIR;140406;Gaung Anak Serka
14;RIAU;1404;KAB. INDRAGIRI HILIR;140408;Kateman
14;RIAU;1404;KAB. INDRAGIRI HILIR;140419;Kempas
14;RIAU;1404;KAB. INDRAGIRI HILIR;140414;Kemuning
14;RIAU;1404;KAB. INDRAGIRI HILIR;140409;Keritang
14;RIAU;1404;KAB. INDRAGIRI HILIR;140403;Kuala Indragiri
14;RIAU;1404;KAB. INDRAGIRI HILIR;140407;Mandah
14;RIAU;1404;KAB. INDRAGIRI HILIR;140415;Pelangiran
14;RIAU;1404;KAB. INDRAGIRI HILIR;140417;Pulau Burung
14;RIAU;1404;KAB. INDRAGIRI HILIR;140401;Reteh
14;RIAU;1404;KAB. INDRAGIRI HILIR;140420;Sungai Batang
14;RIAU;1404;KAB. INDRAGIRI HILIR;140410;Tanah Merah
14;RIAU;1404;KAB. INDRAGIRI HILIR;140416;Teluk Belengkong
14;RIAU;1404;KAB. INDRAGIRI HILIR;140404;Tembilahan
14;RIAU;1404;KAB. INDRAGIRI HILIR;140413;Tembilahan Hulu
14;RIAU;1404;KAB. INDRAGIRI HILIR;140405;Tempuling
14;RIAU;1402;KAB. INDRAGIRI HULU;140207;Batang Cenaku
14;RIAU;1402;KAB. INDRAGIRI HULU;140208;Batang Gangsal
14;RIAU;1402;KAB. INDRAGIRI HULU;140214;Batang Peranap
14;RIAU;1402;KAB. INDRAGIRI HULU;140203;Kelayang
14;RIAU;1402;KAB. INDRAGIRI HULU;140210;Kuala Cenaku
14;RIAU;1402;KAB. INDRAGIRI HULU;140209;Lirik
14;RIAU;1402;KAB. INDRAGIRI HULU;140212;Lubuk Batu Jaya
14;RIAU;1402;KAB. INDRAGIRI HULU;140204;Pasir Penyu
14;RIAU;1402;KAB. INDRAGIRI HULU;140205;Peranap
14;RIAU;1402;KAB. INDRAGIRI HULU;140213;Rakit Kulim
14;RIAU;1402;KAB. INDRAGIRI HULU;140201;Rengat
14;RIAU;1402;KAB. INDRAGIRI HULU;140202;Rengat Barat
14;RIAU;1402;KAB. INDRAGIRI HULU;140206;Siberida
14;RIAU;1402;KAB. INDRAGIRI HULU;140211;Sungai Lala
14;RIAU;1401;KAB. KAMPAR;140115;Bangkinang
14;RIAU;1401;KAB. KAMPAR;140101;Bangkinang Kota
14;RIAU;1401;KAB. KAMPAR;140120;Gunung Sahilan
14;RIAU;1401;KAB. KAMPAR;140117;Kampa
14;RIAU;1401;KAB. KAMPAR;140102;Kampar
14;RIAU;1401;KAB. KAMPAR;140107;Kampar Kiri
14;RIAU;1401;KAB. KAMPAR;140108;Kampar Kiri Hilir
14;RIAU;1401;KAB. KAMPAR;140109;Kampar Kiri Hulu
14;RIAU;1401;KAB. KAMPAR;140119;Kampar Kiri Tengah
14;RIAU;1401;KAB. KAMPAR;140118;Kampar Utara
14;RIAU;1401;KAB. KAMPAR;140121;Koto Kampar Hulu
14;RIAU;1401;KAB. KAMPAR;140105;Kuok
14;RIAU;1401;KAB. KAMPAR;140116;Perhentian Raja
14;RIAU;1401;KAB. KAMPAR;140114;Rumbio Jaya
14;RIAU;1401;KAB. KAMPAR;140113;Salo
14;RIAU;1401;KAB. KAMPAR;140106;Siak Hulu
14;RIAU;1401;KAB. KAMPAR;140103;Tambang
14;RIAU;1401;KAB. KAMPAR;140110;Tapung
14;RIAU;1401;KAB. KAMPAR;140111;Tapung Hilir
14;RIAU;1401;KAB. KAMPAR;140112;Tapung Hulu
14;RIAU;1401;KAB. KAMPAR;140104;XIII Koto Kampar
14;RIAU;1410;KAB. KEPULAUAN MERANTI;141005;Merbau
14;RIAU;1410;KAB. KEPULAUAN MERANTI;141006;Pulaumerbau
14;RIAU;1410;KAB. KEPULAUAN MERANTI;141003;Rangsang
14;RIAU;1410;KAB. KEPULAUAN MERANTI;141002;Rangsang Barat
14;RIAU;1410;KAB. KEPULAUAN MERANTI;141009;Rangsang Pesisir
14;RIAU;1410;KAB. KEPULAUAN MERANTI;141008;Tasik Putri Puyu
14;RIAU;1410;KAB. KEPULAUAN MERANTI;141001;Tebing Tinggi
14;RIAU;1410;KAB. KEPULAUAN MERANTI;141004;Tebing Tinggi Barat
14;RIAU;1410;KAB. KEPULAUAN MERANTI;141007;Tebing Tinggi Timur
14;RIAU;1409;KAB. KUANTAN SINGINGI;140906;Benai
14;RIAU;1409;KAB. KUANTAN SINGINGI;140905;Cerenti
14;RIAU;1409;KAB. KUANTAN SINGINGI;140907;Gunungtoar
14;RIAU;1409;KAB. KUANTAN SINGINGI;140912;Hulu Kuantan
14;RIAU;1409;KAB. KUANTAN SINGINGI;140911;Inuman
14;RIAU;1409;KAB. KUANTAN SINGINGI;140904;Kuantan Hilir
14;RIAU;1409;KAB. KUANTAN SINGINGI;140913;Kuantan Hilir Seberang
14;RIAU;1409;KAB. KUANTAN SINGINGI;140901;Kuantan Mudik
14;RIAU;1409;KAB. KUANTAN SINGINGI;140902;Kuantan Tengah
14;RIAU;1409;KAB. KUANTAN SINGINGI;140910;Logas Tanah Darat
14;RIAU;1409;KAB. KUANTAN SINGINGI;140909;Pangean
14;RIAU;1409;KAB. KUANTAN SINGINGI;140915;Pucuk Rantau
14;RIAU;1409;KAB. KUANTAN SINGINGI;140914;Sentajo Raya
14;RIAU;1409;KAB. KUANTAN SINGINGI;140903;Singingi
14;RIAU;1409;KAB. KUANTAN SINGINGI;140908;Singingi Hilir
14;RIAU;1405;KAB. PELALAWAN;140512;Bandar Petalangan
14;RIAU;1405;KAB. PELALAWAN;140511;Bandar Sei Kijang
14;RIAU;1405;KAB. PELALAWAN;140508;Bunut
14;RIAU;1405;KAB. PELALAWAN;140507;Kerumutan
14;RIAU;1405;KAB. PELALAWAN;140510;Kuala Kampar
14;RIAU;1405;KAB. PELALAWAN;140505;Langgam
14;RIAU;1405;KAB. PELALAWAN;140502;Pangkalan Kerinci
14;RIAU;1405;KAB. PELALAWAN;140503;Pangkalan Kuras
14;RIAU;1405;KAB. PELALAWAN;140504;Pangkalan Lesung
14;RIAU;1405;KAB. PELALAWAN;140506;Pelalawan
14;RIAU;1405;KAB. PELALAWAN;140509;Teluk Meranti
14;RIAU;1405;KAB. PELALAWAN;140501;Ukui
14;RIAU;1407;KAB. ROKAN HILIR;140705;Bagan Sinembah
14;RIAU;1407;KAB. ROKAN HILIR;140717;Bagan Sinembah Raya
14;RIAU;1407;KAB. ROKAN HILIR;140718;Balai Jaya
14;RIAU;1407;KAB. ROKAN HILIR;140702;Bangko
14;RIAU;1407;KAB. ROKAN HILIR;140710;Bangko Pusako
14;RIAU;1407;KAB. ROKAN HILIR;140712;Batu Hampar
14;RIAU;1407;KAB. ROKAN HILIR;140701;Kubu
14;RIAU;1407;KAB. ROKAN HILIR;140715;Kubu Babussalam
14;RIAU;1407;KAB. ROKAN HILIR;140706;Pasir Limau Kapas
14;RIAU;1407;KAB. ROKAN HILIR;140714;Pekaitan
14;RIAU;1407;KAB. ROKAN HILIR;140708;Pujud
14;RIAU;1407;KAB. ROKAN HILIR;140713;Rantau Kopar
14;RIAU;1407;KAB. ROKAN HILIR;140704;Rimba Melintang
14;RIAU;1407;KAB. ROKAN HILIR;140711;Simpang Kanan
14;RIAU;1407;KAB. ROKAN HILIR;140707;Sinaboi
14;RIAU;1407;KAB. ROKAN HILIR;140703;Tanah Putih
14;RIAU;1407;KAB. ROKAN HILIR;140709;Tanah Putih Tanjung Melawan
14;RIAU;1407;KAB. ROKAN HILIR;140716;Tanjung Medan
14;RIAU;1406;KAB. ROKAN HULU;140610;Bangun Purba
14;RIAU;1406;KAB. ROKAN HULU;140613;Bonai Darussalam
14;RIAU;1406;KAB. ROKAN HULU;140612;Kabun
14;RIAU;1406;KAB. ROKAN HULU;140605;Kepenuhan
14;RIAU;1406;KAB. ROKAN HULU;140615;Kepenuhan Hulu
14;RIAU;1406;KAB. ROKAN HULU;140606;Kunto Darussalam
14;RIAU;1406;KAB. ROKAN HULU;140614;Pagaran Tapah Darussalam
14;RIAU;1406;KAB. ROKAN HULU;140616;Pendalian IV Koto
14;RIAU;1406;KAB. ROKAN HULU;140603;Rambah
14;RIAU;1406;KAB. ROKAN HULU;140608;Rambah Hilir
14;RIAU;1406;KAB. ROKAN HULU;140607;Rambah Samo
14;RIAU;1406;KAB. ROKAN HULU;140602;Rokan IV Koto
14;RIAU;1406;KAB. ROKAN HULU;140604;Tambusai
14;RIAU;1406;KAB. ROKAN HULU;140609;Tambusai Utara
14;RIAU;1406;KAB. ROKAN HULU;140611;Tandun
14;RIAU;1406;KAB. ROKAN HULU;140601;Ujung Batu
14;RIAU;1408;KAB. SIAK;140808;Bunga Raya
14;RIAU;1408;KAB. SIAK;140806;Dayun
14;RIAU;1408;KAB. SIAK;140810;Kandis
14;RIAU;1408;KAB. SIAK;140807;Kerinci Kanan
14;RIAU;1408;KAB. SIAK;140809;Koto Gasib
14;RIAU;1408;KAB. SIAK;140811;Lubuk Dalam
14;RIAU;1408;KAB. SIAK;140813;Mempura
14;RIAU;1408;KAB. SIAK;140803;Minas
14;RIAU;1408;KAB. SIAK;140814;Pusako
14;RIAU;1408;KAB. SIAK;140812;Sabak Auh
14;RIAU;1408;KAB. SIAK;140801;Siak
14;RIAU;1408;KAB. SIAK;140802;Sungai Apit
14;RIAU;1408;KAB. SIAK;140805;Sungai Mandau
14;RIAU;1408;KAB. SIAK;140804;Tualang
14;RIAU;1472;KOTA DUMAI;147203;Bukit Kapur
14;RIAU;1472;KOTA DUMAI;147201;Dumai Barat
14;RIAU;1472;KOTA DUMAI;147206;Dumai Kota
14;RIAU;1472;KOTA DUMAI;147207;Dumai Selatan
14;RIAU;1472;KOTA DUMAI;147202;Dumai Timur
14;RIAU;1472;KOTA DUMAI;147205;Medang Kampai
14;RIAU;1472;KOTA DUMAI;147204;Sungai Sembilan
14;RIAU;1471;KOTA PEKANBARU;147108;Binawidya
14;RIAU;1471;KOTA PEKANBARU;147107;Bukit Raya
14;RIAU;1471;KOTA PEKANBARU;147114;Kulim
14;RIAU;1471;KOTA PEKANBARU;147104;Lima Puluh
14;RIAU;1471;KOTA PEKANBARU;147109;Marpoyan Damai
14;RIAU;1471;KOTA PEKANBARU;147111;Payung Sekaki
14;RIAU;1471;KOTA PEKANBARU;147102;Pekanbaru Kota
14;RIAU;1471;KOTA PEKANBARU;147112;Rumbai
14;RIAU;1471;KOTA PEKANBARU;147106;Rumbai Barat
14;RIAU;1471;KOTA PEKANBARU;147115;Rumbai Timur
14;RIAU;1471;KOTA PEKANBARU;147103;Sail
14;RIAU;1471;KOTA PEKANBARU;147105;Senapelan
14;RIAU;1471;KOTA PEKANBARU;147101;Sukajadi
14;RIAU;1471;KOTA PEKANBARU;147110;Tenayan Raya
14;RIAU;1471;KOTA PEKANBARU;147113;Tuahmadani
15;JAMBI;1504;KAB. BATANGHARI;150407;Bajubang
15;JAMBI;1504;KAB. BATANGHARI;150404;Batin XXIV
15;JAMBI;1504;KAB. BATANGHARI;150408;Maro Sebo Ilir
15;JAMBI;1504;KAB. BATANGHARI;150406;Maro Sebo Ulu
15;JAMBI;1504;KAB. BATANGHARI;150401;Mersam
15;JAMBI;1504;KAB. BATANGHARI;150403;Muara Bulian
15;JAMBI;1504;KAB. BATANGHARI;150402;Muara Tembesi
15;JAMBI;1504;KAB. BATANGHARI;150405;Pemayung
15;JAMBI;1508;KAB. BUNGO;150815;Bathin II Pelayang
15;JAMBI;1508;KAB. BUNGO;150811;Bathin III
15;JAMBI;1508;KAB. BUNGO;150814;Bathin III Ulu
15;JAMBI;1508;KAB. BUNGO;150810;Batin II Babeko
15;JAMBI;1508;KAB. BUNGO;150812;Bungo Dani
15;JAMBI;1508;KAB. BUNGO;150804;Jujuhan
15;JAMBI;1508;KAB. BUNGO;150816;Jujuhan Ilir
15;JAMBI;1508;KAB. BUNGO;150807;Limbur Lubuk Mengkuang
15;JAMBI;1508;KAB. BUNGO;150808;Muko-muko Bathin VII
15;JAMBI;1508;KAB. BUNGO;150803;Pasar Muaro Bungo
15;JAMBI;1508;KAB. BUNGO;150806;Pelepat
15;JAMBI;1508;KAB. BUNGO;150809;Pelepat Ilir
15;JAMBI;1508;KAB. BUNGO;150802;Rantau Pandan
15;JAMBI;1508;KAB. BUNGO;150813;Rimbo Tengah
15;JAMBI;1508;KAB. BUNGO;150805;Tanah Sepenggal
15;JAMBI;1508;KAB. BUNGO;150817;Tanah Sepenggal Lintas
15;JAMBI;1508;KAB. BUNGO;150801;Tanah Tumbuh
15;JAMBI;1501;KAB. KERINCI;150105;Air Hangat
15;JAMBI;1501;KAB. KERINCI;150121;Air Hangat Barat
15;JAMBI;1501;KAB. KERINCI;150111;Air Hangat Timur
15;JAMBI;1501;KAB. KERINCI;150107;Batang Merangin
15;JAMBI;1501;KAB. KERINCI;150120;Bukitkerman
15;JAMBI;1501;KAB. KERINCI;150102;Danau Kerinci
15;JAMBI;1501;KAB. KERINCI;150123;Danau Kerinci Barat
15;JAMBI;1501;KAB. KERINCI;150117;Depati Tujuh
15;JAMBI;1501;KAB. KERINCI;150106;Gunung Kerinci
15;JAMBI;1501;KAB. KERINCI;150101;Gunung Raya
15;JAMBI;1501;KAB. KERINCI;150115;Gunung Tujuh
15;JAMBI;1501;KAB. KERINCI;150109;Kayu Aro
15;JAMBI;1501;KAB. KERINCI;150119;Kayu Aro Barat
15;JAMBI;1501;KAB. KERINCI;150108;Keliling Danau
15;JAMBI;1501;KAB. KERINCI;150104;Sitinjau Laut
15;JAMBI;1501;KAB. KERINCI;150116;Siulak
15;JAMBI;1501;KAB. KERINCI;150118;Siulak Mukai
15;JAMBI;1501;KAB. KERINCI;150122;Tanah Cogok
15;JAMBI;1502;KAB. MERANGIN;150202;Bangko
15;JAMBI;1502;KAB. MERANGIN;150210;Bangko Barat
15;JAMBI;1502;KAB. MERANGIN;150212;Batang Masumai
15;JAMBI;1502;KAB. MERANGIN;150201;Jangkat
15;JAMBI;1502;KAB. MERANGIN;150218;Jangkat Timur
15;JAMBI;1502;KAB. MERANGIN;150209;Lembah Masurai
15;JAMBI;1502;KAB. MERANGIN;150221;Margo Tabir
15;JAMBI;1502;KAB. MERANGIN;150203;Muara Siau
15;JAMBI;1502;KAB. MERANGIN;150211;Nalo Tatan
15;JAMBI;1502;KAB. MERANGIN;150206;Pamenang
15;JAMBI;1502;KAB. MERANGIN;150213;Pamenang Barat
15;JAMBI;1502;KAB. MERANGIN;150220;Pamenang Selatan
15;JAMBI;1502;KAB. MERANGIN;150217;Pangkalan Jambu
15;JAMBI;1502;KAB. MERANGIN;150219;Renah Pamenang
15;JAMBI;1502;KAB. MERANGIN;150216;Renah Pembarap
15;JAMBI;1502;KAB. MERANGIN;150204;Sungai Manau
15;JAMBI;1502;KAB. MERANGIN;150205;Tabir
15;JAMBI;1502;KAB. MERANGIN;150223;Tabir Barat
15;JAMBI;1502;KAB. MERANGIN;150214;Tabir Ilir
15;JAMBI;1502;KAB. MERANGIN;150222;Tabir Lintas
15;JAMBI;1502;KAB. MERANGIN;150208;Tabir Selatan
15;JAMBI;1502;KAB. MERANGIN;150215;Tabir Timur
15;JAMBI;1502;KAB. MERANGIN;150207;Tabir Ulu
15;JAMBI;1502;KAB. MERANGIN;150224;Tiang Pumpung
15;JAMBI;1505;KAB. MUARO JAMBI;150510;Bahar Selatan
15;JAMBI;1505;KAB. MUARO JAMBI;150509;Bahar Utara
15;JAMBI;1505;KAB. MUARO JAMBI;150501;Jambi Luar Kota
15;JAMBI;1505;KAB. MUARO JAMBI;150503;Kumpeh
15;JAMBI;1505;KAB. MUARO JAMBI;150506;Kumpeh Ulu
15;JAMBI;1505;KAB. MUARO JAMBI;150504;Maro Sebo
15;JAMBI;1505;KAB. MUARO JAMBI;150505;Mestong
15;JAMBI;1505;KAB. MUARO JAMBI;150502;Sekernan
15;JAMBI;1505;KAB. MUARO JAMBI;150507;Sungai Bahar
15;JAMBI;1505;KAB. MUARO JAMBI;150508;Sungai Gelam
15;JAMBI;1505;KAB. MUARO JAMBI;150511;Taman Rajo
15;JAMBI;1503;KAB. SAROLANGUN;150307;Air Hitam
15;JAMBI;1503;KAB. SAROLANGUN;150301;Batang Asai
15;JAMBI;1503;KAB. SAROLANGUN;150308;Bathin VIII
15;JAMBI;1503;KAB. SAROLANGUN;150310;Cermin Nan Gedang
15;JAMBI;1503;KAB. SAROLANGUN;150302;Limun
15;JAMBI;1503;KAB. SAROLANGUN;150306;Mandiangin
15;JAMBI;1503;KAB. SAROLANGUN;150311;Mandiangin Timur
15;JAMBI;1503;KAB. SAROLANGUN;150304;Pauh
15;JAMBI;1503;KAB. SAROLANGUN;150305;Pelawan
15;JAMBI;1503;KAB. SAROLANGUN;150303;Sarolangun
15;JAMBI;1503;KAB. SAROLANGUN;150309;Singkut
15;JAMBI;1506;KAB. TANJUNG JABUNG BARAT;150607;Batang Asam
15;JAMBI;1506;KAB. TANJUNG JABUNG BARAT;150604;Betara
15;JAMBI;1506;KAB. TANJUNG JABUNG BARAT;150611;Bram Itam
15;JAMBI;1506;KAB. TANJUNG JABUNG BARAT;150612;Kuala Betara
15;JAMBI;1506;KAB. TANJUNG JABUNG BARAT;150605;Merlung
15;JAMBI;1506;KAB. TANJUNG JABUNG BARAT;150609;Muara Papalik
15;JAMBI;1506;KAB. TANJUNG JABUNG BARAT;150603;Pengabuan
15;JAMBI;1506;KAB. TANJUNG JABUNG BARAT;150608;Renah Mendaluh
15;JAMBI;1506;KAB. TANJUNG JABUNG BARAT;150610;Seberang Kota
15;JAMBI;1506;KAB. TANJUNG JABUNG BARAT;150613;Senyerang
15;JAMBI;1506;KAB. TANJUNG JABUNG BARAT;150606;Tebing Tinggi
15;JAMBI;1506;KAB. TANJUNG JABUNG BARAT;150602;Tungkal Ilir
15;JAMBI;1506;KAB. TANJUNG JABUNG BARAT;150601;Tungkal Ulu
15;JAMBI;1507;KAB. TANJUNG JABUNG TIMUR;150711;Berbak
15;JAMBI;1507;KAB. TANJUNG JABUNG TIMUR;150706;Dendang
15;JAMBI;1507;KAB. TANJUNG JABUNG TIMUR;150710;Geragai
15;JAMBI;1507;KAB. TANJUNG JABUNG TIMUR;150708;Kuala Jambi
15;JAMBI;1507;KAB. TANJUNG JABUNG TIMUR;150703;Mendahara
15;JAMBI;1507;KAB. TANJUNG JABUNG TIMUR;150709;Mendahara Ulu
15;JAMBI;1507;KAB. TANJUNG JABUNG TIMUR;150707;Muara Sabak Barat
15;JAMBI;1507;KAB. TANJUNG JABUNG TIMUR;150701;Muara Sabak Timur
15;JAMBI;1507;KAB. TANJUNG JABUNG TIMUR;150702;Nipah Panjang
15;JAMBI;1507;KAB. TANJUNG JABUNG TIMUR;150704;Rantau Rasau
15;JAMBI;1507;KAB. TANJUNG JABUNG TIMUR;150705;S a d u
15;JAMBI;1509;KAB. TEBO;150912;Muara Tabir
15;JAMBI;1509;KAB. TEBO;150904;Rimbo Bujang
15;JAMBI;1509;KAB. TEBO;150908;Rimbo Ilir
15;JAMBI;1509;KAB. TEBO;150907;Rimbo Ulu
15;JAMBI;1509;KAB. TEBO;150910;Serai Serumpun
15;JAMBI;1509;KAB. TEBO;150905;Sumay
15;JAMBI;1509;KAB. TEBO;150902;Tebo Ilir
15;JAMBI;1509;KAB. TEBO;150901;Tebo Tengah
15;JAMBI;1509;KAB. TEBO;150903;Tebo Ulu
15;JAMBI;1509;KAB. TEBO;150909;Tengah Ilir
15;JAMBI;1509;KAB. TEBO;150906;VII Koto
15;JAMBI;1509;KAB. TEBO;150911;VII Koto Ilir
15;JAMBI;1571;KOTA JAMBI;157109;Alam Barajo
15;JAMBI;1571;KOTA JAMBI;157110;Danau Sipin
15;JAMBI;1571;KOTA JAMBI;157106;Danau Teluk
15;JAMBI;1571;KOTA JAMBI;157102;Jambi Selatan
15;JAMBI;1571;KOTA JAMBI;157103;Jambi Timur
15;JAMBI;1571;KOTA JAMBI;157108;Jelutung
15;JAMBI;1571;KOTA JAMBI;157107;Kota Baru
15;JAMBI;1571;KOTA JAMBI;157111;Paal Merah
15;JAMBI;1571;KOTA JAMBI;157104;Pasar Jambi
15;JAMBI;1571;KOTA JAMBI;157105;Pelayangan
15;JAMBI;1571;KOTA JAMBI;157101;Telanaipura
15;JAMBI;1572;KOTA SUNGAI PENUH;157203;Hamparan Rawang
15;JAMBI;1572;KOTA SUNGAI PENUH;157207;Koto Baru
15;JAMBI;1572;KOTA SUNGAI PENUH;157205;Kumun Debai
15;JAMBI;1572;KOTA SUNGAI PENUH;157202;Pesisir Bukit
15;JAMBI;1572;KOTA SUNGAI PENUH;157206;Pondok Tinggi
15;JAMBI;1572;KOTA SUNGAI PENUH;157208;Sungai Bungkal
15;JAMBI;1572;KOTA SUNGAI PENUH;157201;Sungai Penuh
15;JAMBI;1572;KOTA SUNGAI PENUH;157204;Tanah Kampung
16;SUMATERA SELATAN;1607;KAB. BANYUASIN;160719;Air Kumbang
16;SUMATERA SELATAN;1607;KAB. BANYUASIN;160714;Air Salek
16;SUMATERA SELATAN;1607;KAB. BANYUASIN;160701;Banyuasin I
16;SUMATERA SELATAN;1607;KAB. BANYUASIN;160702;Banyuasin II
16;SUMATERA SELATAN;1607;KAB. BANYUASIN;160703;Banyuasin III
16;SUMATERA SELATAN;1607;KAB. BANYUASIN;160705;Betung
16;SUMATERA SELATAN;1607;KAB. BANYUASIN;160720;Karangagung Ilir
16;SUMATERA SELATAN;1607;KAB. BANYUASIN;160709;Makarti Jaya
16;SUMATERA SELATAN;1607;KAB. BANYUASIN;160707;Muara Padang
16;SUMATERA SELATAN;1607;KAB. BANYUASIN;160713;Muara Sugihan
16;SUMATERA SELATAN;1607;KAB. BANYUASIN;160708;Muara Telang
16;SUMATERA SELATAN;1607;KAB. BANYUASIN;160704;Pulau Rimau
16;SUMATERA SELATAN;1607;KAB. BANYUASIN;160706;Rambutan
16;SUMATERA SELATAN;1607;KAB. BANYUASIN;160711;Rantau Bayur
16;SUMATERA SELATAN;1607;KAB. BANYUASIN;160721;Selat Panuguan
16;SUMATERA SELATAN;1607;KAB. BANYUASIN;160717;Sembawa
16;SUMATERA SELATAN;1607;KAB. BANYUASIN;160716;Suak Tapeh
16;SUMATERA SELATAN;1607;KAB. BANYUASIN;160718;Sumber Marga Telang
16;SUMATERA SELATAN;1607;KAB. BANYUASIN;160710;Talang Kelapa
16;SUMATERA SELATAN;1607;KAB. BANYUASIN;160712;Tanjung Lago
16;SUMATERA SELATAN;1607;KAB. BANYUASIN;160715;Tungkal Ilir
16;SUMATERA SELATAN;1611;KAB. EMPAT LAWANG;161105;Lintang Kanan
16;SUMATERA SELATAN;1611;KAB. EMPAT LAWANG;161101;Muara Pinang
16;SUMATERA SELATAN;1611;KAB. EMPAT LAWANG;161107;Pasemah Air Keruh
16;SUMATERA SELATAN;1611;KAB. EMPAT LAWANG;161102;Pendopo
16;SUMATERA SELATAN;1611;KAB. EMPAT LAWANG;161110;Pendopo Barat
16;SUMATERA SELATAN;1611;KAB. EMPAT LAWANG;161109;Saling
16;SUMATERA SELATAN;1611;KAB. EMPAT LAWANG;161108;Sikap Dalam
16;SUMATERA SELATAN;1611;KAB. EMPAT LAWANG;161106;Talang Padang
16;SUMATERA SELATAN;1611;KAB. EMPAT LAWANG;161104;Tebing Tinggi
16;SUMATERA SELATAN;1611;KAB. EMPAT LAWANG;161103;Ulu Musi
16;SUMATERA SELATAN;1604;KAB. LAHAT;160421;Gumay Talang
16;SUMATERA SELATAN;1604;KAB. LAHAT;160425;Gumay Ulu
16;SUMATERA SELATAN;1604;KAB. LAHAT;160406;Jarai
16;SUMATERA SELATAN;1604;KAB. LAHAT;160419;Kikim Barat
16;SUMATERA SELATAN;1604;KAB. LAHAT;160416;Kikim Selatan
16;SUMATERA SELATAN;1604;KAB. LAHAT;160418;Kikim Tengah
16;SUMATERA SELATAN;1604;KAB. LAHAT;160417;Kikim Timur
16;SUMATERA SELATAN;1604;KAB. LAHAT;160407;Kota Agung
16;SUMATERA SELATAN;1604;KAB. LAHAT;160410;Lahat
16;SUMATERA SELATAN;1604;KAB. LAHAT;160431;Lahat Selatan
16;SUMATERA SELATAN;1604;KAB. LAHAT;160409;Merapi Barat
16;SUMATERA SELATAN;1604;KAB. LAHAT;160426;Merapi Selatan
16;SUMATERA SELATAN;1604;KAB. LAHAT;160423;Merapi Timur
16;SUMATERA SELATAN;1604;KAB. LAHAT;160428;Muarapayang
16;SUMATERA SELATAN;1604;KAB. LAHAT;160430;Mulak Sebingkai
16;SUMATERA SELATAN;1604;KAB. LAHAT;160415;Mulak Ulu
16;SUMATERA SELATAN;1604;KAB. LAHAT;160422;Pagar Gunung
16;SUMATERA SELATAN;1604;KAB. LAHAT;160412;Pajar Bulan
16;SUMATERA SELATAN;1604;KAB. LAHAT;160420;Pseksu
16;SUMATERA SELATAN;1604;KAB. LAHAT;160408;Pulaupinang
16;SUMATERA SELATAN;1604;KAB. LAHAT;160429;Sukamerindu
16;SUMATERA SELATAN;1604;KAB. LAHAT;160424;Tanjung Sakti Pumi
16;SUMATERA SELATAN;1604;KAB. LAHAT;160401;Tanjungsakti Pumu
16;SUMATERA SELATAN;1604;KAB. LAHAT;160427;Tanjungtebat
16;SUMATERA SELATAN;1603;KAB. MUARA ENIM;160324;Belida Darat
16;SUMATERA SELATAN;1603;KAB. MUARA ENIM;160323;Belimbing
16;SUMATERA SELATAN;1603;KAB. MUARA ENIM;160319;Benakat
16;SUMATERA SELATAN;1603;KAB. MUARA ENIM;160326;Empat Petulai Dangku
16;SUMATERA SELATAN;1603;KAB. MUARA ENIM;160306;Gelumbang
16;SUMATERA SELATAN;1603;KAB. MUARA ENIM;160304;Gunung Megang
16;SUMATERA SELATAN;1603;KAB. MUARA ENIM;160321;Kelekar
16;SUMATERA SELATAN;1603;KAB. MUARA ENIM;160307;Lawang Kidul
16;SUMATERA SELATAN;1603;KAB. MUARA ENIM;160317;Lembak
16;SUMATERA SELATAN;1603;KAB. MUARA ENIM;160314;Lubai
16;SUMATERA SELATAN;1603;KAB. MUARA ENIM;160325;Lubai Ulu
16;SUMATERA SELATAN;1603;KAB. MUARA ENIM;160322;Muara Belida
16;SUMATERA SELATAN;1603;KAB. MUARA ENIM;160302;Muara Enim
16;SUMATERA SELATAN;1603;KAB. MUARA ENIM;160327;Panang Enim
16;SUMATERA SELATAN;1603;KAB. MUARA ENIM;160315;Rambang
16;SUMATERA SELATAN;1603;KAB. MUARA ENIM;160303;Rambang Niru
16;SUMATERA SELATAN;1603;KAB. MUARA ENIM;160308;Semende Darat Laut
16;SUMATERA SELATAN;1603;KAB. MUARA ENIM;160309;Semende Darat Tengah
16;SUMATERA SELATAN;1603;KAB. MUARA ENIM;160310;Semende Darat Ulu
16;SUMATERA SELATAN;1603;KAB. MUARA ENIM;160316;Sungai Rotan
16;SUMATERA SELATAN;1603;KAB. MUARA ENIM;160301;Tanjung Agung
16;SUMATERA SELATAN;1603;KAB. MUARA ENIM;160311;Ujan Mas
16;SUMATERA SELATAN;1606;KAB. MUSI BANYUASIN;160614;Babat Supat
16;SUMATERA SELATAN;1606;KAB. MUSI BANYUASIN;160606;Babat Toman
16;SUMATERA SELATAN;1606;KAB. MUSI BANYUASIN;160604;Batang Hari Leko
16;SUMATERA SELATAN;1606;KAB. MUSI BANYUASIN;160609;Bayung Lencir
16;SUMATERA SELATAN;1606;KAB. MUSI BANYUASIN;160615;Jirak Jaya
16;SUMATERA SELATAN;1606;KAB. MUSI BANYUASIN;160608;Keluang
16;SUMATERA SELATAN;1606;KAB. MUSI BANYUASIN;160602;Lais
16;SUMATERA SELATAN;1606;KAB. MUSI BANYUASIN;160611;Lalan
16;SUMATERA SELATAN;1606;KAB. MUSI BANYUASIN;160613;Lawang Wetan
16;SUMATERA SELATAN;1606;KAB. MUSI BANYUASIN;160610;Plakat Tinggi
16;SUMATERA SELATAN;1606;KAB. MUSI BANYUASIN;160605;Sanga Desa
16;SUMATERA SELATAN;1606;KAB. MUSI BANYUASIN;160601;Sekayu
16;SUMATERA SELATAN;1606;KAB. MUSI BANYUASIN;160603;Sungai Keruh
16;SUMATERA SELATAN;1606;KAB. MUSI BANYUASIN;160607;Sungai Lilin
16;SUMATERA SELATAN;1606;KAB. MUSI BANYUASIN;160612;Tungkal Jaya
16;SUMATERA SELATAN;1605;KAB. MUSI RAWAS;160514;BTS. Ulu
16;SUMATERA SELATAN;1605;KAB. MUSI RAWAS;160508;Jayaloka
16;SUMATERA SELATAN;1605;KAB. MUSI RAWAS;160512;Megang Sakti
16;SUMATERA SELATAN;1605;KAB. MUSI RAWAS;160509;Muara Beliti
16;SUMATERA SELATAN;1605;KAB. MUSI RAWAS;160503;Muara Kelingi
16;SUMATERA SELATAN;1605;KAB. MUSI RAWAS;160502;Muara Lakitan
16;SUMATERA SELATAN;1605;KAB. MUSI RAWAS;160513;Purwodadi
16;SUMATERA SELATAN;1605;KAB. MUSI RAWAS;160511;Selangit
16;SUMATERA SELATAN;1605;KAB. MUSI RAWAS;160510;STL Ulu Terawas
16;SUMATERA SELATAN;1605;KAB. MUSI RAWAS;160521;Suka Karya
16;SUMATERA SELATAN;1605;KAB. MUSI RAWAS;160519;Sumber Harta
16;SUMATERA SELATAN;1605;KAB. MUSI RAWAS;160518;Tiang Pumpung Kepungut
16;SUMATERA SELATAN;1605;KAB. MUSI RAWAS;160520;Tuah Negeri
16;SUMATERA SELATAN;1605;KAB. MUSI RAWAS;160501;Tugumulyo
16;SUMATERA SELATAN;1613;KAB. MUSI RAWAS UTARA;161305;Karang Dapo
16;SUMATERA SELATAN;1613;KAB. MUSI RAWAS UTARA;161306;Karang Jaya
16;SUMATERA SELATAN;1613;KAB. MUSI RAWAS UTARA;161303;Nibung
16;SUMATERA SELATAN;1613;KAB. MUSI RAWAS UTARA;161304;Rawas Ilir
16;SUMATERA SELATAN;1613;KAB. MUSI RAWAS UTARA;161302;Rawas Ulu
16;SUMATERA SELATAN;1613;KAB. MUSI RAWAS UTARA;161301;Rupit
16;SUMATERA SELATAN;1613;KAB. MUSI RAWAS UTARA;161307;Ulu Rawas
16;SUMATERA SELATAN;1610;KAB. OGAN ILIR;161004;Indralaya
16;SUMATERA SELATAN;1610;KAB. OGAN ILIR;161008;Indralaya Selatan
16;SUMATERA SELATAN;1610;KAB. OGAN ILIR;161007;Indralaya Utara
16;SUMATERA SELATAN;1610;KAB. OGAN ILIR;161013;Kandis
16;SUMATERA SELATAN;1610;KAB. OGAN ILIR;161015;Lubuk Keliat
16;SUMATERA SELATAN;1610;KAB. OGAN ILIR;161001;Muara Kuang
16;SUMATERA SELATAN;1610;KAB. OGAN ILIR;161016;Payaraman
16;SUMATERA SELATAN;1610;KAB. OGAN ILIR;161005;Pemulutan
16;SUMATERA SELATAN;1610;KAB. OGAN ILIR;161010;Pemulutan Barat
16;SUMATERA SELATAN;1610;KAB. OGAN ILIR;161009;Pemulutan Selatan
16;SUMATERA SELATAN;1610;KAB. OGAN ILIR;161014;Rambang Kuang
16;SUMATERA SELATAN;1610;KAB. OGAN ILIR;161006;Rantau Alai
16;SUMATERA SELATAN;1610;KAB. OGAN ILIR;161011;Rantau Panjang
16;SUMATERA SELATAN;1610;KAB. OGAN ILIR;161012;Sungai Pinang
16;SUMATERA SELATAN;1610;KAB. OGAN ILIR;161002;Tanjung Batu
16;SUMATERA SELATAN;1610;KAB. OGAN ILIR;161003;Tanjung Raja
16;SUMATERA SELATAN;1602;KAB. OGAN KOMERING ILIR;160214;Air Sugihan
16;SUMATERA SELATAN;1602;KAB. OGAN KOMERING ILIR;160218;Cengal
16;SUMATERA SELATAN;1602;KAB. OGAN KOMERING ILIR;160217;Jejawi
16;SUMATERA SELATAN;1602;KAB. OGAN KOMERING ILIR;160205;Kayu Agung
16;SUMATERA SELATAN;1602;KAB. OGAN KOMERING ILIR;160213;Lempuing
16;SUMATERA SELATAN;1602;KAB. OGAN KOMERING ILIR;160222;Lempuing Jaya
16;SUMATERA SELATAN;1602;KAB. OGAN KOMERING ILIR;160204;Mesuji
16;SUMATERA SELATAN;1602;KAB. OGAN KOMERING ILIR;160220;Mesuji Makmur
16;SUMATERA SELATAN;1602;KAB. OGAN KOMERING ILIR;160221;Mesuji Raya
16;SUMATERA SELATAN;1602;KAB. OGAN KOMERING ILIR;160212;Pampangan
16;SUMATERA SELATAN;1602;KAB. OGAN KOMERING ILIR;160219;Pangkalan Lampam
16;SUMATERA SELATAN;1602;KAB. OGAN KOMERING ILIR;160203;Pedamaran
16;SUMATERA SELATAN;1602;KAB. OGAN KOMERING ILIR;160224;Pedamaran Timur
16;SUMATERA SELATAN;1602;KAB. OGAN KOMERING ILIR;160208;Sirah Pulau Padang
16;SUMATERA SELATAN;1602;KAB. OGAN KOMERING ILIR;160215;Sungai Menang
16;SUMATERA SELATAN;1602;KAB. OGAN KOMERING ILIR;160202;Tanjung Lubuk
16;SUMATERA SELATAN;1602;KAB. OGAN KOMERING ILIR;160223;Teluk Gelam
16;SUMATERA SELATAN;1602;KAB. OGAN KOMERING ILIR;160211;Tulung Selapan
16;SUMATERA SELATAN;1601;KAB. OGAN KOMERING ULU;160113;Baturaja Barat
16;SUMATERA SELATAN;1601;KAB. OGAN KOMERING ULU;160114;Baturaja Timur
16;SUMATERA SELATAN;1601;KAB. OGAN KOMERING ULU;160132;Kedaton Peninjauan Raya
16;SUMATERA SELATAN;1601;KAB. OGAN KOMERING ULU;160128;Lengkiti
16;SUMATERA SELATAN;1601;KAB. OGAN KOMERING ULU;160122;Lubuk Batang
16;SUMATERA SELATAN;1601;KAB. OGAN KOMERING ULU;160130;Lubuk Raja
16;SUMATERA SELATAN;1601;KAB. OGAN KOMERING ULU;160131;Muara Jaya
16;SUMATERA SELATAN;1601;KAB. OGAN KOMERING ULU;160108;Pengandonan
16;SUMATERA SELATAN;1601;KAB. OGAN KOMERING ULU;160109;Peninjauan
16;SUMATERA SELATAN;1601;KAB. OGAN KOMERING ULU;160121;Semidang Aji
16;SUMATERA SELATAN;1601;KAB. OGAN KOMERING ULU;160129;Sinar Peninjauan
16;SUMATERA SELATAN;1601;KAB. OGAN KOMERING ULU;160107;Sosoh Buay Rayap
16;SUMATERA SELATAN;1601;KAB. OGAN KOMERING ULU;160120;Ulu Ogan
16;SUMATERA SELATAN;1609;KAB. OGAN KOMERING ULU SELATAN;160903;Banding Agung
16;SUMATERA SELATAN;1609;KAB. OGAN KOMERING ULU SELATAN;160917;Buana Pemaca
16;SUMATERA SELATAN;1609;KAB. OGAN KOMERING ULU SELATAN;160909;Buay Pemaca
16;SUMATERA SELATAN;1609;KAB. OGAN KOMERING ULU SELATAN;160912;Buay Pematang Ribu Ranau Tengah
16;SUMATERA SELATAN;1609;KAB. OGAN KOMERING ULU SELATAN;160919;Buay Rawan
16;SUMATERA SELATAN;1609;KAB. OGAN KOMERING ULU SELATAN;160907;Buay Runjung
16;SUMATERA SELATAN;1609;KAB. OGAN KOMERING ULU SELATAN;160906;Buay Sandang Aji
16;SUMATERA SELATAN;1609;KAB. OGAN KOMERING ULU SELATAN;160911;Kisam Ilir
16;SUMATERA SELATAN;1609;KAB. OGAN KOMERING ULU SELATAN;160910;Kisam Tinggi
16;SUMATERA SELATAN;1609;KAB. OGAN KOMERING ULU SELATAN;160908;Mekakau Ilir
16;SUMATERA SELATAN;1609;KAB. OGAN KOMERING ULU SELATAN;160901;Muara Dua
16;SUMATERA SELATAN;1609;KAB. OGAN KOMERING ULU SELATAN;160904;Muara Dua Kisam
16;SUMATERA SELATAN;1609;KAB. OGAN KOMERING ULU SELATAN;160902;Pulau Beringin
16;SUMATERA SELATAN;1609;KAB. OGAN KOMERING ULU SELATAN;160914;Runjung Agung
16;SUMATERA SELATAN;1609;KAB. OGAN KOMERING ULU SELATAN;160905;Simpang
16;SUMATERA SELATAN;1609;KAB. OGAN KOMERING ULU SELATAN;160916;Sindang Danau
16;SUMATERA SELATAN;1609;KAB. OGAN KOMERING ULU SELATAN;160915;Sungai Are
16;SUMATERA SELATAN;1609;KAB. OGAN KOMERING ULU SELATAN;160918;Tiga Dihaji
16;SUMATERA SELATAN;1609;KAB. OGAN KOMERING ULU SELATAN;160913;Warkuk Ranau Selatan
16;SUMATERA SELATAN;1608;KAB. OGAN KOMERING ULU TIMUR;160803;Belitang
16;SUMATERA SELATAN;1608;KAB. OGAN KOMERING ULU TIMUR;160809;Belitang II
16;SUMATERA SELATAN;1608;KAB. OGAN KOMERING ULU TIMUR;160810;Belitang III
16;SUMATERA SELATAN;1608;KAB. OGAN KOMERING ULU TIMUR;160817;Belitang Jaya
16;SUMATERA SELATAN;1608;KAB. OGAN KOMERING ULU TIMUR;160818;Belitang Madang Raya
16;SUMATERA SELATAN;1608;KAB. OGAN KOMERING ULU TIMUR;160819;Belitang Mulya
16;SUMATERA SELATAN;1608;KAB. OGAN KOMERING ULU TIMUR;160802;Buay Madang
16;SUMATERA SELATAN;1608;KAB. OGAN KOMERING ULU TIMUR;160812;Buay Madang Timur
16;SUMATERA SELATAN;1608;KAB. OGAN KOMERING ULU TIMUR;160820;Buay Pemuka Bangsa Raja
16;SUMATERA SELATAN;1608;KAB. OGAN KOMERING ULU TIMUR;160805;Buay Pemuka Peliung
16;SUMATERA SELATAN;1608;KAB. OGAN KOMERING ULU TIMUR;160811;Bunga Mayang
16;SUMATERA SELATAN;1608;KAB. OGAN KOMERING ULU TIMUR;160804;Cempaka
16;SUMATERA SELATAN;1608;KAB. OGAN KOMERING ULU TIMUR;160816;Jayapura
16;SUMATERA SELATAN;1608;KAB. OGAN KOMERING ULU TIMUR;160807;Madang Suku I
16;SUMATERA SELATAN;1608;KAB. OGAN KOMERING ULU TIMUR;160806;Madang Suku II
16;SUMATERA SELATAN;1608;KAB. OGAN KOMERING ULU TIMUR;160813;Madang Suku III
16;SUMATERA SELATAN;1608;KAB. OGAN KOMERING ULU TIMUR;160801;Martapura
16;SUMATERA SELATAN;1608;KAB. OGAN KOMERING ULU TIMUR;160814;Semendawai Barat
16;SUMATERA SELATAN;1608;KAB. OGAN KOMERING ULU TIMUR;160808;Semendawai Suku III
16;SUMATERA SELATAN;1608;KAB. OGAN KOMERING ULU TIMUR;160815;Semendawai Timur
16;SUMATERA SELATAN;1612;KAB. PENUKAL ABAB LEMATANG ILIR;161204;Abab
16;SUMATERA SELATAN;1612;KAB. PENUKAL ABAB LEMATANG ILIR;161203;Penukal
16;SUMATERA SELATAN;1612;KAB. PENUKAL ABAB LEMATANG ILIR;161202;Penukal Utara
16;SUMATERA SELATAN;1612;KAB. PENUKAL ABAB LEMATANG ILIR;161201;Talang Ubi
16;SUMATERA SELATAN;1612;KAB. PENUKAL ABAB LEMATANG ILIR;161205;Tanah Abang
16;SUMATERA SELATAN;1673;KOTA LUBUK LINGGAU;167302;Lubuk Linggau Barat I
16;SUMATERA SELATAN;1673;KOTA LUBUK LINGGAU;167306;Lubuk Linggau Barat II
16;SUMATERA SELATAN;1673;KOTA LUBUK LINGGAU;167303;Lubuk Linggau Selatan I
16;SUMATERA SELATAN;1673;KOTA LUBUK LINGGAU;167307;Lubuk Linggau Selatan II
16;SUMATERA SELATAN;1673;KOTA LUBUK LINGGAU;167301;Lubuk Linggau Timur I
16;SUMATERA SELATAN;1673;KOTA LUBUK LINGGAU;167305;Lubuk Linggau Timur II
16;SUMATERA SELATAN;1673;KOTA LUBUK LINGGAU;167304;Lubuk Linggau Utara I
16;SUMATERA SELATAN;1673;KOTA LUBUK LINGGAU;167308;Lubuk Linggau Utara II
16;SUMATERA SELATAN;1672;KOTA PAGAR ALAM;167204;Dempo Selatan
16;SUMATERA SELATAN;1672;KOTA PAGAR ALAM;167205;Dempo Tengah
16;SUMATERA SELATAN;1672;KOTA PAGAR ALAM;167203;Dempo Utara
16;SUMATERA SELATAN;1672;KOTA PAGAR ALAM;167202;Pagar Alam Selatan
16;SUMATERA SELATAN;1672;KOTA PAGAR ALAM;167201;Pagar Alam Utara
16;SUMATERA SELATAN;1671;KOTA PALEMBANG;167115;Alang-alang Lebar
16;SUMATERA SELATAN;1671;KOTA PALEMBANG;167111;Bukit Kecil
16;SUMATERA SELATAN;1671;KOTA PALEMBANG;167112;Gandus
16;SUMATERA SELATAN;1671;KOTA PALEMBANG;167104;Ilir Barat I
16;SUMATERA SELATAN;1671;KOTA PALEMBANG;167101;Ilir Barat II
16;SUMATERA SELATAN;1671;KOTA PALEMBANG;167105;Ilir Timur I
16;SUMATERA SELATAN;1671;KOTA PALEMBANG;167106;Ilir Timur II
16;SUMATERA SELATAN;1671;KOTA PALEMBANG;167118;Ilir Timur Tiga
16;SUMATERA SELATAN;1671;KOTA PALEMBANG;167117;Jakabaring
16;SUMATERA SELATAN;1671;KOTA PALEMBANG;167110;Kalidoni
16;SUMATERA SELATAN;1671;KOTA PALEMBANG;167109;Kemuning
16;SUMATERA SELATAN;1671;KOTA PALEMBANG;167113;Kertapati
16;SUMATERA SELATAN;1671;KOTA PALEMBANG;167114;Plaju
16;SUMATERA SELATAN;1671;KOTA PALEMBANG;167108;Sako
16;SUMATERA SELATAN;1671;KOTA PALEMBANG;167102;Seberang Ulu I
16;SUMATERA SELATAN;1671;KOTA PALEMBANG;167103;Seberang Ulu II
16;SUMATERA SELATAN;1671;KOTA PALEMBANG;167116;Sematang Borang
16;SUMATERA SELATAN;1671;KOTA PALEMBANG;167107;Sukarami
16;SUMATERA SELATAN;1674;KOTA PRABUMULIH;167403;Cambai
16;SUMATERA SELATAN;1674;KOTA PRABUMULIH;167401;Prabumulih Barat
16;SUMATERA SELATAN;1674;KOTA PRABUMULIH;167406;Prabumulih Selatan
16;SUMATERA SELATAN;1674;KOTA PRABUMULIH;167402;Prabumulih Timur
16;SUMATERA SELATAN;1674;KOTA PRABUMULIH;167405;Prabumulih Utara
16;SUMATERA SELATAN;1674;KOTA PRABUMULIH;167404;Rambang Kpk Tengah
17;BENGKULU;1701;KAB. BENGKULU SELATAN;170108;Air Nipis
17;BENGKULU;1701;KAB. BENGKULU SELATAN;170110;Bunga Mas
17;BENGKULU;1701;KAB. BENGKULU SELATAN;170101;Kedurang
17;BENGKULU;1701;KAB. BENGKULU SELATAN;170107;Kedurang Ilir
17;BENGKULU;1701;KAB. BENGKULU SELATAN;170105;Kota Manna
17;BENGKULU;1701;KAB. BENGKULU SELATAN;170104;Manna
17;BENGKULU;1701;KAB. BENGKULU SELATAN;170111;Pasar Manna
17;BENGKULU;1701;KAB. BENGKULU SELATAN;170103;Pino
17;BENGKULU;1701;KAB. BENGKULU SELATAN;170106;Pino Raya
17;BENGKULU;1701;KAB. BENGKULU SELATAN;170102;Seginim
17;BENGKULU;1701;KAB. BENGKULU SELATAN;170109;Ulu Manna
17;BENGKULU;1709;KAB. BENGKULU TENGAH;170910;Bang Haji
17;BENGKULU;1709;KAB. BENGKULU TENGAH;170901;Karang Tinggi
17;BENGKULU;1709;KAB. BENGKULU TENGAH;170907;Merigi Kelindang
17;BENGKULU;1709;KAB. BENGKULU TENGAH;170908;Merigi Sakti
17;BENGKULU;1709;KAB. BENGKULU TENGAH;170905;Pagar Jati
17;BENGKULU;1709;KAB. BENGKULU TENGAH;170904;Pematang Tiga
17;BENGKULU;1709;KAB. BENGKULU TENGAH;170903;Pondok Kelapa
17;BENGKULU;1709;KAB. BENGKULU TENGAH;170909;Pondok Kubang
17;BENGKULU;1709;KAB. BENGKULU TENGAH;170911;Semidang Lagan
17;BENGKULU;1709;KAB. BENGKULU TENGAH;170906;Taba Penanjung
17;BENGKULU;1709;KAB. BENGKULU TENGAH;170902;Talang Empat
17;BENGKULU;1703;KAB. BENGKULU UTARA;170315;Air Besi
17;BENGKULU;1703;KAB. BENGKULU UTARA;170316;Air Napal
17;BENGKULU;1703;KAB. BENGKULU UTARA;170320;Air Padang
17;BENGKULU;1703;KAB. BENGKULU UTARA;170321;Arma Jaya
17;BENGKULU;1703;KAB. BENGKULU UTARA;170311;Batik Nau
17;BENGKULU;1703;KAB. BENGKULU UTARA;170301;Enggano
17;BENGKULU;1703;KAB. BENGKULU UTARA;170308;Giri Mulya
17;BENGKULU;1703;KAB. BENGKULU UTARA;170319;Hulu Palik
17;BENGKULU;1703;KAB. BENGKULU UTARA;170306;Kerkap
17;BENGKULU;1703;KAB. BENGKULU UTARA;170312;Ketahun
17;BENGKULU;1703;KAB. BENGKULU UTARA;170307;Kota Arga Makmur
17;BENGKULU;1703;KAB. BENGKULU UTARA;170310;Lais
17;BENGKULU;1703;KAB. BENGKULU UTARA;170325;Marga Sakti Sebelat
17;BENGKULU;1703;KAB. BENGKULU UTARA;170313;Napal Putih
17;BENGKULU;1703;KAB. BENGKULU UTARA;170309;Padang Jaya
17;BENGKULU;1703;KAB. BENGKULU UTARA;170324;Pinang Raya
17;BENGKULU;1703;KAB. BENGKULU UTARA;170314;Putri Hijau
17;BENGKULU;1703;KAB. BENGKULU UTARA;170322;Tanjung Agung Palik
17;BENGKULU;1703;KAB. BENGKULU UTARA;170323;Ulok Kupai
17;BENGKULU;1704;KAB. KAUR;170405;Kaur Selatan
17;BENGKULU;1704;KAB. KAUR;170404;Kaur Tengah
17;BENGKULU;1704;KAB. KAUR;170403;Kaur Utara
17;BENGKULU;1704;KAB. KAUR;170409;Kelam Tengah
17;BENGKULU;1704;KAB. KAUR;170401;Kinal
17;BENGKULU;1704;KAB. KAUR;170410;Luas
17;BENGKULU;1704;KAB. KAUR;170413;Lungkang Kule
17;BENGKULU;1704;KAB. KAUR;170406;Maje
17;BENGKULU;1704;KAB. KAUR;170411;Muara Sahung
17;BENGKULU;1704;KAB. KAUR;170407;Nasal
17;BENGKULU;1704;KAB. KAUR;170414;Padang Guci Hilir
17;BENGKULU;1704;KAB. KAUR;170415;Padang Guci Hulu
17;BENGKULU;1704;KAB. KAUR;170408;Semidang Gumay
17;BENGKULU;1704;KAB. KAUR;170402;Tanjung Kemuning
17;BENGKULU;1704;KAB. KAUR;170412;Tetap
17;BENGKULU;1708;KAB. KEPAHIANG;170801;Bermani Ilir
17;BENGKULU;1708;KAB. KEPAHIANG;170806;Kebawetan
17;BENGKULU;1708;KAB. KEPAHIANG;170804;Kepahiang
17;BENGKULU;1708;KAB. KEPAHIANG;170805;Merigi
17;BENGKULU;1708;KAB. KEPAHIANG;170808;Muara Kemumu
17;BENGKULU;1708;KAB. KEPAHIANG;170807;Seberang Musi
17;BENGKULU;1708;KAB. KEPAHIANG;170803;Tebat Karai
17;BENGKULU;1708;KAB. KEPAHIANG;170802;Ujan Mas
17;BENGKULU;1707;KAB. LEBONG;170710;Amen
17;BENGKULU;1707;KAB. LEBONG;170707;Bingin Kuning
17;BENGKULU;1707;KAB. LEBONG;170702;Lebong Atas
17;BENGKULU;1707;KAB. LEBONG;170708;Lebong Sakti
17;BENGKULU;1707;KAB. LEBONG;170704;Lebong Selatan
17;BENGKULU;1707;KAB. LEBONG;170703;Lebong Tengah
17;BENGKULU;1707;KAB. LEBONG;170701;Lebong Utara
17;BENGKULU;1707;KAB. LEBONG;170712;Pinang Belapis
17;BENGKULU;1707;KAB. LEBONG;170705;Rimbo Pengadang
17;BENGKULU;1707;KAB. LEBONG;170706;Topos
17;BENGKULU;1707;KAB. LEBONG;170709;Tubei
17;BENGKULU;1707;KAB. LEBONG;170711;Uram Jaya
17;BENGKULU;1706;KAB. MUKO MUKO;170614;Air Dikit
17;BENGKULU;1706;KAB. MUKO MUKO;170613;Air Majunto
17;BENGKULU;1706;KAB. MUKO MUKO;170607;Air Rami
17;BENGKULU;1706;KAB. MUKO MUKO;170605;Ipuh
17;BENGKULU;1706;KAB. MUKO MUKO;170602;Kota Mukomuko
17;BENGKULU;1706;KAB. MUKO MUKO;170601;Lubuk Pinang
17;BENGKULU;1706;KAB. MUKO MUKO;170606;Malin Deman
17;BENGKULU;1706;KAB. MUKO MUKO;170610;Penarik
17;BENGKULU;1706;KAB. MUKO MUKO;170604;Pondok Suguh
17;BENGKULU;1706;KAB. MUKO MUKO;170609;Selagan Raya
17;BENGKULU;1706;KAB. MUKO MUKO;170615;Sungai Rumbai
17;BENGKULU;1706;KAB. MUKO MUKO;170608;Teramang Jaya
17;BENGKULU;1706;KAB. MUKO MUKO;170603;Teras Terunjam
17;BENGKULU;1706;KAB. MUKO MUKO;170612;V Koto
17;BENGKULU;1706;KAB. MUKO MUKO;170611;XIV Koto
17;BENGKULU;1702;KAB. REJANG LEBONG;170210;Bermani Ulu
17;BENGKULU;1702;KAB. REJANG LEBONG;170224;Bermani Ulu Raya
17;BENGKULU;1702;KAB. REJANG LEBONG;170220;Binduriang
17;BENGKULU;1702;KAB. REJANG LEBONG;170209;Curup
17;BENGKULU;1702;KAB. REJANG LEBONG;170218;Curup Selatan
17;BENGKULU;1702;KAB. REJANG LEBONG;170219;Curup Tengah
17;BENGKULU;1702;KAB. REJANG LEBONG;170217;Curup Timur
17;BENGKULU;1702;KAB. REJANG LEBONG;170216;Curup Utara
17;BENGKULU;1702;KAB. REJANG LEBONG;170206;Kota Padang
17;BENGKULU;1702;KAB. REJANG LEBONG;170207;Padang Ulak Tanding
17;BENGKULU;1702;KAB. REJANG LEBONG;170211;Selupu Rejang
17;BENGKULU;1702;KAB. REJANG LEBONG;170223;Sindang Beliti Ilir
17;BENGKULU;1702;KAB. REJANG LEBONG;170221;Sindang Beliti Ulu
17;BENGKULU;1702;KAB. REJANG LEBONG;170222;Sindang Dataran
17;BENGKULU;1702;KAB. REJANG LEBONG;170208;Sindang Kelingi
17;BENGKULU;1705;KAB. SELUMA;170506;Air Periukan
17;BENGKULU;1705;KAB. SELUMA;170514;Ilir Talo
17;BENGKULU;1705;KAB. SELUMA;170507;Lubuk Sandi
17;BENGKULU;1705;KAB. SELUMA;170502;Seluma
17;BENGKULU;1705;KAB. SELUMA;170508;Seluma Barat
17;BENGKULU;1705;KAB. SELUMA;170511;Seluma Selatan
17;BENGKULU;1705;KAB. SELUMA;170509;Seluma Timur
17;BENGKULU;1705;KAB. SELUMA;170510;Seluma Utara
17;BENGKULU;1705;KAB. SELUMA;170504;Semidang Alas
17;BENGKULU;1705;KAB. SELUMA;170505;Semidang Alas Maras
17;BENGKULU;1705;KAB. SELUMA;170501;Sukaraja
17;BENGKULU;1705;KAB. SELUMA;170503;Talo
17;BENGKULU;1705;KAB. SELUMA;170512;Talo Kecil
17;BENGKULU;1705;KAB. SELUMA;170513;Ulu Talo
17;BENGKULU;1771;KOTA BENGKULU;177102;Gading Cempaka
17;BENGKULU;1771;KOTA BENGKULU;177105;Kampung Melayu
17;BENGKULU;1771;KOTA BENGKULU;177104;Muara Bangka Hulu
17;BENGKULU;1771;KOTA BENGKULU;177106;Ratu Agung
17;BENGKULU;1771;KOTA BENGKULU;177107;Ratu Samban
17;BENGKULU;1771;KOTA BENGKULU;177101;Selebar
17;BENGKULU;1771;KOTA BENGKULU;177109;Singaran Pati
17;BENGKULU;1771;KOTA BENGKULU;177108;Sungai Serut
17;BENGKULU;1771;KOTA BENGKULU;177103;Teluk Segara
18;LAMPUNG;1804;KAB. LAMPUNG BARAT;180419;Air Hitam
18;LAMPUNG;1804;KAB. LAMPUNG BARAT;180404;Balik Bukit
18;LAMPUNG;1804;KAB. LAMPUNG BARAT;180423;Bandar Negeri Suoh
18;LAMPUNG;1804;KAB. LAMPUNG BARAT;180410;Batu Brak
18;LAMPUNG;1804;KAB. LAMPUNG BARAT;180421;Batu Ketulis
18;LAMPUNG;1804;KAB. LAMPUNG BARAT;180406;Belalau
18;LAMPUNG;1804;KAB. LAMPUNG BARAT;180415;Gedung Surian
18;LAMPUNG;1804;KAB. LAMPUNG BARAT;180418;Kebun Tebu
18;LAMPUNG;1804;KAB. LAMPUNG BARAT;180422;Lumbok Seminung
18;LAMPUNG;1804;KAB. LAMPUNG BARAT;180420;Pagar Dewa
18;LAMPUNG;1804;KAB. LAMPUNG BARAT;180408;Sekincau
18;LAMPUNG;1804;KAB. LAMPUNG BARAT;180411;Sukau
18;LAMPUNG;1804;KAB. LAMPUNG BARAT;180405;Sumber Jaya
18;LAMPUNG;1804;KAB. LAMPUNG BARAT;180409;Suoh
18;LAMPUNG;1804;KAB. LAMPUNG BARAT;180407;Way Tenong
18;LAMPUNG;1801;KAB. LAMPUNG SELATAN;180121;Bakauheni
18;LAMPUNG;1801;KAB. LAMPUNG SELATAN;180117;Candipuro
18;LAMPUNG;1801;KAB. LAMPUNG SELATAN;180113;Jati Agung
18;LAMPUNG;1801;KAB. LAMPUNG SELATAN;180106;Kalianda
18;LAMPUNG;1801;KAB. LAMPUNG SELATAN;180108;Katibung
18;LAMPUNG;1801;KAB. LAMPUNG SELATAN;180114;Ketapang
18;LAMPUNG;1801;KAB. LAMPUNG SELATAN;180118;Merbau Mataram
18;LAMPUNG;1801;KAB. LAMPUNG SELATAN;180104;Natar
18;LAMPUNG;1801;KAB. LAMPUNG SELATAN;180110;Palas
18;LAMPUNG;1801;KAB. LAMPUNG SELATAN;180109;Penengahan
18;LAMPUNG;1801;KAB. LAMPUNG SELATAN;180116;Raja Basa
18;LAMPUNG;1801;KAB. LAMPUNG SELATAN;180107;Sidomulyo
18;LAMPUNG;1801;KAB. LAMPUNG SELATAN;180115;Sragi
18;LAMPUNG;1801;KAB. LAMPUNG SELATAN;180105;Tanjung Bintang
18;LAMPUNG;1801;KAB. LAMPUNG SELATAN;180122;Tanjung Sari
18;LAMPUNG;1801;KAB. LAMPUNG SELATAN;180124;Way Panji
18;LAMPUNG;1801;KAB. LAMPUNG SELATAN;180123;Way Sulan
18;LAMPUNG;1802;KAB. LAMPUNG TENGAH;180227;Anak Ratu Aji
18;LAMPUNG;1802;KAB. LAMPUNG TENGAH;180221;Anak Tuha
18;LAMPUNG;1802;KAB. LAMPUNG TENGAH;180218;Bandar Mataram
18;LAMPUNG;1802;KAB. LAMPUNG TENGAH;180226;Bandar Surabaya
18;LAMPUNG;1802;KAB. LAMPUNG TENGAH;180202;Bangun Rejo
18;LAMPUNG;1802;KAB. LAMPUNG TENGAH;180215;Bekri
18;LAMPUNG;1802;KAB. LAMPUNG TENGAH;180224;Bumi Nabung
18;LAMPUNG;1802;KAB. LAMPUNG TENGAH;180214;Bumi Ratu Nuban
18;LAMPUNG;1802;KAB. LAMPUNG TENGAH;180204;Gunung Sugih
18;LAMPUNG;1802;KAB. LAMPUNG TENGAH;180201;Kalirejo
18;LAMPUNG;1802;KAB. LAMPUNG TENGAH;180223;Kota Gajah
18;LAMPUNG;1802;KAB. LAMPUNG TENGAH;180203;Padang Ratu
18;LAMPUNG;1802;KAB. LAMPUNG TENGAH;180219;Pubian
18;LAMPUNG;1802;KAB. LAMPUNG TENGAH;180206;Punggur
18;LAMPUNG;1802;KAB. LAMPUNG TENGAH;180228;Putra Rumbia
18;LAMPUNG;1802;KAB. LAMPUNG TENGAH;180209;Rumbia
18;LAMPUNG;1802;KAB. LAMPUNG TENGAH;180220;Selagai Lingga
18;LAMPUNG;1802;KAB. LAMPUNG TENGAH;180222;Sendang Agung
18;LAMPUNG;1802;KAB. LAMPUNG TENGAH;180216;Seputih Agung
18;LAMPUNG;1802;KAB. LAMPUNG TENGAH;180210;Seputih Banyak
18;LAMPUNG;1802;KAB. LAMPUNG TENGAH;180211;Seputih Mataram
18;LAMPUNG;1802;KAB. LAMPUNG TENGAH;180208;Seputih Raman
18;LAMPUNG;1802;KAB. LAMPUNG TENGAH;180212;Seputih Surabaya
18;LAMPUNG;1802;KAB. LAMPUNG TENGAH;180207;Terbanggi Besar
18;LAMPUNG;1802;KAB. LAMPUNG TENGAH;180213;Terusan Nunyai
18;LAMPUNG;1802;KAB. LAMPUNG TENGAH;180205;Trimurjo
18;LAMPUNG;1802;KAB. LAMPUNG TENGAH;180217;Way Pangubuan
18;LAMPUNG;1802;KAB. LAMPUNG TENGAH;180225;Way Seputih
18;LAMPUNG;1807;KAB. LAMPUNG TIMUR;180715;Bandar Sribhawono
18;LAMPUNG;1807;KAB. LAMPUNG TIMUR;180706;Batanghari
18;LAMPUNG;1807;KAB. LAMPUNG TIMUR;180713;Batanghari Nuban
18;LAMPUNG;1807;KAB. LAMPUNG TIMUR;180722;Braja Selebah
18;LAMPUNG;1807;KAB. LAMPUNG TIMUR;180714;Bumi Agung
18;LAMPUNG;1807;KAB. LAMPUNG TIMUR;180718;Gunung Pelindung
18;LAMPUNG;1807;KAB. LAMPUNG TIMUR;180703;Jabung
18;LAMPUNG;1807;KAB. LAMPUNG TIMUR;180702;Labuhan Maringgai
18;LAMPUNG;1807;KAB. LAMPUNG TIMUR;180721;Labuhan Ratu
18;LAMPUNG;1807;KAB. LAMPUNG TIMUR;180724;Marga Sekampung
18;LAMPUNG;1807;KAB. LAMPUNG TIMUR;180711;Marga Tiga
18;LAMPUNG;1807;KAB. LAMPUNG TIMUR;180716;Mataram Baru
18;LAMPUNG;1807;KAB. LAMPUNG TIMUR;180717;Melinting
18;LAMPUNG;1807;KAB. LAMPUNG TIMUR;180710;Metro Kibang
18;LAMPUNG;1807;KAB. LAMPUNG TIMUR;180719;Pasir Sakti
18;LAMPUNG;1807;KAB. LAMPUNG TIMUR;180704;Pekalongan
18;LAMPUNG;1807;KAB. LAMPUNG TIMUR;180708;Purbolinggo
18;LAMPUNG;1807;KAB. LAMPUNG TIMUR;180709;Raman Utara
18;LAMPUNG;1807;KAB. LAMPUNG TIMUR;180705;Sekampung
18;LAMPUNG;1807;KAB. LAMPUNG TIMUR;180712;Sekampung Udik
18;LAMPUNG;1807;KAB. LAMPUNG TIMUR;180701;Sukadana
18;LAMPUNG;1807;KAB. LAMPUNG TIMUR;180720;Waway Karya
18;LAMPUNG;1807;KAB. LAMPUNG TIMUR;180723;Way Bungur
18;LAMPUNG;1807;KAB. LAMPUNG TIMUR;180707;Way Jepara
18;LAMPUNG;1803;KAB. LAMPUNG UTARA;180306;Abung Barat
18;LAMPUNG;1803;KAB. LAMPUNG UTARA;180322;Abung Kunang
18;LAMPUNG;1803;KAB. LAMPUNG UTARA;180319;Abung Pekurun
18;LAMPUNG;1803;KAB. LAMPUNG UTARA;180307;Abung Selatan
18;LAMPUNG;1803;KAB. LAMPUNG UTARA;180313;Abung Semuli
18;LAMPUNG;1803;KAB. LAMPUNG UTARA;180314;Abung Surakarta
18;LAMPUNG;1803;KAB. LAMPUNG UTARA;180311;Abung Tengah
18;LAMPUNG;1803;KAB. LAMPUNG UTARA;180305;Abung Timur
18;LAMPUNG;1803;KAB. LAMPUNG UTARA;180312;Abung Tinggi
18;LAMPUNG;1803;KAB. LAMPUNG UTARA;180323;Blambangan Pagar
18;LAMPUNG;1803;KAB. LAMPUNG UTARA;180301;Bukit Kemuning
18;LAMPUNG;1803;KAB. LAMPUNG UTARA;180316;Bunga Mayang
18;LAMPUNG;1803;KAB. LAMPUNG UTARA;180317;Hulu Sungkai
18;LAMPUNG;1803;KAB. LAMPUNG UTARA;180302;Kotabumi
18;LAMPUNG;1803;KAB. LAMPUNG UTARA;180310;Kotabumi Selatan
18;LAMPUNG;1803;KAB. LAMPUNG UTARA;180309;Kotabumi Utara
18;LAMPUNG;1803;KAB. LAMPUNG UTARA;180315;Muara Sungkai
18;LAMPUNG;1803;KAB. LAMPUNG UTARA;180321;Sungkai Barat
18;LAMPUNG;1803;KAB. LAMPUNG UTARA;180320;Sungkai Jaya
18;LAMPUNG;1803;KAB. LAMPUNG UTARA;180303;Sungkai Selatan
18;LAMPUNG;1803;KAB. LAMPUNG UTARA;180318;Sungkai Tengah
18;LAMPUNG;1803;KAB. LAMPUNG UTARA;180308;Sungkai Utara
18;LAMPUNG;1803;KAB. LAMPUNG UTARA;180304;Tanjung Raja
18;LAMPUNG;1811;KAB. MESUJI;181101;Mesuji
18;LAMPUNG;1811;KAB. MESUJI;181102;Mesuji Timur
18;LAMPUNG;1811;KAB. MESUJI;181106;Panca Jaya
18;LAMPUNG;1811;KAB. MESUJI;181103;Rawa Jitu Utara
18;LAMPUNG;1811;KAB. MESUJI;181105;Simpang Pematang
18;LAMPUNG;1811;KAB. MESUJI;181107;Tanjung Raya
18;LAMPUNG;1811;KAB. MESUJI;181104;Way Serdang
18;LAMPUNG;1809;KAB. PESAWARAN;180901;Gedong Tataan
18;LAMPUNG;1809;KAB. PESAWARAN;180907;Kedondong
18;LAMPUNG;1809;KAB. PESAWARAN;180908;Marga Punduh
18;LAMPUNG;1809;KAB. PESAWARAN;180902;Negeri Katon
18;LAMPUNG;1809;KAB. PESAWARAN;180905;Padang Cermin
18;LAMPUNG;1809;KAB. PESAWARAN;180906;Punduh Pidada
18;LAMPUNG;1809;KAB. PESAWARAN;180903;Tegineneng
18;LAMPUNG;1809;KAB. PESAWARAN;180910;Teluk Pandan
18;LAMPUNG;1809;KAB. PESAWARAN;180909;Way Khilau
18;LAMPUNG;1809;KAB. PESAWARAN;180904;Way Lima
18;LAMPUNG;1809;KAB. PESAWARAN;180911;Way Ratai
18;LAMPUNG;1813;KAB. PESISIR BARAT;181311;Bangkunat
18;LAMPUNG;1813;KAB. PESISIR BARAT;181305;Karya Penggawa
18;LAMPUNG;1813;KAB. PESISIR BARAT;181308;Krui Selatan
18;LAMPUNG;1813;KAB. PESISIR BARAT;181303;Lemong
18;LAMPUNG;1813;KAB. PESISIR BARAT;181309;Ngambur
18;LAMPUNG;1813;KAB. PESISIR BARAT;181310;Ngaras
18;LAMPUNG;1813;KAB. PESISIR BARAT;181302;Pesisir Selatan
18;LAMPUNG;1813;KAB. PESISIR BARAT;181301;Pesisir Tengah
18;LAMPUNG;1813;KAB. PESISIR BARAT;181304;Pesisir Utara
18;LAMPUNG;1813;KAB. PESISIR BARAT;181306;Pulaupisang
18;LAMPUNG;1813;KAB. PESISIR BARAT;181307;Way Krui
18;LAMPUNG;1810;KAB. PRINGSEWU;181007;Adiluwih
18;LAMPUNG;1810;KAB. PRINGSEWU;181003;Ambarawa
18;LAMPUNG;1810;KAB. PRINGSEWU;181006;Banyumas
18;LAMPUNG;1810;KAB. PRINGSEWU;181002;Gading Rejo
18;LAMPUNG;1810;KAB. PRINGSEWU;181005;Pagelaran
18;LAMPUNG;1810;KAB. PRINGSEWU;181009;Pagelaran Utara
18;LAMPUNG;1810;KAB. PRINGSEWU;181004;Pardasuka
18;LAMPUNG;1810;KAB. PRINGSEWU;181001;Pringsewu
18;LAMPUNG;1810;KAB. PRINGSEWU;181008;Sukoharjo
18;LAMPUNG;1806;KAB. TANGGAMUS;180626;Air Naningan
18;LAMPUNG;1806;KAB. TANGGAMUS;180625;Bandar Negeri Semuong
18;LAMPUNG;1806;KAB. TANGGAMUS;180627;Bulok
18;LAMPUNG;1806;KAB. TANGGAMUS;180609;Cukuh Balak
18;LAMPUNG;1806;KAB. TANGGAMUS;180620;Gisting
18;LAMPUNG;1806;KAB. TANGGAMUS;180621;Gunung Alip
18;LAMPUNG;1806;KAB. TANGGAMUS;180617;Klumbayan
18;LAMPUNG;1806;KAB. TANGGAMUS;180628;Klumbayan Barat
18;LAMPUNG;1806;KAB. TANGGAMUS;180601;Kota Agung
18;LAMPUNG;1806;KAB. TANGGAMUS;180618;Kota Agung Barat
18;LAMPUNG;1806;KAB. TANGGAMUS;180619;Kota Agung Timur
18;LAMPUNG;1806;KAB. TANGGAMUS;180624;Limau
18;LAMPUNG;1806;KAB. TANGGAMUS;180616;Pematang Sawa
18;LAMPUNG;1806;KAB. TANGGAMUS;180611;Pugung
18;LAMPUNG;1806;KAB. TANGGAMUS;180604;Pulau Panggung
18;LAMPUNG;1806;KAB. TANGGAMUS;180612;Semaka
18;LAMPUNG;1806;KAB. TANGGAMUS;180613;Sumber Rejo
18;LAMPUNG;1806;KAB. TANGGAMUS;180602;Talang Padang
18;LAMPUNG;1806;KAB. TANGGAMUS;180615;Ulu Belu
18;LAMPUNG;1806;KAB. TANGGAMUS;180603;Wonosobo
18;LAMPUNG;1805;KAB. TULANG BAWANG;180508;Banjar Agung
18;LAMPUNG;1805;KAB. TULANG BAWANG;180529;Banjar Baru
18;LAMPUNG;1805;KAB. TULANG BAWANG;180520;Banjar Margo
18;LAMPUNG;1805;KAB. TULANG BAWANG;180525;Dente Teladas
18;LAMPUNG;1805;KAB. TULANG BAWANG;180506;Gedung Aji
18;LAMPUNG;1805;KAB. TULANG BAWANG;180527;Gedung Aji Baru
18;LAMPUNG;1805;KAB. TULANG BAWANG;180511;Gedung Meneng
18;LAMPUNG;1805;KAB. TULANG BAWANG;180502;Menggala
18;LAMPUNG;1805;KAB. TULANG BAWANG;180530;Menggala Timur
18;LAMPUNG;1805;KAB. TULANG BAWANG;180526;Meraksa Aji
18;LAMPUNG;1805;KAB. TULANG BAWANG;180523;Penawar Aji
18;LAMPUNG;1805;KAB. TULANG BAWANG;180513;Penawar Tama
18;LAMPUNG;1805;KAB. TULANG BAWANG;180512;Rawa Jitu Selatan
18;LAMPUNG;1805;KAB. TULANG BAWANG;180518;Rawa Jitu Timur
18;LAMPUNG;1805;KAB. TULANG BAWANG;180522;Rawa Pitu
18;LAMPUNG;1812;KAB. TULANG BAWANG BARAT;181209;Batu Putih
18;LAMPUNG;1812;KAB. TULANG BAWANG BARAT;181205;Gunung Agung
18;LAMPUNG;1812;KAB. TULANG BAWANG BARAT;181204;Gunung Terang
18;LAMPUNG;1812;KAB. TULANG BAWANG BARAT;181207;Lambu Kibang
18;LAMPUNG;1812;KAB. TULANG BAWANG BARAT;181208;Pagar Dewa
18;LAMPUNG;1812;KAB. TULANG BAWANG BARAT;181201;Tulang Bawang Tengah
18;LAMPUNG;1812;KAB. TULANG BAWANG BARAT;181203;Tulang Bawang Udik
18;LAMPUNG;1812;KAB. TULANG BAWANG BARAT;181202;Tumijajar
18;LAMPUNG;1812;KAB. TULANG BAWANG BARAT;181206;Way Kenanga
18;LAMPUNG;1808;KAB. WAY KANAN;180805;Bahuga
18;LAMPUNG;1808;KAB. WAY KANAN;180803;Banjit
18;LAMPUNG;1808;KAB. WAY KANAN;180804;Baradatu
18;LAMPUNG;1808;KAB. WAY KANAN;180801;Blambangan Umpu
18;LAMPUNG;1808;KAB. WAY KANAN;180813;Buay Bahuga
18;LAMPUNG;1808;KAB. WAY KANAN;180814;Bumi Agung
18;LAMPUNG;1808;KAB. WAY KANAN;180810;Gunung Labuhan
18;LAMPUNG;1808;KAB. WAY KANAN;180802;Kasui
18;LAMPUNG;1808;KAB. WAY KANAN;180811;Negara Batin
18;LAMPUNG;1808;KAB. WAY KANAN;180807;Negeri Agung
18;LAMPUNG;1808;KAB. WAY KANAN;180812;Negeri Besar
18;LAMPUNG;1808;KAB. WAY KANAN;180806;Pakuan Ratu
18;LAMPUNG;1808;KAB. WAY KANAN;180809;Rebang Tangkas
18;LAMPUNG;1808;KAB. WAY KANAN;180815;Umpu Semenguk
18;LAMPUNG;1808;KAB. WAY KANAN;180808;Way Tuba
18;LAMPUNG;1871;KOTA BANDAR LAMPUNG;187120;Bumi Waras
18;LAMPUNG;1871;KOTA BANDAR LAMPUNG;187117;Enggal
18;LAMPUNG;1871;KOTA BANDAR LAMPUNG;187118;Kedamaian
18;LAMPUNG;1871;KOTA BANDAR LAMPUNG;187101;Kedaton
18;LAMPUNG;1871;KOTA BANDAR LAMPUNG;187113;Kemiling
18;LAMPUNG;1871;KOTA BANDAR LAMPUNG;187114;Labuhan Ratu
18;LAMPUNG;1871;KOTA BANDAR LAMPUNG;187116;Langkapura
18;LAMPUNG;1871;KOTA BANDAR LAMPUNG;187104;Panjang
18;LAMPUNG;1871;KOTA BANDAR LAMPUNG;187110;Rajabasa
18;LAMPUNG;1871;KOTA BANDAR LAMPUNG;187112;Sukabumi
18;LAMPUNG;1871;KOTA BANDAR LAMPUNG;187102;Sukarame
18;LAMPUNG;1871;KOTA BANDAR LAMPUNG;187111;Tanjung Senang
18;LAMPUNG;1871;KOTA BANDAR LAMPUNG;187103;Tanjungkarang Barat
18;LAMPUNG;1871;KOTA BANDAR LAMPUNG;187106;Tanjungkarang Pusat
18;LAMPUNG;1871;KOTA BANDAR LAMPUNG;187105;Tanjungkarang Timur
18;LAMPUNG;1871;KOTA BANDAR LAMPUNG;187108;Telukbetung Barat
18;LAMPUNG;1871;KOTA BANDAR LAMPUNG;187107;Telukbetung Selatan
18;LAMPUNG;1871;KOTA BANDAR LAMPUNG;187119;Telukbetung Timur
18;LAMPUNG;1871;KOTA BANDAR LAMPUNG;187109;Telukbetung Utara
18;LAMPUNG;1871;KOTA BANDAR LAMPUNG;187115;Way Halim
18;LAMPUNG;1872;KOTA METRO;187203;Metro Barat
18;LAMPUNG;1872;KOTA METRO;187201;Metro Pusat
18;LAMPUNG;1872;KOTA METRO;187205;Metro Selatan
18;LAMPUNG;1872;KOTA METRO;187204;Metro Timur
18;LAMPUNG;1872;KOTA METRO;187202;Metro Utara
19;KEPULAUAN BANGKA BELITUNG;1901;KAB. BANGKA;190106;Bakam
19;KEPULAUAN BANGKA BELITUNG;1901;KAB. BANGKA;190102;Belinyu
19;KEPULAUAN BANGKA BELITUNG;1901;KAB. BANGKA;190104;Mendo Barat
19;KEPULAUAN BANGKA BELITUNG;1901;KAB. BANGKA;190103;Merawang
19;KEPULAUAN BANGKA BELITUNG;1901;KAB. BANGKA;190105;Pemali
19;KEPULAUAN BANGKA BELITUNG;1901;KAB. BANGKA;190108;Puding Besar
19;KEPULAUAN BANGKA BELITUNG;1901;KAB. BANGKA;190107;Riau Silip
19;KEPULAUAN BANGKA BELITUNG;1901;KAB. BANGKA;190101;Sungailiat
19;KEPULAUAN BANGKA BELITUNG;1905;KAB. BANGKA BARAT;190503;Jebus
19;KEPULAUAN BANGKA BELITUNG;1905;KAB. BANGKA BARAT;190504;Kelapa
19;KEPULAUAN BANGKA BELITUNG;1905;KAB. BANGKA BARAT;190501;Mentok
19;KEPULAUAN BANGKA BELITUNG;1905;KAB. BANGKA BARAT;190506;Parittiga
19;KEPULAUAN BANGKA BELITUNG;1905;KAB. BANGKA BARAT;190502;Simpang Teritip
19;KEPULAUAN BANGKA BELITUNG;1905;KAB. BANGKA BARAT;190505;Tempilang
19;KEPULAUAN BANGKA BELITUNG;1903;KAB. BANGKA SELATAN;190303;Air Gegas
19;KEPULAUAN BANGKA BELITUNG;1903;KAB. BANGKA SELATAN;190308;Kepulauan Pongok
19;KEPULAUAN BANGKA BELITUNG;1903;KAB. BANGKA SELATAN;190302;Lepar Pongok
19;KEPULAUAN BANGKA BELITUNG;1903;KAB. BANGKA SELATAN;190305;Payung
19;KEPULAUAN BANGKA BELITUNG;1903;KAB. BANGKA SELATAN;190307;Pulaubesar
19;KEPULAUAN BANGKA BELITUNG;1903;KAB. BANGKA SELATAN;190304;Simpang Rimba
19;KEPULAUAN BANGKA BELITUNG;1903;KAB. BANGKA SELATAN;190301;Toboali
19;KEPULAUAN BANGKA BELITUNG;1903;KAB. BANGKA SELATAN;190306;Tukak Sadai
19;KEPULAUAN BANGKA BELITUNG;1904;KAB. BANGKA TENGAH;190401;Koba
19;KEPULAUAN BANGKA BELITUNG;1904;KAB. BANGKA TENGAH;190406;Lubuk Besar
19;KEPULAUAN BANGKA BELITUNG;1904;KAB. BANGKA TENGAH;190405;Namang
19;KEPULAUAN BANGKA BELITUNG;1904;KAB. BANGKA TENGAH;190402;Pangkalan Baru
19;KEPULAUAN BANGKA BELITUNG;1904;KAB. BANGKA TENGAH;190404;Simpang Katis
19;KEPULAUAN BANGKA BELITUNG;1904;KAB. BANGKA TENGAH;190403;Sungai Selan
19;KEPULAUAN BANGKA BELITUNG;1902;KAB. BELITUNG;190205;Badau
19;KEPULAUAN BANGKA BELITUNG;1902;KAB. BELITUNG;190202;Membalong
19;KEPULAUAN BANGKA BELITUNG;1902;KAB. BELITUNG;190203;Selat Nasik
19;KEPULAUAN BANGKA BELITUNG;1902;KAB. BELITUNG;190204;Sijuk
19;KEPULAUAN BANGKA BELITUNG;1902;KAB. BELITUNG;190201;Tanjung Pandan
19;KEPULAUAN BANGKA BELITUNG;1906;KAB. BELITUNG TIMUR;190605;Damar
19;KEPULAUAN BANGKA BELITUNG;1906;KAB. BELITUNG TIMUR;190603;Dendang
19;KEPULAUAN BANGKA BELITUNG;1906;KAB. BELITUNG TIMUR;190602;Gantung
19;KEPULAUAN BANGKA BELITUNG;1906;KAB. BELITUNG TIMUR;190604;Kelapa Kampit
19;KEPULAUAN BANGKA BELITUNG;1906;KAB. BELITUNG TIMUR;190601;Manggar
19;KEPULAUAN BANGKA BELITUNG;1906;KAB. BELITUNG TIMUR;190607;Simpang Pesak
19;KEPULAUAN BANGKA BELITUNG;1906;KAB. BELITUNG TIMUR;190606;Simpang Renggiang
19;KEPULAUAN BANGKA BELITUNG;1971;KOTA PANGKAL PINANG;197101;Bukitintan
19;KEPULAUAN BANGKA BELITUNG;1971;KOTA PANGKAL PINANG;197106;Gabek
19;KEPULAUAN BANGKA BELITUNG;1971;KOTA PANGKAL PINANG;197105;Gerunggang
19;KEPULAUAN BANGKA BELITUNG;1971;KOTA PANGKAL PINANG;197107;Girimaya
19;KEPULAUAN BANGKA BELITUNG;1971;KOTA PANGKAL PINANG;197103;Pangkal Balam
19;KEPULAUAN BANGKA BELITUNG;1971;KOTA PANGKAL PINANG;197104;Rangkui
19;KEPULAUAN BANGKA BELITUNG;1971;KOTA PANGKAL PINANG;197102;Taman Sari
21;KEPULAUAN RIAU;2101;KAB. BINTAN;210114;Bintan Pesisir
21;KEPULAUAN RIAU;2101;KAB. BINTAN;210106;Bintan Timur
21;KEPULAUAN RIAU;2101;KAB. BINTAN;210107;Bintan Utara
21;KEPULAUAN RIAU;2101;KAB. BINTAN;210104;Gunung Kijang
21;KEPULAUAN RIAU;2101;KAB. BINTAN;210113;Mantang
21;KEPULAUAN RIAU;2101;KAB. BINTAN;210115;Seri Kuala Lobam
21;KEPULAUAN RIAU;2101;KAB. BINTAN;210109;Tambelan
21;KEPULAUAN RIAU;2101;KAB. BINTAN;210110;Telok Sebong
21;KEPULAUAN RIAU;2101;KAB. BINTAN;210108;Teluk Bintan
21;KEPULAUAN RIAU;2101;KAB. BINTAN;210112;Toapaya
21;KEPULAUAN RIAU;2102;KAB. KARIMUN;210212;Belat
21;KEPULAUAN RIAU;2102;KAB. KARIMUN;210206;Buru
21;KEPULAUAN RIAU;2102;KAB. KARIMUN;210209;Durai
21;KEPULAUAN RIAU;2102;KAB. KARIMUN;210203;Karimun
21;KEPULAUAN RIAU;2102;KAB. KARIMUN;210202;Kundur
21;KEPULAUAN RIAU;2102;KAB. KARIMUN;210208;Kundur Barat
21;KEPULAUAN RIAU;2102;KAB. KARIMUN;210207;Kundur Utara
21;KEPULAUAN RIAU;2102;KAB. KARIMUN;210204;Meral
21;KEPULAUAN RIAU;2102;KAB. KARIMUN;210210;Meral Barat
21;KEPULAUAN RIAU;2102;KAB. KARIMUN;210201;Moro
21;KEPULAUAN RIAU;2102;KAB. KARIMUN;210213;Selat Gelam
21;KEPULAUAN RIAU;2102;KAB. KARIMUN;210214;Sugie Besar
21;KEPULAUAN RIAU;2102;KAB. KARIMUN;210205;Tebing
21;KEPULAUAN RIAU;2102;KAB. KARIMUN;210211;Ungar
21;KEPULAUAN RIAU;2105;KAB. KEPULAUAN ANAMBAS;210506;Jemaja
21;KEPULAUAN RIAU;2105;KAB. KEPULAUAN ANAMBAS;210509;Jemaja Barat
21;KEPULAUAN RIAU;2105;KAB. KEPULAUAN ANAMBAS;210505;Jemaja Timur
21;KEPULAUAN RIAU;2105;KAB. KEPULAUAN ANAMBAS;210510;Kute Siantan
21;KEPULAUAN RIAU;2105;KAB. KEPULAUAN ANAMBAS;210502;Palmatak
21;KEPULAUAN RIAU;2105;KAB. KEPULAUAN ANAMBAS;210501;Siantan
21;KEPULAUAN RIAU;2105;KAB. KEPULAUAN ANAMBAS;210504;Siantan Selatan
21;KEPULAUAN RIAU;2105;KAB. KEPULAUAN ANAMBAS;210507;Siantan Tengah
21;KEPULAUAN RIAU;2105;KAB. KEPULAUAN ANAMBAS;210503;Siantan Timur
21;KEPULAUAN RIAU;2105;KAB. KEPULAUAN ANAMBAS;210508;Siantan Utara
21;KEPULAUAN RIAU;2104;KAB. LINGGA;210413;Bakung Serumpun
21;KEPULAUAN RIAU;2104;KAB. LINGGA;210411;Katang Bidare
21;KEPULAUAN RIAU;2104;KAB. LINGGA;210410;Kepulauan Posek
21;KEPULAUAN RIAU;2104;KAB. LINGGA;210402;Lingga
21;KEPULAUAN RIAU;2104;KAB. LINGGA;210407;Lingga Timur
21;KEPULAUAN RIAU;2104;KAB. LINGGA;210405;Lingga Utara
21;KEPULAUAN RIAU;2104;KAB. LINGGA;210408;Selayar
21;KEPULAUAN RIAU;2104;KAB. LINGGA;210403;Senayang
21;KEPULAUAN RIAU;2104;KAB. LINGGA;210401;Singkep
21;KEPULAUAN RIAU;2104;KAB. LINGGA;210404;Singkep Barat
21;KEPULAUAN RIAU;2104;KAB. LINGGA;210406;Singkep Pesisir
21;KEPULAUAN RIAU;2104;KAB. LINGGA;210409;Singkep Selatan
21;KEPULAUAN RIAU;2104;KAB. LINGGA;210412;Temiang Pesisir
21;KEPULAUAN RIAU;2103;KAB. NATUNA;210305;Bunguran Barat
21;KEPULAUAN RIAU;2103;KAB. NATUNA;210320;Bunguran Batubi
21;KEPULAUAN RIAU;2103;KAB. NATUNA;210318;Bunguran Selatan
21;KEPULAUAN RIAU;2103;KAB. NATUNA;210316;Bunguran Tengah
21;KEPULAUAN RIAU;2103;KAB. NATUNA;210307;Bunguran Timur
21;KEPULAUAN RIAU;2103;KAB. NATUNA;210315;Bunguran Timur Laut
21;KEPULAUAN RIAU;2103;KAB. NATUNA;210308;Bunguran Utara
21;KEPULAUAN RIAU;2103;KAB. NATUNA;210304;Midai
21;KEPULAUAN RIAU;2103;KAB. NATUNA;210310;Pulau Laut
21;KEPULAUAN RIAU;2103;KAB. NATUNA;210323;Pulau Panjang
21;KEPULAUAN RIAU;2103;KAB. NATUNA;210324;Pulau Seluan
21;KEPULAUAN RIAU;2103;KAB. NATUNA;210311;Pulau Tiga
21;KEPULAUAN RIAU;2103;KAB. NATUNA;210321;Pulau Tiga Barat
21;KEPULAUAN RIAU;2103;KAB. NATUNA;210306;Serasan
21;KEPULAUAN RIAU;2103;KAB. NATUNA;210319;Serasan Timur
21;KEPULAUAN RIAU;2103;KAB. NATUNA;210322;Suak Midai
21;KEPULAUAN RIAU;2103;KAB. NATUNA;210309;Subi
21;KEPULAUAN RIAU;2171;KOTA BATAM;217110;Batam Kota
21;KEPULAUAN RIAU;2171;KOTA BATAM;217112;Batu Aji
21;KEPULAUAN RIAU;2171;KOTA BATAM;217102;Batu Ampar
21;KEPULAUAN RIAU;2171;KOTA BATAM;217101;Belakang Padang
21;KEPULAUAN RIAU;2171;KOTA BATAM;217109;Bengkong
21;KEPULAUAN RIAU;2171;KOTA BATAM;217105;Bulang
21;KEPULAUAN RIAU;2171;KOTA BATAM;217108;Galang
21;KEPULAUAN RIAU;2171;KOTA BATAM;217106;Lubuk Baja
21;KEPULAUAN RIAU;2171;KOTA BATAM;217104;Nongsa
21;KEPULAUAN RIAU;2171;KOTA BATAM;217111;Sagulung
21;KEPULAUAN RIAU;2171;KOTA BATAM;217107;Sei Beduk
21;KEPULAUAN RIAU;2171;KOTA BATAM;217103;Sekupang
21;KEPULAUAN RIAU;2172;KOTA TANJUNG PINANG;217204;Bukit Bestari
21;KEPULAUAN RIAU;2172;KOTA TANJUNG PINANG;217201;Tanjung Pinang Barat
21;KEPULAUAN RIAU;2172;KOTA TANJUNG PINANG;217203;Tanjung Pinang Kota
21;KEPULAUAN RIAU;2172;KOTA TANJUNG PINANG;217202;Tanjung Pinang Timur
31;DKI JAKARTA;3101;KAB. ADM. KEP. SERIBU;310102;Kepulauan Seribu Selatan.
31;DKI JAKARTA;3101;KAB. ADM. KEP. SERIBU;310101;Kepulauan Seribu Utara
31;DKI JAKARTA;3173;KOTA ADM. JAKARTA BARAT;317301;Cengkareng
31;DKI JAKARTA;3173;KOTA ADM. JAKARTA BARAT;317302;Grogol Petamburan
31;DKI JAKARTA;3173;KOTA ADM. JAKARTA BARAT;317306;Kalideres
31;DKI JAKARTA;3173;KOTA ADM. JAKARTA BARAT;317305;Kebon Jeruk
31;DKI JAKARTA;3173;KOTA ADM. JAKARTA BARAT;317308;Kembangan
31;DKI JAKARTA;3173;KOTA ADM. JAKARTA BARAT;317307;Pal Merah
31;DKI JAKARTA;3173;KOTA ADM. JAKARTA BARAT;317303;Taman Sari
31;DKI JAKARTA;3173;KOTA ADM. JAKARTA BARAT;317304;Tambora
31;DKI JAKARTA;3171;KOTA ADM. JAKARTA PUSAT;317105;Cempaka Putih
31;DKI JAKARTA;3171;KOTA ADM. JAKARTA PUSAT;317101;Gambir
31;DKI JAKARTA;3171;KOTA ADM. JAKARTA PUSAT;317108;Johar Baru
31;DKI JAKARTA;3171;KOTA ADM. JAKARTA PUSAT;317103;Kemayoran
31;DKI JAKARTA;3171;KOTA ADM. JAKARTA PUSAT;317106;Menteng
31;DKI JAKARTA;3171;KOTA ADM. JAKARTA PUSAT;317102;Sawah Besar
31;DKI JAKARTA;3171;KOTA ADM. JAKARTA PUSAT;317104;Senen
31;DKI JAKARTA;3171;KOTA ADM. JAKARTA PUSAT;317107;Tanah Abang
31;DKI JAKARTA;3174;KOTA ADM. JAKARTA SELATAN;317406;Cilandak
31;DKI JAKARTA;3174;KOTA ADM. JAKARTA SELATAN;317409;Jagakarsa
31;DKI JAKARTA;3174;KOTA ADM. JAKARTA SELATAN;317407;Kebayoran Baru
31;DKI JAKARTA;3174;KOTA ADM. JAKARTA SELATAN;317405;Kebayoran Lama
31;DKI JAKARTA;3174;KOTA ADM. JAKARTA SELATAN;317403;Mampang Prapatan
31;DKI JAKARTA;3174;KOTA ADM. JAKARTA SELATAN;317408;Pancoran
31;DKI JAKARTA;3174;KOTA ADM. JAKARTA SELATAN;317404;Pasar Minggu
31;DKI JAKARTA;3174;KOTA ADM. JAKARTA SELATAN;317410;Pesanggrahan
31;DKI JAKARTA;3174;KOTA ADM. JAKARTA SELATAN;317402;Setiabudi
31;DKI JAKARTA;3174;KOTA ADM. JAKARTA SELATAN;317401;Tebet
31;DKI JAKARTA;3175;KOTA ADM. JAKARTA TIMUR;317506;Cakung
31;DKI JAKARTA;3175;KOTA ADM. JAKARTA TIMUR;317510;Cipayung
31;DKI JAKARTA;3175;KOTA ADM. JAKARTA TIMUR;317509;Ciracas
31;DKI JAKARTA;3175;KOTA ADM. JAKARTA TIMUR;317507;Duren Sawit
31;DKI JAKARTA;3175;KOTA ADM. JAKARTA TIMUR;317503;Jatinegara
31;DKI JAKARTA;3175;KOTA ADM. JAKARTA TIMUR;317504;Kramatjati
31;DKI JAKARTA;3175;KOTA ADM. JAKARTA TIMUR;317508;Makasar
31;DKI JAKARTA;3175;KOTA ADM. JAKARTA TIMUR;317501;Matraman
31;DKI JAKARTA;3175;KOTA ADM. JAKARTA TIMUR;317505;Pasar Rebo
31;DKI JAKARTA;3175;KOTA ADM. JAKARTA TIMUR;317502;Pulogadung
31;DKI JAKARTA;3172;KOTA ADM. JAKARTA UTARA;317204;Cilincing
31;DKI JAKARTA;3172;KOTA ADM. JAKARTA UTARA;317206;Kelapa Gading
31;DKI JAKARTA;3172;KOTA ADM. JAKARTA UTARA;317203;Koja
31;DKI JAKARTA;3172;KOTA ADM. JAKARTA UTARA;317205;Pademangan
31;DKI JAKARTA;3172;KOTA ADM. JAKARTA UTARA;317201;Penjaringan
31;DKI JAKARTA;3172;KOTA ADM. JAKARTA UTARA;317202;Tanjung Priok
61;KALIMANTAN BARAT;6107;KAB. BENGKAYANG;610704;Bengkayang
61;KALIMANTAN BARAT;6107;KAB. BENGKAYANG;610711;Capkala
61;KALIMANTAN BARAT;6107;KAB. BENGKAYANG;610707;Jagoi Babang
61;KALIMANTAN BARAT;6107;KAB. BENGKAYANG;610703;Ledo
61;KALIMANTAN BARAT;6107;KAB. BENGKAYANG;610716;Lembah Bawang
61;KALIMANTAN BARAT;6107;KAB. BENGKAYANG;610713;Lumar
61;KALIMANTAN BARAT;6107;KAB. BENGKAYANG;610708;Monterado
61;KALIMANTAN BARAT;6107;KAB. BENGKAYANG;610702;Samalantan
61;KALIMANTAN BARAT;6107;KAB. BENGKAYANG;610706;Sanggau Ledo
61;KALIMANTAN BARAT;6107;KAB. BENGKAYANG;610705;Seluas
61;KALIMANTAN BARAT;6107;KAB. BENGKAYANG;610712;Siding
61;KALIMANTAN BARAT;6107;KAB. BENGKAYANG;610714;Sungai Betung
61;KALIMANTAN BARAT;6107;KAB. BENGKAYANG;610701;Sungai Raya
61;KALIMANTAN BARAT;6107;KAB. BENGKAYANG;610715;Sungai Raya Kepulauan
61;KALIMANTAN BARAT;6107;KAB. BENGKAYANG;610710;Suti Semarang
61;KALIMANTAN BARAT;6107;KAB. BENGKAYANG;610709;Teriak
61;KALIMANTAN BARAT;6107;KAB. BENGKAYANG;610717;Tujuh Belas
61;KALIMANTAN BARAT;6106;KAB. KAPUAS HULU;610614;Badau
61;KALIMANTAN BARAT;6106;KAB. KAPUAS HULU;610612;Batang Lupar
61;KALIMANTAN BARAT;6106;KAB. KAPUAS HULU;610602;Bika
61;KALIMANTAN BARAT;6106;KAB. KAPUAS HULU;610619;Boyan Tanjung
61;KALIMANTAN BARAT;6106;KAB. KAPUAS HULU;610605;Bunut Hilir
61;KALIMANTAN BARAT;6106;KAB. KAPUAS HULU;610606;Bunut Hulu
61;KALIMANTAN BARAT;6106;KAB. KAPUAS HULU;610603;Embaloh Hilir
61;KALIMANTAN BARAT;6106;KAB. KAPUAS HULU;610604;Embaloh Hulu
61;KALIMANTAN BARAT;6106;KAB. KAPUAS HULU;610613;Empanang
61;KALIMANTAN BARAT;6106;KAB. KAPUAS HULU;610608;Hulu Gurung
61;KALIMANTAN BARAT;6106;KAB. KAPUAS HULU;610607;Jongkong
61;KALIMANTAN BARAT;6106;KAB. KAPUAS HULU;610618;Kalis
61;KALIMANTAN BARAT;6106;KAB. KAPUAS HULU;610620;Mentebah
61;KALIMANTAN BARAT;6106;KAB. KAPUAS HULU;610621;Pengkadan
61;KALIMANTAN BARAT;6106;KAB. KAPUAS HULU;610623;Puring Kencana
61;KALIMANTAN BARAT;6106;KAB. KAPUAS HULU;610617;Putussibau Selatan
61;KALIMANTAN BARAT;6106;KAB. KAPUAS HULU;610601;Putussibau Utara
61;KALIMANTAN BARAT;6106;KAB. KAPUAS HULU;610611;Seberuang
61;KALIMANTAN BARAT;6106;KAB. KAPUAS HULU;610609;Selimbau
61;KALIMANTAN BARAT;6106;KAB. KAPUAS HULU;610610;Semitau
61;KALIMANTAN BARAT;6106;KAB. KAPUAS HULU;610615;Silat Hilir
61;KALIMANTAN BARAT;6106;KAB. KAPUAS HULU;610616;Silat Hulu
61;KALIMANTAN BARAT;6106;KAB. KAPUAS HULU;610622;Suhaid
61;KALIMANTAN BARAT;6111;KAB. KAYONG UTARA;611106;Kepulauan Karimata
61;KALIMANTAN BARAT;6111;KAB. KAYONG UTARA;611104;Pulau Maya
61;KALIMANTAN BARAT;6111;KAB. KAYONG UTARA;611105;Seponti
61;KALIMANTAN BARAT;6111;KAB. KAYONG UTARA;611102;Simpang Hilir
61;KALIMANTAN BARAT;6111;KAB. KAYONG UTARA;611101;Sukadana
61;KALIMANTAN BARAT;6111;KAB. KAYONG UTARA;611103;Teluk Batang
61;KALIMANTAN BARAT;6104;KAB. KETAPANG;610421;Air Upas
61;KALIMANTAN BARAT;6104;KAB. KETAPANG;610418;Benua Kayong
61;KALIMANTAN BARAT;6104;KAB. KETAPANG;610416;Delta Pawan
61;KALIMANTAN BARAT;6104;KAB. KETAPANG;610419;Hulu Sungai
61;KALIMANTAN BARAT;6104;KAB. KETAPANG;610414;Jelai Hulu
61;KALIMANTAN BARAT;6104;KAB. KETAPANG;610404;Kendawangan
61;KALIMANTAN BARAT;6104;KAB. KETAPANG;610403;Manis Mata
61;KALIMANTAN BARAT;6104;KAB. KETAPANG;610402;Marau
61;KALIMANTAN BARAT;6104;KAB. KETAPANG;610412;Matan Hilir Selatan
61;KALIMANTAN BARAT;6104;KAB. KETAPANG;610401;Matan Hilir Utara
61;KALIMANTAN BARAT;6104;KAB. KETAPANG;610417;Muara Pawan
61;KALIMANTAN BARAT;6104;KAB. KETAPANG;610411;Nanga Tayap
61;KALIMANTAN BARAT;6104;KAB. KETAPANG;610424;Pemahan
61;KALIMANTAN BARAT;6104;KAB. KETAPANG;610405;Sandai
61;KALIMANTAN BARAT;6104;KAB. KETAPANG;610420;Simpang Dua
61;KALIMANTAN BARAT;6104;KAB. KETAPANG;610408;Simpang Hulu
61;KALIMANTAN BARAT;6104;KAB. KETAPANG;610422;Singkup
61;KALIMANTAN BARAT;6104;KAB. KETAPANG;610407;Sungai Laur
61;KALIMANTAN BARAT;6104;KAB. KETAPANG;610425;Sungai Melayu Rayak
61;KALIMANTAN BARAT;6104;KAB. KETAPANG;610413;Tumbang Titi
61;KALIMANTAN BARAT;6112;KAB. KUBU RAYA;611205;Batu Ampar
61;KALIMANTAN BARAT;6112;KAB. KUBU RAYA;611202;Kuala Mandor B
61;KALIMANTAN BARAT;6112;KAB. KUBU RAYA;611206;Kubu
61;KALIMANTAN BARAT;6112;KAB. KUBU RAYA;611207;Rasau Jaya
61;KALIMANTAN BARAT;6112;KAB. KUBU RAYA;611203;Sungai Ambawang
61;KALIMANTAN BARAT;6112;KAB. KUBU RAYA;611209;Sungai Kakap
61;KALIMANTAN BARAT;6112;KAB. KUBU RAYA;611201;Sungai Raya
61;KALIMANTAN BARAT;6112;KAB. KUBU RAYA;611208;Teluk Pakedai
61;KALIMANTAN BARAT;6112;KAB. KUBU RAYA;611204;Terentang
61;KALIMANTAN BARAT;6108;KAB. LANDAK;610805;Air Besar
61;KALIMANTAN BARAT;6108;KAB. LANDAK;610812;Banyuke Hulu
61;KALIMANTAN BARAT;6108;KAB. LANDAK;610811;Jelimpo
61;KALIMANTAN BARAT;6108;KAB. LANDAK;610809;Kuala Behe
61;KALIMANTAN BARAT;6108;KAB. LANDAK;610804;Mandor
61;KALIMANTAN BARAT;6108;KAB. LANDAK;610802;Mempawah Hulu
61;KALIMANTAN BARAT;6108;KAB. LANDAK;610803;Menjalin
61;KALIMANTAN BARAT;6108;KAB. LANDAK;610806;Menyuke
61;KALIMANTAN BARAT;6108;KAB. LANDAK;610808;Meranti
61;KALIMANTAN BARAT;6108;KAB. LANDAK;610801;Ngabang
61;KALIMANTAN BARAT;6108;KAB. LANDAK;610810;Sebangki
61;KALIMANTAN BARAT;6108;KAB. LANDAK;610807;Sengah Temila
61;KALIMANTAN BARAT;6108;KAB. LANDAK;610813;Sompak
61;KALIMANTAN BARAT;6110;KAB. MELAWI;611001;Belimbing
61;KALIMANTAN BARAT;6110;KAB. MELAWI;611010;Belimbing Hulu
61;KALIMANTAN BARAT;6110;KAB. MELAWI;611003;Ella Hilir
61;KALIMANTAN BARAT;6110;KAB. MELAWI;611004;Menukung
61;KALIMANTAN BARAT;6110;KAB. MELAWI;611002;Nanga Pinoh
61;KALIMANTAN BARAT;6110;KAB. MELAWI;611009;Pinoh Selatan
61;KALIMANTAN BARAT;6110;KAB. MELAWI;611008;Pinoh Utara
61;KALIMANTAN BARAT;6110;KAB. MELAWI;611005;Sayan
61;KALIMANTAN BARAT;6110;KAB. MELAWI;611007;Sokan
61;KALIMANTAN BARAT;6110;KAB. MELAWI;611006;Tanah Pinoh
61;KALIMANTAN BARAT;6110;KAB. MELAWI;611011;Tanah Pinoh Barat
61;KALIMANTAN BARAT;6102;KAB. MEMPAWAH;610216;Anjongan
61;KALIMANTAN BARAT;6102;KAB. MEMPAWAH;610201;Mempawah Hilir
61;KALIMANTAN BARAT;6102;KAB. MEMPAWAH;610218;Mempawah Timur
61;KALIMANTAN BARAT;6102;KAB. MEMPAWAH;610217;Sadaniang
61;KALIMANTAN BARAT;6102;KAB. MEMPAWAH;610215;Segedong
61;KALIMANTAN BARAT;6102;KAB. MEMPAWAH;610208;Siantan
61;KALIMANTAN BARAT;6102;KAB. MEMPAWAH;610212;Sungai Kunyit
61;KALIMANTAN BARAT;6102;KAB. MEMPAWAH;610207;Sungai Pinyuh
61;KALIMANTAN BARAT;6102;KAB. MEMPAWAH;610206;Toho
61;KALIMANTAN BARAT;6101;KAB. SAMBAS;610111;Galing
61;KALIMANTAN BARAT;6101;KAB. SAMBAS;610103;Jawai
61;KALIMANTAN BARAT;6101;KAB. SAMBAS;610116;Jawai Selatan
61;KALIMANTAN BARAT;6101;KAB. SAMBAS;610108;Paloh
61;KALIMANTAN BARAT;6101;KAB. SAMBAS;610105;Pemangkat
61;KALIMANTAN BARAT;6101;KAB. SAMBAS;610114;Sajad
61;KALIMANTAN BARAT;6101;KAB. SAMBAS;610109;Sajingan Besar
61;KALIMANTAN BARAT;6101;KAB. SAMBAS;610118;Salatiga
61;KALIMANTAN BARAT;6101;KAB. SAMBAS;610101;Sambas
61;KALIMANTAN BARAT;6101;KAB. SAMBAS;610115;Sebawi
61;KALIMANTAN BARAT;6101;KAB. SAMBAS;610106;Sejangkung
61;KALIMANTAN BARAT;6101;KAB. SAMBAS;610107;Selakau
61;KALIMANTAN BARAT;6101;KAB. SAMBAS;610119;Selakau Timur
61;KALIMANTAN BARAT;6101;KAB. SAMBAS;610113;Semparuk
61;KALIMANTAN BARAT;6101;KAB. SAMBAS;610110;Subah
61;KALIMANTAN BARAT;6101;KAB. SAMBAS;610117;Tangaran
61;KALIMANTAN BARAT;6101;KAB. SAMBAS;610104;Tebas
61;KALIMANTAN BARAT;6101;KAB. SAMBAS;610112;Tekarang
61;KALIMANTAN BARAT;6101;KAB. SAMBAS;610102;Teluk Keramat
61;KALIMANTAN BARAT;6103;KAB. SANGGAU;610312;Balai
61;KALIMANTAN BARAT;6103;KAB. SANGGAU;610306;Beduai
61;KALIMANTAN BARAT;6103;KAB. SANGGAU;610305;Bonti
61;KALIMANTAN BARAT;6103;KAB. SANGGAU;610321;Entikong
61;KALIMANTAN BARAT;6103;KAB. SANGGAU;610304;Jangkang
61;KALIMANTAN BARAT;6103;KAB. SANGGAU;610301;Kapuas
61;KALIMANTAN BARAT;6103;KAB. SANGGAU;610308;Kembayan
61;KALIMANTAN BARAT;6103;KAB. SANGGAU;610320;Meliau
61;KALIMANTAN BARAT;6103;KAB. SANGGAU;610302;Mukok
61;KALIMANTAN BARAT;6103;KAB. SANGGAU;610303;Noyan
61;KALIMANTAN BARAT;6103;KAB. SANGGAU;610309;Parindu
61;KALIMANTAN BARAT;6103;KAB. SANGGAU;610307;Sekayam
61;KALIMANTAN BARAT;6103;KAB. SANGGAU;610311;Tayan Hilir
61;KALIMANTAN BARAT;6103;KAB. SANGGAU;610310;Tayan Hulu
61;KALIMANTAN BARAT;6103;KAB. SANGGAU;610313;Toba
61;KALIMANTAN BARAT;6109;KAB. SEKADAU;610907;Belitang
61;KALIMANTAN BARAT;6109;KAB. SEKADAU;610905;Belitang Hilir
61;KALIMANTAN BARAT;6109;KAB. SEKADAU;610906;Belitang Hulu
61;KALIMANTAN BARAT;6109;KAB. SEKADAU;610904;Nanga Mahap
61;KALIMANTAN BARAT;6109;KAB. SEKADAU;610903;Nanga Taman
61;KALIMANTAN BARAT;6109;KAB. SEKADAU;610901;Sekadau Hilir
61;KALIMANTAN BARAT;6109;KAB. SEKADAU;610902;Sekadau Hulu
61;KALIMANTAN BARAT;6105;KAB. SINTANG;610515;Ambalau
61;KALIMANTAN BARAT;6105;KAB. SINTANG;610521;Binjai Hulu
61;KALIMANTAN BARAT;6105;KAB. SINTANG;610507;Dedai
61;KALIMANTAN BARAT;6105;KAB. SINTANG;610508;Kayan Hilir
61;KALIMANTAN BARAT;6105;KAB. SINTANG;610509;Kayan Hulu
61;KALIMANTAN BARAT;6105;KAB. SINTANG;610519;Kelam Permai
61;KALIMANTAN BARAT;6105;KAB. SINTANG;610504;Ketungau Hilir
61;KALIMANTAN BARAT;6105;KAB. SINTANG;610506;Ketungau Hulu
61;KALIMANTAN BARAT;6105;KAB. SINTANG;610505;Ketungau Tengah
61;KALIMANTAN BARAT;6105;KAB. SINTANG;610503;Sepauk
61;KALIMANTAN BARAT;6105;KAB. SINTANG;610514;Serawai
61;KALIMANTAN BARAT;6105;KAB. SINTANG;610501;Sintang
61;KALIMANTAN BARAT;6105;KAB. SINTANG;610520;Sungai Tebelian
61;KALIMANTAN BARAT;6105;KAB. SINTANG;610502;Tempunak
61;KALIMANTAN BARAT;6171;KOTA PONTIANAK;617103;Pontianak Barat
61;KALIMANTAN BARAT;6171;KOTA PONTIANAK;617105;Pontianak Kota
61;KALIMANTAN BARAT;6171;KOTA PONTIANAK;617101;Pontianak Selatan
61;KALIMANTAN BARAT;6171;KOTA PONTIANAK;617106;Pontianak Tenggara
61;KALIMANTAN BARAT;6171;KOTA PONTIANAK;617102;Pontianak Timur
61;KALIMANTAN BARAT;6171;KOTA PONTIANAK;617104;Pontianak Utara
61;KALIMANTAN BARAT;6172;KOTA SINGKAWANG;617202;Singkawang Barat
61;KALIMANTAN BARAT;6172;KOTA SINGKAWANG;617205;Singkawang Selatan
61;KALIMANTAN BARAT;6172;KOTA SINGKAWANG;617201;Singkawang Tengah
61;KALIMANTAN BARAT;6172;KOTA SINGKAWANG;617203;Singkawang Timur
61;KALIMANTAN BARAT;6172;KOTA SINGKAWANG;617204;Singkawang Utara
81;MALUKU;8104;KAB. BURU;810402;Air Buaya
81;MALUKU;8104;KAB. BURU;810410;Batabual
81;MALUKU;8104;KAB. BURU;810413;Fena Leisela
81;MALUKU;8104;KAB. BURU;810415;Lilialy
81;MALUKU;8104;KAB. BURU;810411;Lolong Guba
81;MALUKU;8104;KAB. BURU;810401;Namlea
81;MALUKU;8104;KAB. BURU;810414;Teluk Kaiely
81;MALUKU;8104;KAB. BURU;810403;Waeapo
81;MALUKU;8104;KAB. BURU;810412;Waelata
81;MALUKU;8104;KAB. BURU;810406;Waplau
81;MALUKU;8109;KAB. BURU SELATAN;810903;Ambalau
81;MALUKU;8109;KAB. BURU SELATAN;810906;Fena Fafan
81;MALUKU;8109;KAB. BURU SELATAN;810904;Kepala Madan
81;MALUKU;8109;KAB. BURU SELATAN;810905;Leksula
81;MALUKU;8109;KAB. BURU SELATAN;810901;Namrole
81;MALUKU;8109;KAB. BURU SELATAN;810902;Waesama
81;MALUKU;8107;KAB. KEPULAUAN ARU;810702;Aru Selatan
81;MALUKU;8107;KAB. KEPULAUAN ARU;810709;Aru Selatan Timur
81;MALUKU;8107;KAB. KEPULAUAN ARU;810710;Aru Selatan Utara
81;MALUKU;8107;KAB. KEPULAUAN ARU;810703;Aru Tengah
81;MALUKU;8107;KAB. KEPULAUAN ARU;810708;Aru Tengah Selatan
81;MALUKU;8107;KAB. KEPULAUAN ARU;810707;Aru Tengah Timur
81;MALUKU;8107;KAB. KEPULAUAN ARU;810704;Aru Utara
81;MALUKU;8107;KAB. KEPULAUAN ARU;810705;Aru Utara Timur Batuley
81;MALUKU;8107;KAB. KEPULAUAN ARU;810701;Pulau-Pulau Aru
81;MALUKU;8107;KAB. KEPULAUAN ARU;810706;Sir-Sir
81;MALUKU;8103;KAB. KEPULAUAN TANIMBAR;810308;Kormomolin
81;MALUKU;8103;KAB. KEPULAUAN TANIMBAR;810318;Molu Maru
81;MALUKU;8103;KAB. KEPULAUAN TANIMBAR;810309;Nirunmas
81;MALUKU;8103;KAB. KEPULAUAN TANIMBAR;810302;Selaru
81;MALUKU;8103;KAB. KEPULAUAN TANIMBAR;810301;Tanimbar Selatan
81;MALUKU;8103;KAB. KEPULAUAN TANIMBAR;810305;Tanimbar Utara
81;MALUKU;8103;KAB. KEPULAUAN TANIMBAR;810304;Wer Maktian
81;MALUKU;8103;KAB. KEPULAUAN TANIMBAR;810303;Wer Tamrian
81;MALUKU;8103;KAB. KEPULAUAN TANIMBAR;810307;Wuar Labobar
81;MALUKU;8103;KAB. KEPULAUAN TANIMBAR;810306;Yaru
81;MALUKU;8108;KAB. MALUKU BARAT DAYA;810802;Damer
81;MALUKU;8108;KAB. MALUKU BARAT DAYA;810810;Dawelor Dawera
81;MALUKU;8108;KAB. MALUKU BARAT DAYA;810816;Kepulauan Romang
81;MALUKU;8108;KAB. MALUKU BARAT DAYA;810817;Kisar Utara
81;MALUKU;8108;KAB. MALUKU BARAT DAYA;810803;Mndona Hiera
81;MALUKU;8108;KAB. MALUKU BARAT DAYA;810801;Moa Lakor
81;MALUKU;8108;KAB. MALUKU BARAT DAYA;810812;Pulau Lakor
81;MALUKU;8108;KAB. MALUKU BARAT DAYA;810808;Pulau Leti
81;MALUKU;8108;KAB. MALUKU BARAT DAYA;810809;Pulau Masela
81;MALUKU;8108;KAB. MALUKU BARAT DAYA;810811;Pulau Wetang
81;MALUKU;8108;KAB. MALUKU BARAT DAYA;810804;Pulau-Pulau Babar
81;MALUKU;8108;KAB. MALUKU BARAT DAYA;810805;Pulau-pulau Babar Timur
81;MALUKU;8108;KAB. MALUKU BARAT DAYA;810807;Pulau-pulau Terselatan
81;MALUKU;8108;KAB. MALUKU BARAT DAYA;810806;Wetar
81;MALUKU;8108;KAB. MALUKU BARAT DAYA;810814;Wetar Barat
81;MALUKU;8108;KAB. MALUKU BARAT DAYA;810815;Wetar Timur
81;MALUKU;8108;KAB. MALUKU BARAT DAYA;810813;Wetar Utara
81;MALUKU;8101;KAB. MALUKU TENGAH;810101;Amahai
81;MALUKU;8101;KAB. MALUKU TENGAH;810109;Banda
81;MALUKU;8101;KAB. MALUKU TENGAH;810117;Kota Masohi
81;MALUKU;8101;KAB. MALUKU TENGAH;810115;Leihitu
81;MALUKU;8101;KAB. MALUKU TENGAH;810122;Leihitu Barat
81;MALUKU;8101;KAB. MALUKU TENGAH;810116;Nusa Laut
81;MALUKU;8101;KAB. MALUKU TENGAH;810113;Pulau Haruku
81;MALUKU;8101;KAB. MALUKU TENGAH;810114;Salahutu
81;MALUKU;8101;KAB. MALUKU TENGAH;810112;Saparua
81;MALUKU;8101;KAB. MALUKU TENGAH;810126;Saparua Timur
81;MALUKU;8101;KAB. MALUKU TENGAH;810106;Seram Utara
81;MALUKU;8101;KAB. MALUKU TENGAH;810120;Seram Utara Barat
81;MALUKU;8101;KAB. MALUKU TENGAH;810125;Seram Utara Timur Kobi
81;MALUKU;8101;KAB. MALUKU TENGAH;810124;Seram Utara Timur Seti
81;MALUKU;8101;KAB. MALUKU TENGAH;810111;Tehoru
81;MALUKU;8101;KAB. MALUKU TENGAH;810121;Teluk Elpaputih
81;MALUKU;8101;KAB. MALUKU TENGAH;810123;Telutih
81;MALUKU;8101;KAB. MALUKU TENGAH;810102;Teon Nila Serua
81;MALUKU;8102;KAB. MALUKU TENGGARA;810216;Hoat Sorbay
81;MALUKU;8102;KAB. MALUKU TENGGARA;810203;Kei Besar
81;MALUKU;8102;KAB. MALUKU TENGGARA;810204;Kei Besar Selatan
81;MALUKU;8102;KAB. MALUKU TENGGARA;810218;Kei Besar Selatan Barat
81;MALUKU;8102;KAB. MALUKU TENGGARA;810217;Kei Besar Utara Barat
81;MALUKU;8102;KAB. MALUKU TENGGARA;810205;Kei Besar Utara Timur
81;MALUKU;8102;KAB. MALUKU TENGGARA;810201;Kei Kecil
81;MALUKU;8102;KAB. MALUKU TENGGARA;810214;Kei Kecil Barat
81;MALUKU;8102;KAB. MALUKU TENGGARA;810213;Kei Kecil Timur
81;MALUKU;8102;KAB. MALUKU TENGGARA;810219;Kei Kecil Timur Selatan
81;MALUKU;8102;KAB. MALUKU TENGGARA;810215;Manyeuw
81;MALUKU;8106;KAB. SERAM BAGIAN BARAT;810605;Amalatu
81;MALUKU;8106;KAB. SERAM BAGIAN BARAT;810611;Elpaputih
81;MALUKU;8106;KAB. SERAM BAGIAN BARAT;810608;Huamual
81;MALUKU;8106;KAB. SERAM BAGIAN BARAT;810604;Huamual Belakang
81;MALUKU;8106;KAB. SERAM BAGIAN BARAT;810606;Inamosol
81;MALUKU;8106;KAB. SERAM BAGIAN BARAT;810601;Kairatu
81;MALUKU;8106;KAB. SERAM BAGIAN BARAT;810607;Kairatu Barat
81;MALUKU;8106;KAB. SERAM BAGIAN BARAT;810609;Kepulauan Manipa
81;MALUKU;8106;KAB. SERAM BAGIAN BARAT;810602;Seram Barat
81;MALUKU;8106;KAB. SERAM BAGIAN BARAT;810603;Taniwel
81;MALUKU;8106;KAB. SERAM BAGIAN BARAT;810610;Taniwel Timur
81;MALUKU;8105;KAB. SERAM BAGIAN TIMUR;810501;Bula
81;MALUKU;8105;KAB. SERAM BAGIAN TIMUR;810512;Bula Barat
81;MALUKU;8105;KAB. SERAM BAGIAN TIMUR;810511;Gorom Timur
81;MALUKU;8105;KAB. SERAM BAGIAN TIMUR;810513;Kian Darat
81;MALUKU;8105;KAB. SERAM BAGIAN TIMUR;810508;Kilmury
81;MALUKU;8105;KAB. SERAM BAGIAN TIMUR;810504;Pulau Gorom
81;MALUKU;8105;KAB. SERAM BAGIAN TIMUR;810509;Pulau Panjang
81;MALUKU;8105;KAB. SERAM BAGIAN TIMUR;810502;Seram Timur
81;MALUKU;8105;KAB. SERAM BAGIAN TIMUR;810514;Siritaun Wida Timur
81;MALUKU;8105;KAB. SERAM BAGIAN TIMUR;810507;Siwalalat
81;MALUKU;8105;KAB. SERAM BAGIAN TIMUR;810515;Teluk Waru
81;MALUKU;8105;KAB. SERAM BAGIAN TIMUR;810510;Teor
81;MALUKU;8105;KAB. SERAM BAGIAN TIMUR;810506;Tutuk Tolu
81;MALUKU;8105;KAB. SERAM BAGIAN TIMUR;810505;Wakate
81;MALUKU;8105;KAB. SERAM BAGIAN TIMUR;810503;Werinama
81;MALUKU;8171;KOTA AMBON;817103;Baguala
81;MALUKU;8171;KOTA AMBON;817105;Leitimur Selatan
81;MALUKU;8171;KOTA AMBON;817101;Nusaniwe
81;MALUKU;8171;KOTA AMBON;817102;Sirimau
81;MALUKU;8171;KOTA AMBON;817104;Teluk Ambon
81;MALUKU;8172;KOTA TUAL;817205;Kur Selatan
81;MALUKU;8172;KOTA TUAL;817202;Pulau Dullah Selatan
81;MALUKU;8172;KOTA TUAL;817201;Pulau Dullah Utara
81;MALUKU;8172;KOTA TUAL;817204;Pulau-Pulau Kur
81;MALUKU;8172;KOTA TUAL;817203;Tayando Tam
82;MALUKU UTARA;8201;KAB. HALMAHERA BARAT;820103;Ibu
82;MALUKU UTARA;8201;KAB. HALMAHERA BARAT;820108;Ibu Selatan
82;MALUKU UTARA;8201;KAB. HALMAHERA BARAT;820107;Ibu Utara
82;MALUKU UTARA;8201;KAB. HALMAHERA BARAT;820101;Jailolo
82;MALUKU UTARA;8201;KAB. HALMAHERA BARAT;820105;Jailolo Selatan
82;MALUKU UTARA;8201;KAB. HALMAHERA BARAT;820102;Loloda
82;MALUKU UTARA;8201;KAB. HALMAHERA BARAT;820110;Loloda Tengah
82;MALUKU UTARA;8201;KAB. HALMAHERA BARAT;820104;Sahu
82;MALUKU UTARA;8201;KAB. HALMAHERA BARAT;820109;Sahu Timur
82;MALUKU UTARA;8204;KAB. HALMAHERA SELATAN;820408;Bacan
82;MALUKU UTARA;8204;KAB. HALMAHERA SELATAN;820409;Bacan Barat
82;MALUKU UTARA;8204;KAB. HALMAHERA SELATAN;820414;Bacan Barat Utara
82;MALUKU UTARA;8204;KAB. HALMAHERA SELATAN;820417;Bacan Selatan
82;MALUKU UTARA;8204;KAB. HALMAHERA SELATAN;820407;Bacan Timur
82;MALUKU UTARA;8204;KAB. HALMAHERA SELATAN;820421;Bacan Timur Selatan
82;MALUKU UTARA;8204;KAB. HALMAHERA SELATAN;820422;Bacan Timur Tengah
82;MALUKU UTARA;8204;KAB. HALMAHERA SELATAN;820404;Gane Barat
82;MALUKU UTARA;8204;KAB. HALMAHERA SELATAN;820423;Gane Barat Selatan
82;MALUKU UTARA;8204;KAB. HALMAHERA SELATAN;820424;Gane Barat Utara
82;MALUKU UTARA;8204;KAB. HALMAHERA SELATAN;820403;Gane Timur
82;MALUKU UTARA;8204;KAB. HALMAHERA SELATAN;820426;Gane Timur Selatan
82;MALUKU UTARA;8204;KAB. HALMAHERA SELATAN;820427;Gane Timur Tengah
82;MALUKU UTARA;8204;KAB. HALMAHERA SELATAN;820415;Kasiruta Barat
82;MALUKU UTARA;8204;KAB. HALMAHERA SELATAN;820416;Kasiruta Timur
82;MALUKU UTARA;8204;KAB. HALMAHERA SELATAN;820402;Kayoa
82;MALUKU UTARA;8204;KAB. HALMAHERA SELATAN;820411;Kayoa Barat
82;MALUKU UTARA;8204;KAB. HALMAHERA SELATAN;820412;Kayoa Selatan
82;MALUKU UTARA;8204;KAB. HALMAHERA SELATAN;820413;Kayoa Utara
82;MALUKU UTARA;8204;KAB. HALMAHERA SELATAN;820418;Kepulauan Botanglomang
82;MALUKU UTARA;8204;KAB. HALMAHERA SELATAN;820425;Kepulauan Joronga
82;MALUKU UTARA;8204;KAB. HALMAHERA SELATAN;820410;Makian Barat
82;MALUKU UTARA;8204;KAB. HALMAHERA SELATAN;820419;Mandioli Selatan
82;MALUKU UTARA;8204;KAB. HALMAHERA SELATAN;820420;Mandioli Utara
82;MALUKU UTARA;8204;KAB. HALMAHERA SELATAN;820406;Obi
82;MALUKU UTARA;8204;KAB. HALMAHERA SELATAN;820428;Obi Barat
82;MALUKU UTARA;8204;KAB. HALMAHERA SELATAN;820405;Obi Selatan
82;MALUKU UTARA;8204;KAB. HALMAHERA SELATAN;820429;Obi Timur
82;MALUKU UTARA;8204;KAB. HALMAHERA SELATAN;820430;Obi Utara
82;MALUKU UTARA;8204;KAB. HALMAHERA SELATAN;820401;Pulau Makian
82;MALUKU UTARA;8202;KAB. HALMAHERA TENGAH;820202;Patani
82;MALUKU UTARA;8202;KAB. HALMAHERA TENGAH;820208;Patani Barat
82;MALUKU UTARA;8202;KAB. HALMAHERA TENGAH;820210;Patani Timur
82;MALUKU UTARA;8202;KAB. HALMAHERA TENGAH;820206;Patani Utara
82;MALUKU UTARA;8202;KAB. HALMAHERA TENGAH;820203;Pulau Gebe
82;MALUKU UTARA;8202;KAB. HALMAHERA TENGAH;820201;Weda
82;MALUKU UTARA;8202;KAB. HALMAHERA TENGAH;820205;Weda Selatan
82;MALUKU UTARA;8202;KAB. HALMAHERA TENGAH;820207;Weda Tengah
82;MALUKU UTARA;8202;KAB. HALMAHERA TENGAH;820209;Weda Timur
82;MALUKU UTARA;8202;KAB. HALMAHERA TENGAH;820204;Weda Utara
82;MALUKU UTARA;8206;KAB. HALMAHERA TIMUR;820610;Kota Maba
82;MALUKU UTARA;8206;KAB. HALMAHERA TIMUR;820602;Maba
82;MALUKU UTARA;8206;KAB. HALMAHERA TIMUR;820603;Maba Selatan
82;MALUKU UTARA;8206;KAB. HALMAHERA TIMUR;820608;Maba Tengah
82;MALUKU UTARA;8206;KAB. HALMAHERA TIMUR;820609;Maba Utara
82;MALUKU UTARA;8206;KAB. HALMAHERA TIMUR;820601;Wasile
82;MALUKU UTARA;8206;KAB. HALMAHERA TIMUR;820604;Wasile Selatan
82;MALUKU UTARA;8206;KAB. HALMAHERA TIMUR;820605;Wasile Tengah
82;MALUKU UTARA;8206;KAB. HALMAHERA TIMUR;820607;Wasile Timur
82;MALUKU UTARA;8206;KAB. HALMAHERA TIMUR;820606;Wasile Utara
82;MALUKU UTARA;8203;KAB. HALMAHERA UTARA;820304;Galela
82;MALUKU UTARA;8203;KAB. HALMAHERA UTARA;820314;Galela Barat
82;MALUKU UTARA;8203;KAB. HALMAHERA UTARA;820316;Galela Selatan
82;MALUKU UTARA;8203;KAB. HALMAHERA UTARA;820315;Galela Utara
82;MALUKU UTARA;8203;KAB. HALMAHERA UTARA;820307;Kao
82;MALUKU UTARA;8203;KAB. HALMAHERA UTARA;820321;Kao Barat
82;MALUKU UTARA;8203;KAB. HALMAHERA UTARA;820322;Kao Teluk
82;MALUKU UTARA;8203;KAB. HALMAHERA UTARA;820320;Kao Utara
82;MALUKU UTARA;8203;KAB. HALMAHERA UTARA;820319;Loloda Kepulauan
82;MALUKU UTARA;8203;KAB. HALMAHERA UTARA;820309;Loloda Utara
82;MALUKU UTARA;8203;KAB. HALMAHERA UTARA;820308;Malifut
82;MALUKU UTARA;8203;KAB. HALMAHERA UTARA;820305;Tobelo
82;MALUKU UTARA;8203;KAB. HALMAHERA UTARA;820313;Tobelo Barat
82;MALUKU UTARA;8203;KAB. HALMAHERA UTARA;820306;Tobelo Selatan
82;MALUKU UTARA;8203;KAB. HALMAHERA UTARA;820311;Tobelo Tengah
82;MALUKU UTARA;8203;KAB. HALMAHERA UTARA;820312;Tobelo Timur
82;MALUKU UTARA;8203;KAB. HALMAHERA UTARA;820310;Tobelo Utara
82;MALUKU UTARA;8205;KAB. KEPULAUAN SULA;820506;Mangoli Barat
82;MALUKU UTARA;8205;KAB. KEPULAUAN SULA;820512;Mangoli Selatan
82;MALUKU UTARA;8205;KAB. KEPULAUAN SULA;820511;Mangoli Tengah
82;MALUKU UTARA;8205;KAB. KEPULAUAN SULA;820501;Mangoli Timur
82;MALUKU UTARA;8205;KAB. KEPULAUAN SULA;820513;Mangoli Utara
82;MALUKU UTARA;8205;KAB. KEPULAUAN SULA;820510;Mangoli Utara Timur
82;MALUKU UTARA;8205;KAB. KEPULAUAN SULA;820502;Sanana
82;MALUKU UTARA;8205;KAB. KEPULAUAN SULA;820518;Sanana Utara
82;MALUKU UTARA;8205;KAB. KEPULAUAN SULA;820503;Sulabesi Barat
82;MALUKU UTARA;8205;KAB. KEPULAUAN SULA;820509;Sulabesi Selatan
82;MALUKU UTARA;8205;KAB. KEPULAUAN SULA;820507;Sulabesi Tengah
82;MALUKU UTARA;8205;KAB. KEPULAUAN SULA;820508;Sulabesi Timur
82;MALUKU UTARA;8207;KAB. PULAU MOROTAI;820703;Morotai Jaya
82;MALUKU UTARA;8207;KAB. PULAU MOROTAI;820701;Morotai Selatan
82;MALUKU UTARA;8207;KAB. PULAU MOROTAI;820702;Morotai Selatan Barat
82;MALUKU UTARA;8207;KAB. PULAU MOROTAI;820705;Morotai Timur
82;MALUKU UTARA;8207;KAB. PULAU MOROTAI;820704;Morotai Utara
82;MALUKU UTARA;8207;KAB. PULAU MOROTAI;820706;Pulau Rao
82;MALUKU UTARA;8208;KAB. PULAU TALIABU;820803;Lede
82;MALUKU UTARA;8208;KAB. PULAU TALIABU;820808;Tabona
82;MALUKU UTARA;8208;KAB. PULAU TALIABU;820801;Taliabu Barat
82;MALUKU UTARA;8208;KAB. PULAU TALIABU;820802;Taliabu Barat Laut
82;MALUKU UTARA;8208;KAB. PULAU TALIABU;820807;Taliabu Selatan
82;MALUKU UTARA;8208;KAB. PULAU TALIABU;820805;Taliabu Timur
82;MALUKU UTARA;8208;KAB. PULAU TALIABU;820806;Taliabu Timur Selatan
82;MALUKU UTARA;8208;KAB. PULAU TALIABU;820804;Taliabu Utara
82;MALUKU UTARA;8271;KOTA TERNATE;827102;Kota Ternate Selatan
82;MALUKU UTARA;8271;KOTA TERNATE;827106;Kota Ternate Tengah
82;MALUKU UTARA;8271;KOTA TERNATE;827103;Kota Ternate Utara
82;MALUKU UTARA;8271;KOTA TERNATE;827104;Moti
82;MALUKU UTARA;8271;KOTA TERNATE;827105;Pulau Batang Dua
82;MALUKU UTARA;8271;KOTA TERNATE;827107;Pulau Hiri
82;MALUKU UTARA;8271;KOTA TERNATE;827101;Pulau Ternate
82;MALUKU UTARA;8271;KOTA TERNATE;827108;Ternate Barat
82;MALUKU UTARA;8272;KOTA TIDORE KEPULAUAN;827203;Oba
82;MALUKU UTARA;8272;KOTA TIDORE KEPULAUAN;827207;Oba Selatan
82;MALUKU UTARA;8272;KOTA TIDORE KEPULAUAN;827206;Oba Tengah
82;MALUKU UTARA;8272;KOTA TIDORE KEPULAUAN;827202;Oba Utara
82;MALUKU UTARA;8272;KOTA TIDORE KEPULAUAN;827201;Tidore
82;MALUKU UTARA;8272;KOTA TIDORE KEPULAUAN;827204;Tidore Selatan
82;MALUKU UTARA;8272;KOTA TIDORE KEPULAUAN;827208;Tidore Timur
82;MALUKU UTARA;8272;KOTA TIDORE KEPULAUAN;827205;Tidore Utara
65;KALIMANTAN UTARA;6501;KAB. BULUNGAN;650110;Bunyu
65;KALIMANTAN UTARA;6501;KAB. BULUNGAN;650107;Peso
65;KALIMANTAN UTARA;6501;KAB. BULUNGAN;650108;Peso Hilir
65;KALIMANTAN UTARA;6501;KAB. BULUNGAN;650109;Sekatak
65;KALIMANTAN UTARA;6501;KAB. BULUNGAN;650101;Tanjung Palas
65;KALIMANTAN UTARA;6501;KAB. BULUNGAN;650102;Tanjung Palas Barat
65;KALIMANTAN UTARA;6501;KAB. BULUNGAN;650106;Tanjung Palas Tengah
65;KALIMANTAN UTARA;6501;KAB. BULUNGAN;650104;Tanjung Palas Timur
65;KALIMANTAN UTARA;6501;KAB. BULUNGAN;650103;Tanjung Palas Utara
65;KALIMANTAN UTARA;6501;KAB. BULUNGAN;650105;Tanjung Selor
65;KALIMANTAN UTARA;6502;KAB. MALINAU;650211;Bahau Hulu
65;KALIMANTAN UTARA;6502;KAB. MALINAU;650204;Kayan Hilir
65;KALIMANTAN UTARA;6502;KAB. MALINAU;650205;Kayan Hulu
65;KALIMANTAN UTARA;6502;KAB. MALINAU;650210;Kayan Selatan
65;KALIMANTAN UTARA;6502;KAB. MALINAU;650208;Malinau Barat
65;KALIMANTAN UTARA;6502;KAB. MALINAU;650202;Malinau Kota
65;KALIMANTAN UTARA;6502;KAB. MALINAU;650206;Malinau Selatan
65;KALIMANTAN UTARA;6502;KAB. MALINAU;650213;Malinau Selatan Hilir
65;KALIMANTAN UTARA;6502;KAB. MALINAU;650214;Malinau Selatan Hulu
65;KALIMANTAN UTARA;6502;KAB. MALINAU;650207;Malinau Utara
65;KALIMANTAN UTARA;6502;KAB. MALINAU;650201;Mentarang
65;KALIMANTAN UTARA;6502;KAB. MALINAU;650212;Mentarang Hulu
65;KALIMANTAN UTARA;6502;KAB. MALINAU;650203;Pujungan
65;KALIMANTAN UTARA;6502;KAB. MALINAU;650209;Sungai Boh
65;KALIMANTAN UTARA;6502;KAB. MALINAU;650215;Sungai Tubu
65;KALIMANTAN UTARA;6503;KAB. NUNUKAN;650305;Krayan
65;KALIMANTAN UTARA;6503;KAB. NUNUKAN;650319;Krayan Barat
65;KALIMANTAN UTARA;6503;KAB. NUNUKAN;650307;Krayan Selatan
65;KALIMANTAN UTARA;6503;KAB. NUNUKAN;650317;Krayan Tengah
65;KALIMANTAN UTARA;6503;KAB. NUNUKAN;650318;Krayan Timur
65;KALIMANTAN UTARA;6503;KAB. NUNUKAN;650304;Lumbis
65;KALIMANTAN UTARA;6503;KAB. NUNUKAN;650321;Lumbis Hulu
65;KALIMANTAN UTARA;6503;KAB. NUNUKAN;650315;Lumbis Ogong
65;KALIMANTAN UTARA;6503;KAB. NUNUKAN;650320;Lumbis Pansiangan
65;KALIMANTAN UTARA;6503;KAB. NUNUKAN;650302;Nunukan
65;KALIMANTAN UTARA;6503;KAB. NUNUKAN;650309;Nunukan Selatan
65;KALIMANTAN UTARA;6503;KAB. NUNUKAN;650301;Sebatik
65;KALIMANTAN UTARA;6503;KAB. NUNUKAN;650308;Sebatik Barat
65;KALIMANTAN UTARA;6503;KAB. NUNUKAN;650312;Sebatik Tengah
65;KALIMANTAN UTARA;6503;KAB. NUNUKAN;650310;Sebatik Timur
65;KALIMANTAN UTARA;6503;KAB. NUNUKAN;650311;Sebatik Utara
65;KALIMANTAN UTARA;6503;KAB. NUNUKAN;650306;Sebuku
65;KALIMANTAN UTARA;6503;KAB. NUNUKAN;650313;Sei Menggaris
65;KALIMANTAN UTARA;6503;KAB. NUNUKAN;650303;Sembakung
65;KALIMANTAN UTARA;6503;KAB. NUNUKAN;650316;Sembakung Atulai
65;KALIMANTAN UTARA;6503;KAB. NUNUKAN;650314;Tulin Onsoi
65;KALIMANTAN UTARA;6504;KAB. TANA TIDUNG;650404;Betayau
65;KALIMANTAN UTARA;6504;KAB. TANA TIDUNG;650405;Muruk Rian
65;KALIMANTAN UTARA;6504;KAB. TANA TIDUNG;650401;Sesayap
65;KALIMANTAN UTARA;6504;KAB. TANA TIDUNG;650402;Sesayap Hilir
65;KALIMANTAN UTARA;6504;KAB. TANA TIDUNG;650403;Tana Lia
65;KALIMANTAN UTARA;6571;KOTA TARAKAN;657101;Tarakan Barat
65;KALIMANTAN UTARA;6571;KOTA TARAKAN;657102;Tarakan Tengah
65;KALIMANTAN UTARA;6571;KOTA TARAKAN;657103;Tarakan Timur
65;KALIMANTAN UTARA;6571;KOTA TARAKAN;657104;Tarakan Utara
35;JAWA TIMUR;3526;KAB. BANGKALAN;352605;Arosbaya
35;JAWA TIMUR;3526;KAB. BANGKALAN;352601;Bangkalan
35;JAWA TIMUR;3526;KAB. BANGKALAN;352615;Blega
35;JAWA TIMUR;3526;KAB. BANGKALAN;352603;Burneh
35;JAWA TIMUR;3526;KAB. BANGKALAN;352618;Galis
35;JAWA TIMUR;3526;KAB. BANGKALAN;352606;Geger
35;JAWA TIMUR;3526;KAB. BANGKALAN;352604;Kamal
35;JAWA TIMUR;3526;KAB. BANGKALAN;352607;Klampis
35;JAWA TIMUR;3526;KAB. BANGKALAN;352610;Kokop
35;JAWA TIMUR;3526;KAB. BANGKALAN;352617;Konang
35;JAWA TIMUR;3526;KAB. BANGKALAN;352611;Kwanyar
35;JAWA TIMUR;3526;KAB. BANGKALAN;352612;Labang
35;JAWA TIMUR;3526;KAB. BANGKALAN;352616;Modung
35;JAWA TIMUR;3526;KAB. BANGKALAN;352608;Sepulu
35;JAWA TIMUR;3526;KAB. BANGKALAN;352602;Socah
35;JAWA TIMUR;3526;KAB. BANGKALAN;352613;Tanah Merah
35;JAWA TIMUR;3526;KAB. BANGKALAN;352609;Tanjung Bumi
35;JAWA TIMUR;3526;KAB. BANGKALAN;352614;Tragah
35;JAWA TIMUR;3510;KAB. BANYUWANGI;351002;Bangorejo
35;JAWA TIMUR;3510;KAB. BANYUWANGI;351016;Banyuwangi
35;JAWA TIMUR;3510;KAB. BANYUWANGI;351025;Blimbingsari
35;JAWA TIMUR;3510;KAB. BANYUWANGI;351006;Cluring
35;JAWA TIMUR;3510;KAB. BANYUWANGI;351007;Gambiran
35;JAWA TIMUR;3510;KAB. BANYUWANGI;351009;Genteng
35;JAWA TIMUR;3510;KAB. BANYUWANGI;351017;Giri
35;JAWA TIMUR;3510;KAB. BANYUWANGI;351015;Glagah
35;JAWA TIMUR;3510;KAB. BANYUWANGI;351010;Glenmore
35;JAWA TIMUR;3510;KAB. BANYUWANGI;351014;Kabat
35;JAWA TIMUR;3510;KAB. BANYUWANGI;351011;Kalibaru
35;JAWA TIMUR;3510;KAB. BANYUWANGI;351021;Kalipuro
35;JAWA TIMUR;3510;KAB. BANYUWANGI;351024;Licin
35;JAWA TIMUR;3510;KAB. BANYUWANGI;351005;Muncar
35;JAWA TIMUR;3510;KAB. BANYUWANGI;351001;Pesanggaran
35;JAWA TIMUR;3510;KAB. BANYUWANGI;351003;Purwoharjo
35;JAWA TIMUR;3510;KAB. BANYUWANGI;351013;Rogojampi
35;JAWA TIMUR;3510;KAB. BANYUWANGI;351020;Sempu
35;JAWA TIMUR;3510;KAB. BANYUWANGI;351022;Siliragung
35;JAWA TIMUR;3510;KAB. BANYUWANGI;351012;Singojuruh
35;JAWA TIMUR;3510;KAB. BANYUWANGI;351019;Songgon
35;JAWA TIMUR;3510;KAB. BANYUWANGI;351008;Srono
35;JAWA TIMUR;3510;KAB. BANYUWANGI;351004;Tegaldlimo
35;JAWA TIMUR;3510;KAB. BANYUWANGI;351023;Tegalsari
35;JAWA TIMUR;3510;KAB. BANYUWANGI;351018;Wongsorejo
35;JAWA TIMUR;3505;KAB. BLITAR;350505;Bakung
35;JAWA TIMUR;3505;KAB. BLITAR;350516;Binangun
35;JAWA TIMUR;3505;KAB. BLITAR;350518;Doko
35;JAWA TIMUR;3505;KAB. BLITAR;350515;Gandusari
35;JAWA TIMUR;3505;KAB. BLITAR;350511;Garum
35;JAWA TIMUR;3505;KAB. BLITAR;350504;Kademangan
35;JAWA TIMUR;3505;KAB. BLITAR;350510;Kanigoro
35;JAWA TIMUR;3505;KAB. BLITAR;350519;Kesamben
35;JAWA TIMUR;3505;KAB. BLITAR;350509;Nglegok
35;JAWA TIMUR;3505;KAB. BLITAR;350513;Panggungrejo
35;JAWA TIMUR;3505;KAB. BLITAR;350506;Ponggok
35;JAWA TIMUR;3505;KAB. BLITAR;350507;Sanankulon
35;JAWA TIMUR;3505;KAB. BLITAR;350522;Selopuro
35;JAWA TIMUR;3505;KAB. BLITAR;350521;Selorejo
35;JAWA TIMUR;3505;KAB. BLITAR;350503;Srengat
35;JAWA TIMUR;3505;KAB. BLITAR;350512;Sutojayan
35;JAWA TIMUR;3505;KAB. BLITAR;350514;Talun
35;JAWA TIMUR;3505;KAB. BLITAR;350502;Udanawu
35;JAWA TIMUR;3505;KAB. BLITAR;350520;Wates
35;JAWA TIMUR;3505;KAB. BLITAR;350517;Wlingi
35;JAWA TIMUR;3505;KAB. BLITAR;350501;Wonodadi
35;JAWA TIMUR;3505;KAB. BLITAR;350508;Wonotirto
35;JAWA TIMUR;3522;KAB. BOJONEGORO;352213;Balen
35;JAWA TIMUR;3522;KAB. BOJONEGORO;352210;Baureno
35;JAWA TIMUR;3522;KAB. BOJONEGORO;352215;Bojonegoro
35;JAWA TIMUR;3522;KAB. BOJONEGORO;352205;Bubulan
35;JAWA TIMUR;3522;KAB. BOJONEGORO;352206;Dander
35;JAWA TIMUR;3522;KAB. BOJONEGORO;352228;Gayam
35;JAWA TIMUR;3522;KAB. BOJONEGORO;352226;Gondang
35;JAWA TIMUR;3522;KAB. BOJONEGORO;352216;Kalitidu
35;JAWA TIMUR;3522;KAB. BOJONEGORO;352211;Kanor
35;JAWA TIMUR;3522;KAB. BOJONEGORO;352214;Kapas
35;JAWA TIMUR;3522;KAB. BOJONEGORO;352220;Kasiman
35;JAWA TIMUR;3522;KAB. BOJONEGORO;352225;Kedewan
35;JAWA TIMUR;3522;KAB. BOJONEGORO;352208;Kedungadem
35;JAWA TIMUR;3522;KAB. BOJONEGORO;352209;Kepohbaru
35;JAWA TIMUR;3522;KAB. BOJONEGORO;352217;Malo
35;JAWA TIMUR;3522;KAB. BOJONEGORO;352222;Margomulyo
35;JAWA TIMUR;3522;KAB. BOJONEGORO;352203;Ngambon
35;JAWA TIMUR;3522;KAB. BOJONEGORO;352204;Ngasem
35;JAWA TIMUR;3522;KAB. BOJONEGORO;352201;Ngraho
35;JAWA TIMUR;3522;KAB. BOJONEGORO;352219;Padangan
35;JAWA TIMUR;3522;KAB. BOJONEGORO;352218;Purwosari
35;JAWA TIMUR;3522;KAB. BOJONEGORO;352227;Sekar
35;JAWA TIMUR;3522;KAB. BOJONEGORO;352207;Sugihwaras
35;JAWA TIMUR;3522;KAB. BOJONEGORO;352224;Sukosewu
35;JAWA TIMUR;3522;KAB. BOJONEGORO;352212;Sumberejo
35;JAWA TIMUR;3522;KAB. BOJONEGORO;352202;Tambakrejo
35;JAWA TIMUR;3522;KAB. BOJONEGORO;352221;Temayang
35;JAWA TIMUR;3522;KAB. BOJONEGORO;352223;Trucuk
35;JAWA TIMUR;3511;KAB. BONDOWOSO;351120;Binakal
35;JAWA TIMUR;3511;KAB. BONDOWOSO;351111;Bondowoso
35;JAWA TIMUR;3511;KAB. BONDOWOSO;351122;Botolinggo
35;JAWA TIMUR;3511;KAB. BONDOWOSO;351115;Cermee
35;JAWA TIMUR;3511;KAB. BONDOWOSO;351107;Curahdami
35;JAWA TIMUR;3511;KAB. BONDOWOSO;351106;Grujugan
35;JAWA TIMUR;3511;KAB. BONDOWOSO;351123;Jambesari Darus Sholah
35;JAWA TIMUR;3511;KAB. BONDOWOSO;351114;Klabang
35;JAWA TIMUR;3511;KAB. BONDOWOSO;351101;Maesan
35;JAWA TIMUR;3511;KAB. BONDOWOSO;351117;Pakem
35;JAWA TIMUR;3511;KAB. BONDOWOSO;351116;Prajekan
35;JAWA TIMUR;3511;KAB. BONDOWOSO;351105;Pujer
35;JAWA TIMUR;3511;KAB. BONDOWOSO;351119;Sempol
35;JAWA TIMUR;3511;KAB. BONDOWOSO;351104;Sukosari
35;JAWA TIMUR;3511;KAB. BONDOWOSO;351118;Sumberwringin
35;JAWA TIMUR;3511;KAB. BONDOWOSO;351121;Taman Krocok
35;JAWA TIMUR;3511;KAB. BONDOWOSO;351102;Tamanan
35;JAWA TIMUR;3511;KAB. BONDOWOSO;351110;Tapen
35;JAWA TIMUR;3511;KAB. BONDOWOSO;351113;Tegalampel
35;JAWA TIMUR;3511;KAB. BONDOWOSO;351108;Tenggarang
35;JAWA TIMUR;3511;KAB. BONDOWOSO;351103;Tlogosari
35;JAWA TIMUR;3511;KAB. BONDOWOSO;351109;Wonosari
35;JAWA TIMUR;3511;KAB. BONDOWOSO;351112;Wringin
35;JAWA TIMUR;3525;KAB. GRESIK;352502;Balongpanggang
35;JAWA TIMUR;3525;KAB. GRESIK;352504;Benjeng
35;JAWA TIMUR;3525;KAB. GRESIK;352512;Bungah
35;JAWA TIMUR;3525;KAB. GRESIK;352511;Cerme
35;JAWA TIMUR;3525;KAB. GRESIK;352515;Driyorejo
35;JAWA TIMUR;3525;KAB. GRESIK;352505;Duduksampeyan
35;JAWA TIMUR;3525;KAB. GRESIK;352501;Dukun
35;JAWA TIMUR;3525;KAB. GRESIK;352516;Gresik
35;JAWA TIMUR;3525;KAB. GRESIK;352514;Kebomas
35;JAWA TIMUR;3525;KAB. GRESIK;352508;Kedamean
35;JAWA TIMUR;3525;KAB. GRESIK;352510;Manyar
35;JAWA TIMUR;3525;KAB. GRESIK;352513;Menganti
35;JAWA TIMUR;3525;KAB. GRESIK;352503;Panceng
35;JAWA TIMUR;3525;KAB. GRESIK;352517;Sangkapura
35;JAWA TIMUR;3525;KAB. GRESIK;352509;Sidayu
35;JAWA TIMUR;3525;KAB. GRESIK;352518;Tambak
35;JAWA TIMUR;3525;KAB. GRESIK;352507;Ujungpangkah
35;JAWA TIMUR;3525;KAB. GRESIK;352506;Wringinanom
35;JAWA TIMUR;3509;KAB. JEMBER;350917;Ajung
35;JAWA TIMUR;3509;KAB. JEMBER;350912;Ambulu
35;JAWA TIMUR;3509;KAB. JEMBER;350922;Arjasa
35;JAWA TIMUR;3509;KAB. JEMBER;350910;Balung
35;JAWA TIMUR;3509;KAB. JEMBER;350909;Bangsalsari
35;JAWA TIMUR;3509;KAB. JEMBER;350904;Gumukmas
35;JAWA TIMUR;3509;KAB. JEMBER;350925;Jelbuk
35;JAWA TIMUR;3509;KAB. JEMBER;350916;Jenggawah
35;JAWA TIMUR;3509;KAB. JEMBER;350901;Jombang
35;JAWA TIMUR;3509;KAB. JEMBER;350927;Kalisat
35;JAWA TIMUR;3509;KAB. JEMBER;350919;Kaliwates
35;JAWA TIMUR;3509;KAB. JEMBER;350902;Kencong
35;JAWA TIMUR;3509;KAB. JEMBER;350928;Ledokombo
35;JAWA TIMUR;3509;KAB. JEMBER;350926;Mayang
35;JAWA TIMUR;3509;KAB. JEMBER;350923;Mumbulsari
35;JAWA TIMUR;3509;KAB. JEMBER;350924;Pakusari
35;JAWA TIMUR;3509;KAB. JEMBER;350914;Panti
35;JAWA TIMUR;3509;KAB. JEMBER;350920;Patrang
35;JAWA TIMUR;3509;KAB. JEMBER;350908;Puger
35;JAWA TIMUR;3509;KAB. JEMBER;350913;Rambipuji
35;JAWA TIMUR;3509;KAB. JEMBER;350907;Semboro
35;JAWA TIMUR;3509;KAB. JEMBER;350930;Silo
35;JAWA TIMUR;3509;KAB. JEMBER;350915;Sukorambi
35;JAWA TIMUR;3509;KAB. JEMBER;350929;Sukowono
35;JAWA TIMUR;3509;KAB. JEMBER;350903;Sumberbaru
35;JAWA TIMUR;3509;KAB. JEMBER;350931;Sumberjambe
35;JAWA TIMUR;3509;KAB. JEMBER;350921;Sumbersari
35;JAWA TIMUR;3509;KAB. JEMBER;350906;Tanggul
35;JAWA TIMUR;3509;KAB. JEMBER;350918;Tempurejo
35;JAWA TIMUR;3509;KAB. JEMBER;350905;Umbulsari
35;JAWA TIMUR;3509;KAB. JEMBER;350911;Wuluhan
35;JAWA TIMUR;3517;KAB. JOMBANG;351718;Bandarkedungmulyo
35;JAWA TIMUR;3517;KAB. JOMBANG;351704;Bareng
35;JAWA TIMUR;3517;KAB. JOMBANG;351708;Diwek
35;JAWA TIMUR;3517;KAB. JOMBANG;351702;Gudo
35;JAWA TIMUR;3517;KAB. JOMBANG;351719;Jogoroto
35;JAWA TIMUR;3517;KAB. JOMBANG;351709;Jombang
35;JAWA TIMUR;3517;KAB. JOMBANG;351716;Kabuh
35;JAWA TIMUR;3517;KAB. JOMBANG;351712;Kesamben
35;JAWA TIMUR;3517;KAB. JOMBANG;351717;Kudu
35;JAWA TIMUR;3517;KAB. JOMBANG;351720;Megaluh
35;JAWA TIMUR;3517;KAB. JOMBANG;351706;Mojoagung
35;JAWA TIMUR;3517;KAB. JOMBANG;351707;Mojowarno
35;JAWA TIMUR;3517;KAB. JOMBANG;351703;Ngoro
35;JAWA TIMUR;3517;KAB. JOMBANG;351721;Ngusikan
35;JAWA TIMUR;3517;KAB. JOMBANG;351701;Perak
35;JAWA TIMUR;3517;KAB. JOMBANG;351710;Peterongan
35;JAWA TIMUR;3517;KAB. JOMBANG;351715;Plandaan
35;JAWA TIMUR;3517;KAB. JOMBANG;351714;Ploso
35;JAWA TIMUR;3517;KAB. JOMBANG;351711;Sumobito
35;JAWA TIMUR;3517;KAB. JOMBANG;351713;Tembelang
35;JAWA TIMUR;3517;KAB. JOMBANG;351705;Wonosalam
35;JAWA TIMUR;3506;KAB. KEDIRI;350626;Badas
35;JAWA TIMUR;3506;KAB. KEDIRI;350622;Banyakan
35;JAWA TIMUR;3506;KAB. KEDIRI;350612;Gampengrejo
35;JAWA TIMUR;3506;KAB. KEDIRI;350613;Grogol
35;JAWA TIMUR;3506;KAB. KEDIRI;350610;Gurah
35;JAWA TIMUR;3506;KAB. KEDIRI;350619;Kandangan
35;JAWA TIMUR;3506;KAB. KEDIRI;350605;Kandat
35;JAWA TIMUR;3506;KAB. KEDIRI;350624;Kayen Kidul
35;JAWA TIMUR;3506;KAB. KEDIRI;350618;Kepung
35;JAWA TIMUR;3506;KAB. KEDIRI;350603;Kras
35;JAWA TIMUR;3506;KAB. KEDIRI;350621;Kunjang
35;JAWA TIMUR;3506;KAB. KEDIRI;350602;Mojo
35;JAWA TIMUR;3506;KAB. KEDIRI;350604;Ngadiluwih
35;JAWA TIMUR;3506;KAB. KEDIRI;350607;Ngancar
35;JAWA TIMUR;3506;KAB. KEDIRI;350625;Ngasem
35;JAWA TIMUR;3506;KAB. KEDIRI;350611;Pagu
35;JAWA TIMUR;3506;KAB. KEDIRI;350614;Papar
35;JAWA TIMUR;3506;KAB. KEDIRI;350617;Pare
35;JAWA TIMUR;3506;KAB. KEDIRI;350616;Plemahan
35;JAWA TIMUR;3506;KAB. KEDIRI;350609;Plosoklaten
35;JAWA TIMUR;3506;KAB. KEDIRI;350608;Puncu
35;JAWA TIMUR;3506;KAB. KEDIRI;350615;Purwoasri
35;JAWA TIMUR;3506;KAB. KEDIRI;350623;Ringinrejo
35;JAWA TIMUR;3506;KAB. KEDIRI;350601;Semen
35;JAWA TIMUR;3506;KAB. KEDIRI;350620;Tarokan
35;JAWA TIMUR;3506;KAB. KEDIRI;350606;Wates
35;JAWA TIMUR;3524;KAB. LAMONGAN;352405;Babat
35;JAWA TIMUR;3524;KAB. LAMONGAN;352402;Bluluk
35;JAWA TIMUR;3524;KAB. LAMONGAN;352407;Brondong
35;JAWA TIMUR;3524;KAB. LAMONGAN;352425;Deket
35;JAWA TIMUR;3524;KAB. LAMONGAN;352426;Glagah
35;JAWA TIMUR;3524;KAB. LAMONGAN;352420;Kalitengah
35;JAWA TIMUR;3524;KAB. LAMONGAN;352424;Karangbinangun
35;JAWA TIMUR;3524;KAB. LAMONGAN;352418;Karanggeneng
35;JAWA TIMUR;3524;KAB. LAMONGAN;352406;Kedungpring
35;JAWA TIMUR;3524;KAB. LAMONGAN;352419;Kembangbahu
35;JAWA TIMUR;3524;KAB. LAMONGAN;352422;Lamongan
35;JAWA TIMUR;3524;KAB. LAMONGAN;352408;Laren
35;JAWA TIMUR;3524;KAB. LAMONGAN;352410;Maduran
35;JAWA TIMUR;3524;KAB. LAMONGAN;352416;Mantup
35;JAWA TIMUR;3524;KAB. LAMONGAN;352403;Modo
35;JAWA TIMUR;3524;KAB. LAMONGAN;352404;Ngimbang
35;JAWA TIMUR;3524;KAB. LAMONGAN;352414;Paciran
35;JAWA TIMUR;3524;KAB. LAMONGAN;352413;Pucuk
35;JAWA TIMUR;3524;KAB. LAMONGAN;352411;Sambeng
35;JAWA TIMUR;3524;KAB. LAMONGAN;352427;Sarirejo
35;JAWA TIMUR;3524;KAB. LAMONGAN;352409;Sekaran
35;JAWA TIMUR;3524;KAB. LAMONGAN;352415;Solokuro
35;JAWA TIMUR;3524;KAB. LAMONGAN;352412;Sugio
35;JAWA TIMUR;3524;KAB. LAMONGAN;352417;Sukodadi
35;JAWA TIMUR;3524;KAB. LAMONGAN;352401;Sukorame
35;JAWA TIMUR;3524;KAB. LAMONGAN;352423;Tikung
35;JAWA TIMUR;3524;KAB. LAMONGAN;352421;Turi
35;JAWA TIMUR;3508;KAB. LUMAJANG;350803;Candipuro
35;JAWA TIMUR;3508;KAB. LUMAJANG;350813;Gucialit
35;JAWA TIMUR;3508;KAB. LUMAJANG;350817;Jatiroto
35;JAWA TIMUR;3508;KAB. LUMAJANG;350816;Kedungjajang
35;JAWA TIMUR;3508;KAB. LUMAJANG;350819;Klakah
35;JAWA TIMUR;3508;KAB. LUMAJANG;350806;Kunir
35;JAWA TIMUR;3508;KAB. LUMAJANG;350810;Lumajang
35;JAWA TIMUR;3508;KAB. LUMAJANG;350814;Padang
35;JAWA TIMUR;3508;KAB. LUMAJANG;350804;Pasirian
35;JAWA TIMUR;3508;KAB. LUMAJANG;350811;Pasrujambe
35;JAWA TIMUR;3508;KAB. LUMAJANG;350802;Pronojiwo
35;JAWA TIMUR;3508;KAB. LUMAJANG;350818;Randuagung
35;JAWA TIMUR;3508;KAB. LUMAJANG;350820;Ranuyoso
35;JAWA TIMUR;3508;KAB. LUMAJANG;350808;Rowokangkung
35;JAWA TIMUR;3508;KAB. LUMAJANG;350812;Senduro
35;JAWA TIMUR;3508;KAB. LUMAJANG;350815;Sukodono
35;JAWA TIMUR;3508;KAB. LUMAJANG;350821;Sumbersuko
35;JAWA TIMUR;3508;KAB. LUMAJANG;350809;Tekung
35;JAWA TIMUR;3508;KAB. LUMAJANG;350805;Tempeh
35;JAWA TIMUR;3508;KAB. LUMAJANG;350801;Tempursari
35;JAWA TIMUR;3508;KAB. LUMAJANG;350807;Yosowilangun
35;JAWA TIMUR;3519;KAB. MADIUN;351910;Balerejo
35;JAWA TIMUR;3519;KAB. MADIUN;351904;Dagangan
35;JAWA TIMUR;3519;KAB. MADIUN;351902;Dolopo
35;JAWA TIMUR;3519;KAB. MADIUN;351903;Geger
35;JAWA TIMUR;3519;KAB. MADIUN;351906;Gemarang
35;JAWA TIMUR;3519;KAB. MADIUN;351909;Jiwan
35;JAWA TIMUR;3519;KAB. MADIUN;351905;Kare
35;JAWA TIMUR;3519;KAB. MADIUN;351901;Kebon Sari
35;JAWA TIMUR;3519;KAB. MADIUN;351908;Madiun
35;JAWA TIMUR;3519;KAB. MADIUN;351911;Mejayan
35;JAWA TIMUR;3519;KAB. MADIUN;351913;Pilangkenceng
35;JAWA TIMUR;3519;KAB. MADIUN;351912;Saradan
35;JAWA TIMUR;3519;KAB. MADIUN;351914;Sawahan
35;JAWA TIMUR;3519;KAB. MADIUN;351915;Wonoasri
35;JAWA TIMUR;3519;KAB. MADIUN;351907;Wungu
35;JAWA TIMUR;3520;KAB. MAGETAN;352012;Barat
35;JAWA TIMUR;3520;KAB. MAGETAN;352010;Bendo
35;JAWA TIMUR;3520;KAB. MAGETAN;352013;Karangrejo
35;JAWA TIMUR;3520;KAB. MAGETAN;352014;Karas
35;JAWA TIMUR;3520;KAB. MAGETAN;352015;Kartoharjo
35;JAWA TIMUR;3520;KAB. MAGETAN;352005;Kawedanan
35;JAWA TIMUR;3520;KAB. MAGETAN;352003;Lembeyan
35;JAWA TIMUR;3520;KAB. MAGETAN;352006;Magetan
35;JAWA TIMUR;3520;KAB. MAGETAN;352011;Maospati
35;JAWA TIMUR;3520;KAB. MAGETAN;352016;Ngariboyo
35;JAWA TIMUR;3520;KAB. MAGETAN;352017;Nguntoronadi
35;JAWA TIMUR;3520;KAB. MAGETAN;352008;Panekan
35;JAWA TIMUR;3520;KAB. MAGETAN;352002;Parang
35;JAWA TIMUR;3520;KAB. MAGETAN;352007;Plaosan
35;JAWA TIMUR;3520;KAB. MAGETAN;352001;Poncol
35;JAWA TIMUR;3520;KAB. MAGETAN;352018;Sidorejo
35;JAWA TIMUR;3520;KAB. MAGETAN;352009;Sukomoro
35;JAWA TIMUR;3520;KAB. MAGETAN;352004;Takeran
35;JAWA TIMUR;3507;KAB. MALANG;350706;Ampelgading
35;JAWA TIMUR;3507;KAB. MALANG;350703;Bantur
35;JAWA TIMUR;3507;KAB. MALANG;350714;Bululawang
35;JAWA TIMUR;3507;KAB. MALANG;350705;Dampit
35;JAWA TIMUR;3507;KAB. MALANG;350722;Dau
35;JAWA TIMUR;3507;KAB. MALANG;350701;Donomulyo
35;JAWA TIMUR;3507;KAB. MALANG;350729;Gedangan
35;JAWA TIMUR;3507;KAB. MALANG;350710;Gondanglegi
35;JAWA TIMUR;3507;KAB. MALANG;350717;Jabung
35;JAWA TIMUR;3507;KAB. MALANG;350711;Kalipare
35;JAWA TIMUR;3507;KAB. MALANG;350723;Karang Ploso
35;JAWA TIMUR;3507;KAB. MALANG;350728;Kasembon
35;JAWA TIMUR;3507;KAB. MALANG;350713;Kepanjen
35;JAWA TIMUR;3507;KAB. MALANG;350731;Kromengan
35;JAWA TIMUR;3507;KAB. MALANG;350725;Lawang
35;JAWA TIMUR;3507;KAB. MALANG;350720;Ngajum
35;JAWA TIMUR;3507;KAB. MALANG;350727;Ngantang
35;JAWA TIMUR;3507;KAB. MALANG;350702;Pagak
35;JAWA TIMUR;3507;KAB. MALANG;350733;Pagelaran
35;JAWA TIMUR;3507;KAB. MALANG;350718;Pakis
35;JAWA TIMUR;3507;KAB. MALANG;350719;Pakisaji
35;JAWA TIMUR;3507;KAB. MALANG;350707;Poncokusumo
35;JAWA TIMUR;3507;KAB. MALANG;350726;Pujon
35;JAWA TIMUR;3507;KAB. MALANG;350724;Singosari
35;JAWA TIMUR;3507;KAB. MALANG;350704;Sumbermanjing Wetan
35;JAWA TIMUR;3507;KAB. MALANG;350712;Sumberpucung
35;JAWA TIMUR;3507;KAB. MALANG;350715;Tajinan
35;JAWA TIMUR;3507;KAB. MALANG;350730;Tirtoyudo
35;JAWA TIMUR;3507;KAB. MALANG;350716;Tumpang
35;JAWA TIMUR;3507;KAB. MALANG;350709;Turen
35;JAWA TIMUR;3507;KAB. MALANG;350721;Wagir
35;JAWA TIMUR;3507;KAB. MALANG;350708;Wajak
35;JAWA TIMUR;3507;KAB. MALANG;350732;Wonosari
35;JAWA TIMUR;3516;KAB. MOJOKERTO;351610;Bangsal
35;JAWA TIMUR;3516;KAB. MOJOKERTO;351617;Dawarblandong
35;JAWA TIMUR;3516;KAB. MOJOKERTO;351609;Dlanggu
35;JAWA TIMUR;3516;KAB. MOJOKERTO;351614;Gedeg
35;JAWA TIMUR;3516;KAB. MOJOKERTO;351602;Gondang
35;JAWA TIMUR;3516;KAB. MOJOKERTO;351601;Jatirejo
35;JAWA TIMUR;3516;KAB. MOJOKERTO;351616;Jetis
35;JAWA TIMUR;3516;KAB. MOJOKERTO;351615;Kemlagi
35;JAWA TIMUR;3516;KAB. MOJOKERTO;351607;Kutorejo
35;JAWA TIMUR;3516;KAB. MOJOKERTO;351618;Mojoanyar
35;JAWA TIMUR;3516;KAB. MOJOKERTO;351608;Mojosari
35;JAWA TIMUR;3516;KAB. MOJOKERTO;351605;Ngoro
35;JAWA TIMUR;3516;KAB. MOJOKERTO;351603;Pacet
35;JAWA TIMUR;3516;KAB. MOJOKERTO;351606;Pungging
35;JAWA TIMUR;3516;KAB. MOJOKERTO;351611;Puri
35;JAWA TIMUR;3516;KAB. MOJOKERTO;351613;Sooko
35;JAWA TIMUR;3516;KAB. MOJOKERTO;351604;Trawas
35;JAWA TIMUR;3516;KAB. MOJOKERTO;351612;Trowulan
35;JAWA TIMUR;3518;KAB. NGANJUK;351814;Bagor
35;JAWA TIMUR;3518;KAB. NGANJUK;351810;Baron
35;JAWA TIMUR;3518;KAB. NGANJUK;351803;Berbek
35;JAWA TIMUR;3518;KAB. NGANJUK;351817;Gondang
35;JAWA TIMUR;3518;KAB. NGANJUK;351820;Jatikalen
35;JAWA TIMUR;3518;KAB. NGANJUK;351808;Kertosono
35;JAWA TIMUR;3518;KAB. NGANJUK;351819;Lengkong
35;JAWA TIMUR;3518;KAB. NGANJUK;351804;Loceret
35;JAWA TIMUR;3518;KAB. NGANJUK;351813;Nganjuk
35;JAWA TIMUR;3518;KAB. NGANJUK;351802;Ngetos
35;JAWA TIMUR;3518;KAB. NGANJUK;351818;Ngluyu
35;JAWA TIMUR;3518;KAB. NGANJUK;351807;Ngronggot
35;JAWA TIMUR;3518;KAB. NGANJUK;351805;Pace
35;JAWA TIMUR;3518;KAB. NGANJUK;351809;Patianrowo
35;JAWA TIMUR;3518;KAB. NGANJUK;351806;Prambon
35;JAWA TIMUR;3518;KAB. NGANJUK;351816;Rejoso
35;JAWA TIMUR;3518;KAB. NGANJUK;351801;Sawahan
35;JAWA TIMUR;3518;KAB. NGANJUK;351812;Sukomoro
35;JAWA TIMUR;3518;KAB. NGANJUK;351811;Tanjunganom
35;JAWA TIMUR;3518;KAB. NGANJUK;351815;Wilangan
35;JAWA TIMUR;3521;KAB. NGAWI;352115;Bringin
35;JAWA TIMUR;3521;KAB. NGAWI;352105;Geneng
35;JAWA TIMUR;3521;KAB. NGAWI;352118;Gerih
35;JAWA TIMUR;3521;KAB. NGAWI;352103;Jogorogo
35;JAWA TIMUR;3521;KAB. NGAWI;352117;Karanganyar
35;JAWA TIMUR;3521;KAB. NGAWI;352107;Karangjati
35;JAWA TIMUR;3521;KAB. NGAWI;352119;Kasreman
35;JAWA TIMUR;3521;KAB. NGAWI;352111;Kedunggalar
35;JAWA TIMUR;3521;KAB. NGAWI;352104;Kendal
35;JAWA TIMUR;3521;KAB. NGAWI;352106;Kwadungan
35;JAWA TIMUR;3521;KAB. NGAWI;352113;Mantingan
35;JAWA TIMUR;3521;KAB. NGAWI;352109;Ngawi
35;JAWA TIMUR;3521;KAB. NGAWI;352102;Ngrambe
35;JAWA TIMUR;3521;KAB. NGAWI;352108;Padas
35;JAWA TIMUR;3521;KAB. NGAWI;352114;Pangkur
35;JAWA TIMUR;3521;KAB. NGAWI;352110;Paron
35;JAWA TIMUR;3521;KAB. NGAWI;352116;Pitu
35;JAWA TIMUR;3521;KAB. NGAWI;352101;Sine
35;JAWA TIMUR;3521;KAB. NGAWI;352112;Widodaren
35;JAWA TIMUR;3501;KAB. PACITAN;350106;Arjosari
35;JAWA TIMUR;3501;KAB. PACITAN;350108;Bandar
35;JAWA TIMUR;3501;KAB. PACITAN;350101;Donorojo
35;JAWA TIMUR;3501;KAB. PACITAN;350105;Kebonagung
35;JAWA TIMUR;3501;KAB. PACITAN;350107;Nawangan
35;JAWA TIMUR;3501;KAB. PACITAN;350111;Ngadirojo
35;JAWA TIMUR;3501;KAB. PACITAN;350104;Pacitan
35;JAWA TIMUR;3501;KAB. PACITAN;350102;Pringkuku
35;JAWA TIMUR;3501;KAB. PACITAN;350103;Punung
35;JAWA TIMUR;3501;KAB. PACITAN;350112;Sudimoro
35;JAWA TIMUR;3501;KAB. PACITAN;350109;Tegalombo
35;JAWA TIMUR;3501;KAB. PACITAN;350110;Tulakan
35;JAWA TIMUR;3528;KAB. PAMEKASAN;352811;Batumarmar
35;JAWA TIMUR;3528;KAB. PAMEKASAN;352803;Galis
35;JAWA TIMUR;3528;KAB. PAMEKASAN;352812;Kadur
35;JAWA TIMUR;3528;KAB. PAMEKASAN;352808;Larangan
35;JAWA TIMUR;3528;KAB. PAMEKASAN;352802;Pademawu
35;JAWA TIMUR;3528;KAB. PAMEKASAN;352809;Pakong
35;JAWA TIMUR;3528;KAB. PAMEKASAN;352806;Palenggaan
35;JAWA TIMUR;3528;KAB. PAMEKASAN;352804;Pamekasan
35;JAWA TIMUR;3528;KAB. PAMEKASAN;352813;Pasean
35;JAWA TIMUR;3528;KAB. PAMEKASAN;352807;Pegantenan
35;JAWA TIMUR;3528;KAB. PAMEKASAN;352805;Proppo
35;JAWA TIMUR;3528;KAB. PAMEKASAN;352801;Tlanakan
35;JAWA TIMUR;3528;KAB. PAMEKASAN;352810;Waru
35;JAWA TIMUR;3514;KAB. PASURUAN;351414;Bangil
35;JAWA TIMUR;3514;KAB. PASURUAN;351413;Beji
35;JAWA TIMUR;3514;KAB. PASURUAN;351412;Gempol
35;JAWA TIMUR;3514;KAB. PASURUAN;351418;Gondangwetan
35;JAWA TIMUR;3514;KAB. PASURUAN;351420;Grati
35;JAWA TIMUR;3514;KAB. PASURUAN;351406;Kejayan
35;JAWA TIMUR;3514;KAB. PASURUAN;351416;Kraton
35;JAWA TIMUR;3514;KAB. PASURUAN;351422;Lekok
35;JAWA TIMUR;3514;KAB. PASURUAN;351404;Lumbang
35;JAWA TIMUR;3514;KAB. PASURUAN;351421;Nguling
35;JAWA TIMUR;3514;KAB. PASURUAN;351411;Pandaan
35;JAWA TIMUR;3514;KAB. PASURUAN;351405;Pasrepan
35;JAWA TIMUR;3514;KAB. PASURUAN;351417;Pohjentrek
35;JAWA TIMUR;3514;KAB. PASURUAN;351410;Prigen
35;JAWA TIMUR;3514;KAB. PASURUAN;351401;Purwodadi
35;JAWA TIMUR;3514;KAB. PASURUAN;351408;Purwosari
35;JAWA TIMUR;3514;KAB. PASURUAN;351403;Puspo
35;JAWA TIMUR;3514;KAB. PASURUAN;351423;Rejoso
35;JAWA TIMUR;3514;KAB. PASURUAN;351415;Rembang
35;JAWA TIMUR;3514;KAB. PASURUAN;351409;Sukorejo
35;JAWA TIMUR;3514;KAB. PASURUAN;351424;Tosari
35;JAWA TIMUR;3514;KAB. PASURUAN;351402;Tutur
35;JAWA TIMUR;3514;KAB. PASURUAN;351419;Winongan
35;JAWA TIMUR;3514;KAB. PASURUAN;351407;Wonorejo
35;JAWA TIMUR;3502;KAB. PONOROGO;350216;Babadan
35;JAWA TIMUR;3502;KAB. PONOROGO;350213;Badegan
35;JAWA TIMUR;3502;KAB. PONOROGO;350211;Balong
35;JAWA TIMUR;3502;KAB. PONOROGO;350203;Bungkal
35;JAWA TIMUR;3502;KAB. PONOROGO;350220;Jambon
35;JAWA TIMUR;3502;KAB. PONOROGO;350218;Jenangan
35;JAWA TIMUR;3502;KAB. PONOROGO;350209;Jetis
35;JAWA TIMUR;3502;KAB. PONOROGO;350212;Kauman
35;JAWA TIMUR;3502;KAB. PONOROGO;350208;Mlarak
35;JAWA TIMUR;3502;KAB. PONOROGO;350219;Ngebel
35;JAWA TIMUR;3502;KAB. PONOROGO;350202;Ngrayun
35;JAWA TIMUR;3502;KAB. PONOROGO;350217;Ponorogo
35;JAWA TIMUR;3502;KAB. PONOROGO;350221;Pudak
35;JAWA TIMUR;3502;KAB. PONOROGO;350207;Pulung
35;JAWA TIMUR;3502;KAB. PONOROGO;350204;Sambit
35;JAWA TIMUR;3502;KAB. PONOROGO;350214;Sampung
35;JAWA TIMUR;3502;KAB. PONOROGO;350205;Sawoo
35;JAWA TIMUR;3502;KAB. PONOROGO;350210;Siman
35;JAWA TIMUR;3502;KAB. PONOROGO;350201;Slahung
35;JAWA TIMUR;3502;KAB. PONOROGO;350206;Sooko
35;JAWA TIMUR;3502;KAB. PONOROGO;350215;Sukorejo
35;JAWA TIMUR;3513;KAB. PROBOLINGGO;351304;Bantaran
35;JAWA TIMUR;3513;KAB. PROBOLINGGO;351306;Banyuanyar
35;JAWA TIMUR;3513;KAB. PROBOLINGGO;351313;Besuk
35;JAWA TIMUR;3513;KAB. PROBOLINGGO;351319;Dringu
35;JAWA TIMUR;3513;KAB. PROBOLINGGO;351309;Gading
35;JAWA TIMUR;3513;KAB. PROBOLINGGO;351318;Gending
35;JAWA TIMUR;3513;KAB. PROBOLINGGO;351311;Kotaanyar
35;JAWA TIMUR;3513;KAB. PROBOLINGGO;351314;Kraksaan
35;JAWA TIMUR;3513;KAB. PROBOLINGGO;351315;Krejengan
35;JAWA TIMUR;3513;KAB. PROBOLINGGO;351308;Krucil
35;JAWA TIMUR;3513;KAB. PROBOLINGGO;351303;Kuripan
35;JAWA TIMUR;3513;KAB. PROBOLINGGO;351305;Leces
35;JAWA TIMUR;3513;KAB. PROBOLINGGO;351324;Lumbang
35;JAWA TIMUR;3513;KAB. PROBOLINGGO;351317;Maron
35;JAWA TIMUR;3513;KAB. PROBOLINGGO;351312;Paiton
35;JAWA TIMUR;3513;KAB. PROBOLINGGO;351310;Pakuniran
35;JAWA TIMUR;3513;KAB. PROBOLINGGO;351316;Pejarakan
35;JAWA TIMUR;3513;KAB. PROBOLINGGO;351301;Sukapura
35;JAWA TIMUR;3513;KAB. PROBOLINGGO;351302;Sumber
35;JAWA TIMUR;3513;KAB. PROBOLINGGO;351321;Sumberasih
35;JAWA TIMUR;3513;KAB. PROBOLINGGO;351320;Tegalsiwalan
35;JAWA TIMUR;3513;KAB. PROBOLINGGO;351307;Tiris
35;JAWA TIMUR;3513;KAB. PROBOLINGGO;351323;Tongas
35;JAWA TIMUR;3513;KAB. PROBOLINGGO;351322;Wonomerto
35;JAWA TIMUR;3527;KAB. SAMPANG;352709;Banyuates
35;JAWA TIMUR;3527;KAB. SAMPANG;352704;Camplong
35;JAWA TIMUR;3527;KAB. SAMPANG;352707;Jrengik
35;JAWA TIMUR;3527;KAB. SAMPANG;352714;Karangpenang
35;JAWA TIMUR;3527;KAB. SAMPANG;352706;Kedungdung
35;JAWA TIMUR;3527;KAB. SAMPANG;352712;Ketapang
35;JAWA TIMUR;3527;KAB. SAMPANG;352705;Omben
35;JAWA TIMUR;3527;KAB. SAMPANG;352713;Pangarengan
35;JAWA TIMUR;3527;KAB. SAMPANG;352710;Robatal
35;JAWA TIMUR;3527;KAB. SAMPANG;352703;Sampang
35;JAWA TIMUR;3527;KAB. SAMPANG;352711;Sokobanah
35;JAWA TIMUR;3527;KAB. SAMPANG;352701;Sreseh
35;JAWA TIMUR;3527;KAB. SAMPANG;352708;Tambelangan
35;JAWA TIMUR;3527;KAB. SAMPANG;352702;Torjun
35;JAWA TIMUR;3515;KAB. SIDOARJO;351512;Balongbendo
35;JAWA TIMUR;3515;KAB. SIDOARJO;351515;Buduran
35;JAWA TIMUR;3515;KAB. SIDOARJO;351507;Candi
35;JAWA TIMUR;3515;KAB. SIDOARJO;351516;Gedangan
35;JAWA TIMUR;3515;KAB. SIDOARJO;351505;Jabon
35;JAWA TIMUR;3515;KAB. SIDOARJO;351503;Krembung
35;JAWA TIMUR;3515;KAB. SIDOARJO;351511;Krian
35;JAWA TIMUR;3515;KAB. SIDOARJO;351504;Porong
35;JAWA TIMUR;3515;KAB. SIDOARJO;351502;Prambon
35;JAWA TIMUR;3515;KAB. SIDOARJO;351517;Sedati
35;JAWA TIMUR;3515;KAB. SIDOARJO;351508;Sidoarjo
35;JAWA TIMUR;3515;KAB. SIDOARJO;351514;Sukodono
35;JAWA TIMUR;3515;KAB. SIDOARJO;351513;Taman
35;JAWA TIMUR;3515;KAB. SIDOARJO;351506;Tanggulangin
35;JAWA TIMUR;3515;KAB. SIDOARJO;351501;Tarik
35;JAWA TIMUR;3515;KAB. SIDOARJO;351509;Tulangan
35;JAWA TIMUR;3515;KAB. SIDOARJO;351518;Waru
35;JAWA TIMUR;3515;KAB. SIDOARJO;351510;Wonoayu
35;JAWA TIMUR;3512;KAB. SITUBONDO;351211;Arjasa
35;JAWA TIMUR;3512;KAB. SITUBONDO;351213;Asembagus
35;JAWA TIMUR;3512;KAB. SITUBONDO;351216;Banyuglugur
35;JAWA TIMUR;3512;KAB. SITUBONDO;351214;Banyuputih
35;JAWA TIMUR;3512;KAB. SITUBONDO;351202;Besuki
35;JAWA TIMUR;3512;KAB. SITUBONDO;351217;Bungatan
35;JAWA TIMUR;3512;KAB. SITUBONDO;351212;Jangkar
35;JAWA TIMUR;3512;KAB. SITUBONDO;351201;Jatibanteng
35;JAWA TIMUR;3512;KAB. SITUBONDO;351210;Kapongan
35;JAWA TIMUR;3512;KAB. SITUBONDO;351205;Kendit
35;JAWA TIMUR;3512;KAB. SITUBONDO;351209;Mangaran
35;JAWA TIMUR;3512;KAB. SITUBONDO;351204;Mlandingan
35;JAWA TIMUR;3512;KAB. SITUBONDO;351206;Panarukan
35;JAWA TIMUR;3512;KAB. SITUBONDO;351208;Panji
35;JAWA TIMUR;3512;KAB. SITUBONDO;351207;Situbondo
35;JAWA TIMUR;3512;KAB. SITUBONDO;351203;Suboh
35;JAWA TIMUR;3512;KAB. SITUBONDO;351215;Sumbermalang
35;JAWA TIMUR;3529;KAB. SUMENEP;352912;Ambunten
35;JAWA TIMUR;3529;KAB. SUMENEP;352924;Arjasa
35;JAWA TIMUR;3529;KAB. SUMENEP;352916;Batang Batang
35;JAWA TIMUR;3529;KAB. SUMENEP;352926;Batuan
35;JAWA TIMUR;3529;KAB. SUMENEP;352917;Batuputih
35;JAWA TIMUR;3529;KAB. SUMENEP;352905;Bluto
35;JAWA TIMUR;3529;KAB. SUMENEP;352914;Dasuk
35;JAWA TIMUR;3529;KAB. SUMENEP;352918;Dungkek
35;JAWA TIMUR;3529;KAB. SUMENEP;352910;Ganding
35;JAWA TIMUR;3529;KAB. SUMENEP;352919;Gapura
35;JAWA TIMUR;3529;KAB. SUMENEP;352920;Gayam
35;JAWA TIMUR;3529;KAB. SUMENEP;352908;Giliginting
35;JAWA TIMUR;3529;KAB. SUMENEP;352909;Guluk-Guluk
35;JAWA TIMUR;3529;KAB. SUMENEP;352902;Kalianget
35;JAWA TIMUR;3529;KAB. SUMENEP;352927;Kangayan
35;JAWA TIMUR;3529;KAB. SUMENEP;352901;Kota Sumenep
35;JAWA TIMUR;3529;KAB. SUMENEP;352907;Lenteng
35;JAWA TIMUR;3529;KAB. SUMENEP;352903;Manding
35;JAWA TIMUR;3529;KAB. SUMENEP;352923;Masalembu
35;JAWA TIMUR;3529;KAB. SUMENEP;352921;Nonggunong
35;JAWA TIMUR;3529;KAB. SUMENEP;352913;Pasongsongan
35;JAWA TIMUR;3529;KAB. SUMENEP;352911;Pragaan
35;JAWA TIMUR;3529;KAB. SUMENEP;352922;Raas
35;JAWA TIMUR;3529;KAB. SUMENEP;352915;Rubaru
35;JAWA TIMUR;3529;KAB. SUMENEP;352925;Sapeken
35;JAWA TIMUR;3529;KAB. SUMENEP;352906;Saronggi
35;JAWA TIMUR;3529;KAB. SUMENEP;352904;Talango
35;JAWA TIMUR;3503;KAB. TRENGGALEK;350309;Bendungan
35;JAWA TIMUR;3503;KAB. TRENGGALEK;350304;Dongko
35;JAWA TIMUR;3503;KAB. TRENGGALEK;350313;Durenan
35;JAWA TIMUR;3503;KAB. TRENGGALEK;350310;Gandusari
35;JAWA TIMUR;3503;KAB. TRENGGALEK;350307;Kampak
35;JAWA TIMUR;3503;KAB. TRENGGALEK;350306;Karangan
35;JAWA TIMUR;3503;KAB. TRENGGALEK;350302;Munjungan
35;JAWA TIMUR;3503;KAB. TRENGGALEK;350301;Panggul
35;JAWA TIMUR;3503;KAB. TRENGGALEK;350312;Pogalan
35;JAWA TIMUR;3503;KAB. TRENGGALEK;350303;Pule
35;JAWA TIMUR;3503;KAB. TRENGGALEK;350314;Suruh
35;JAWA TIMUR;3503;KAB. TRENGGALEK;350311;Trenggalek
35;JAWA TIMUR;3503;KAB. TRENGGALEK;350305;Tugu
35;JAWA TIMUR;3503;KAB. TRENGGALEK;350308;Watulimo
35;JAWA TIMUR;3523;KAB. TUBAN;352304;Bancar
35;JAWA TIMUR;3523;KAB. TUBAN;352303;Bangilan
35;JAWA TIMUR;3523;KAB. TUBAN;352320;Grabagan
35;JAWA TIMUR;3523;KAB. TUBAN;352302;Jatirogo
35;JAWA TIMUR;3523;KAB. TUBAN;352312;Jenu
35;JAWA TIMUR;3523;KAB. TUBAN;352301;Kenduruan
35;JAWA TIMUR;3523;KAB. TUBAN;352308;Kerek
35;JAWA TIMUR;3523;KAB. TUBAN;352313;Merakurak
35;JAWA TIMUR;3523;KAB. TUBAN;352310;Montong
35;JAWA TIMUR;3523;KAB. TUBAN;352318;Palang
35;JAWA TIMUR;3523;KAB. TUBAN;352309;Parengan
35;JAWA TIMUR;3523;KAB. TUBAN;352317;Plumpang
35;JAWA TIMUR;3523;KAB. TUBAN;352314;Rengel
35;JAWA TIMUR;3523;KAB. TUBAN;352315;Semanding
35;JAWA TIMUR;3523;KAB. TUBAN;352305;Senori
35;JAWA TIMUR;3523;KAB. TUBAN;352307;Singgahan
35;JAWA TIMUR;3523;KAB. TUBAN;352311;Soko
35;JAWA TIMUR;3523;KAB. TUBAN;352306;Tambakboyo
35;JAWA TIMUR;3523;KAB. TUBAN;352316;Tuban
35;JAWA TIMUR;3523;KAB. TUBAN;352319;Widang
35;JAWA TIMUR;3504;KAB. TULUNGAGUNG;350417;Bandung
35;JAWA TIMUR;3504;KAB. TULUNGAGUNG;350415;Besuki
35;JAWA TIMUR;3504;KAB. TULUNGAGUNG;350402;Boyolangu
35;JAWA TIMUR;3504;KAB. TULUNGAGUNG;350416;Campurdarat
35;JAWA TIMUR;3504;KAB. TULUNGAGUNG;350409;Gondang
35;JAWA TIMUR;3504;KAB. TULUNGAGUNG;350414;Kalidawir
35;JAWA TIMUR;3504;KAB. TULUNGAGUNG;350408;Karangrejo
35;JAWA TIMUR;3504;KAB. TULUNGAGUNG;350405;Kauman
35;JAWA TIMUR;3504;KAB. TULUNGAGUNG;350403;Kedungwaru
35;JAWA TIMUR;3504;KAB. TULUNGAGUNG;350404;Ngantru
35;JAWA TIMUR;3504;KAB. TULUNGAGUNG;350411;Ngunut
35;JAWA TIMUR;3504;KAB. TULUNGAGUNG;350406;Pagerwojo
35;JAWA TIMUR;3504;KAB. TULUNGAGUNG;350418;Pakel
35;JAWA TIMUR;3504;KAB. TULUNGAGUNG;350412;Pucanglaban
35;JAWA TIMUR;3504;KAB. TULUNGAGUNG;350413;Rejotangan
35;JAWA TIMUR;3504;KAB. TULUNGAGUNG;350407;Sendang
35;JAWA TIMUR;3504;KAB. TULUNGAGUNG;350410;Sumbergempol
35;JAWA TIMUR;3504;KAB. TULUNGAGUNG;350419;Tanggunggunung
35;JAWA TIMUR;3504;KAB. TULUNGAGUNG;350401;Tulungagung
35;JAWA TIMUR;3579;KOTA BATU;357901;Batu
35;JAWA TIMUR;3579;KOTA BATU;357902;Bumiaji
35;JAWA TIMUR;3579;KOTA BATU;357903;Junrejo
35;JAWA TIMUR;3572;KOTA BLITAR;357201;Kepanjenkidul
35;JAWA TIMUR;3572;KOTA BLITAR;357203;Sananwetan
35;JAWA TIMUR;3572;KOTA BLITAR;357202;Sukorejo
35;JAWA TIMUR;3571;KOTA KEDIRI;357102;Kota
35;JAWA TIMUR;3571;KOTA KEDIRI;357101;Mojoroto
35;JAWA TIMUR;3571;KOTA KEDIRI;357103;Pesantren
35;JAWA TIMUR;3577;KOTA MADIUN;357701;Kartoharjo
35;JAWA TIMUR;3577;KOTA MADIUN;357702;Manguharjo
35;JAWA TIMUR;3577;KOTA MADIUN;357703;Taman
35;JAWA TIMUR;3573;KOTA MALANG;357301;Blimbing
35;JAWA TIMUR;3573;KOTA MALANG;357303;Kedungkandang
35;JAWA TIMUR;3573;KOTA MALANG;357302;Klojen
35;JAWA TIMUR;3573;KOTA MALANG;357305;Lowokwaru
35;JAWA TIMUR;3573;KOTA MALANG;357304;Sukun
35;JAWA TIMUR;3576;KOTA MOJOKERTO;357603;Kranggan
35;JAWA TIMUR;3576;KOTA MOJOKERTO;357602;Magersari
35;JAWA TIMUR;3576;KOTA MOJOKERTO;357601;Prajuritkulon
35;JAWA TIMUR;3575;KOTA PASURUAN;357503;Bugul Kidul
35;JAWA TIMUR;3575;KOTA PASURUAN;357501;Gadingrejo
35;JAWA TIMUR;3575;KOTA PASURUAN;357504;Panggungrejo
35;JAWA TIMUR;3575;KOTA PASURUAN;357502;Purworejo
35;JAWA TIMUR;3574;KOTA PROBOLINGGO;357401;Kademangan
35;JAWA TIMUR;3574;KOTA PROBOLINGGO;357404;Kanigaran
35;JAWA TIMUR;3574;KOTA PROBOLINGGO;357405;Kedopok
35;JAWA TIMUR;3574;KOTA PROBOLINGGO;357403;Mayangan
35;JAWA TIMUR;3574;KOTA PROBOLINGGO;357402;Wonoasih
35;JAWA TIMUR;3578;KOTA SURABAYA;357828;Asem Rowo
35;JAWA TIMUR;3578;KOTA SURABAYA;357819;Benowo
35;JAWA TIMUR;3578;KOTA SURABAYA;357813;Bubutan
35;JAWA TIMUR;3578;KOTA SURABAYA;357829;Bulak
35;JAWA TIMUR;3578;KOTA SURABAYA;357821;Dukuh Pakis
35;JAWA TIMUR;3578;KOTA SURABAYA;357822;Gayungan
35;JAWA TIMUR;3578;KOTA SURABAYA;357807;Genteng
35;JAWA TIMUR;3578;KOTA SURABAYA;357808;Gubeng
35;JAWA TIMUR;3578;KOTA SURABAYA;357825;Gunung Anyar
35;JAWA TIMUR;3578;KOTA SURABAYA;357823;Jambangan
35;JAWA TIMUR;3578;KOTA SURABAYA;357801;Karang Pilang
35;JAWA TIMUR;3578;KOTA SURABAYA;357817;Kenjeran
35;JAWA TIMUR;3578;KOTA SURABAYA;357815;Krembangan
35;JAWA TIMUR;3578;KOTA SURABAYA;357818;Lakarsantri
35;JAWA TIMUR;3578;KOTA SURABAYA;357826;Mulyorejo
35;JAWA TIMUR;3578;KOTA SURABAYA;357812;Pabean Cantian
35;JAWA TIMUR;3578;KOTA SURABAYA;357830;Pakal
35;JAWA TIMUR;3578;KOTA SURABAYA;357803;Rungkut
35;JAWA TIMUR;3578;KOTA SURABAYA;357831;Sambikerep
35;JAWA TIMUR;3578;KOTA SURABAYA;357806;Sawahan
35;JAWA TIMUR;3578;KOTA SURABAYA;357816;Semampir
35;JAWA TIMUR;3578;KOTA SURABAYA;357811;Simokerto
35;JAWA TIMUR;3578;KOTA SURABAYA;357809;Sukolilo
35;JAWA TIMUR;3578;KOTA SURABAYA;357827;Sukomanunggal
35;JAWA TIMUR;3578;KOTA SURABAYA;357810;Tambaksari
35;JAWA TIMUR;3578;KOTA SURABAYA;357814;Tandes
35;JAWA TIMUR;3578;KOTA SURABAYA;357805;Tegalsari
35;JAWA TIMUR;3578;KOTA SURABAYA;357824;Tenggilis Mejoyo
35;JAWA TIMUR;3578;KOTA SURABAYA;357820;Wiyung
35;JAWA TIMUR;3578;KOTA SURABAYA;357802;Wonocolo
35;JAWA TIMUR;3578;KOTA SURABAYA;357804;Wonokromo
36;BANTEN;3602;KAB. LEBAK;360209;Banjarsari
36;BANTEN;3602;KAB. LEBAK;360203;Bayah
36;BANTEN;3602;KAB. LEBAK;360207;Bojongmanik
36;BANTEN;3602;KAB. LEBAK;360218;Cibadak
36;BANTEN;3602;KAB. LEBAK;360219;Cibeber
36;BANTEN;3602;KAB. LEBAK;360228;Cigemlong
36;BANTEN;3602;KAB. LEBAK;360226;Cihara
36;BANTEN;3602;KAB. LEBAK;360216;Cijaku
36;BANTEN;3602;KAB. LEBAK;360217;Cikulur
36;BANTEN;3602;KAB. LEBAK;360210;Cileles
36;BANTEN;3602;KAB. LEBAK;360220;Cilograng
36;BANTEN;3602;KAB. LEBAK;360211;Cimarga
36;BANTEN;3602;KAB. LEBAK;360204;Cipanas
36;BANTEN;3602;KAB. LEBAK;360227;Cirinten
36;BANTEN;3602;KAB. LEBAK;360223;Curug bitung
36;BANTEN;3602;KAB. LEBAK;360208;Gunungkencana
36;BANTEN;3602;KAB. LEBAK;360224;Kalanganyar
36;BANTEN;3602;KAB. LEBAK;360225;Lebakgedong
36;BANTEN;3602;KAB. LEBAK;360206;Leuwidamar
36;BANTEN;3602;KAB. LEBAK;360213;Maja
36;BANTEN;3602;KAB. LEBAK;360201;Malingping
36;BANTEN;3602;KAB. LEBAK;360205;Muncang
36;BANTEN;3602;KAB. LEBAK;360202;Panggarangan
36;BANTEN;3602;KAB. LEBAK;360214;Rangkasbitung
36;BANTEN;3602;KAB. LEBAK;360212;Sajira
36;BANTEN;3602;KAB. LEBAK;360222;Sobang
36;BANTEN;3602;KAB. LEBAK;360221;Wanasalam
36;BANTEN;3602;KAB. LEBAK;360215;Warunggunung
36;BANTEN;3601;KAB. PANDEGLANG;360107;Angsana
36;BANTEN;3601;KAB. PANDEGLANG;360120;Banjar
36;BANTEN;3601;KAB. PANDEGLANG;360110;Bojong
36;BANTEN;3601;KAB. PANDEGLANG;360122;Cadasari
36;BANTEN;3601;KAB. PANDEGLANG;360128;Carita
36;BANTEN;3601;KAB. PANDEGLANG;360103;Cibaliung
36;BANTEN;3601;KAB. PANDEGLANG;360127;Cibitung
36;BANTEN;3601;KAB. PANDEGLANG;360105;Cigeulis
36;BANTEN;3601;KAB. PANDEGLANG;360126;Cikedal
36;BANTEN;3601;KAB. PANDEGLANG;360104;Cikeusik
36;BANTEN;3601;KAB. PANDEGLANG;360102;Cimanggu
36;BANTEN;3601;KAB. PANDEGLANG;360118;Cimanuk
36;BANTEN;3601;KAB. PANDEGLANG;360115;Cipeucang
36;BANTEN;3601;KAB. PANDEGLANG;360123;Cisata
36;BANTEN;3601;KAB. PANDEGLANG;360116;Jiput
36;BANTEN;3601;KAB. PANDEGLANG;360119;Kaduhejo
36;BANTEN;3601;KAB. PANDEGLANG;360125;Karang Tanjung
36;BANTEN;3601;KAB. PANDEGLANG;360133;Koroncong
36;BANTEN;3601;KAB. PANDEGLANG;360112;Labuan
36;BANTEN;3601;KAB. PANDEGLANG;360134;Majasari
36;BANTEN;3601;KAB. PANDEGLANG;360117;Mandalawangi
36;BANTEN;3601;KAB. PANDEGLANG;360130;Mekarjaya
36;BANTEN;3601;KAB. PANDEGLANG;360113;Menes
36;BANTEN;3601;KAB. PANDEGLANG;360108;Munjul
36;BANTEN;3601;KAB. PANDEGLANG;360109;Pagelaran
36;BANTEN;3601;KAB. PANDEGLANG;360121;Pandeglang
36;BANTEN;3601;KAB. PANDEGLANG;360106;Panimbang
36;BANTEN;3601;KAB. PANDEGLANG;360124;Patia
36;BANTEN;3601;KAB. PANDEGLANG;360111;Picung
36;BANTEN;3601;KAB. PANDEGLANG;360132;Pulosari
36;BANTEN;3601;KAB. PANDEGLANG;360114;Saketi
36;BANTEN;3601;KAB. PANDEGLANG;360131;Sindangresmi
36;BANTEN;3601;KAB. PANDEGLANG;360135;Sobang
36;BANTEN;3601;KAB. PANDEGLANG;360129;Sukaresmi
36;BANTEN;3601;KAB. PANDEGLANG;360101;Sumur
36;BANTEN;3604;KAB. SERANG;360430;Anyar
36;BANTEN;3604;KAB. SERANG;360434;Bandung
36;BANTEN;3604;KAB. SERANG;360422;Baros
36;BANTEN;3604;KAB. SERANG;360418;Binuang
36;BANTEN;3604;KAB. SERANG;360407;Bojonegara
36;BANTEN;3604;KAB. SERANG;360417;Carenang
36;BANTEN;3604;KAB. SERANG;360415;Cikande
36;BANTEN;3604;KAB. SERANG;360423;Cikeusal
36;BANTEN;3604;KAB. SERANG;360431;Cinangka
36;BANTEN;3604;KAB. SERANG;360427;Ciomas
36;BANTEN;3604;KAB. SERANG;360409;Ciruas
36;BANTEN;3604;KAB. SERANG;360433;Gunung Sari
36;BANTEN;3604;KAB. SERANG;360426;Jawilan
36;BANTEN;3604;KAB. SERANG;360416;Kibin
36;BANTEN;3604;KAB. SERANG;360425;Kopo
36;BANTEN;3604;KAB. SERANG;360411;Kragilan
36;BANTEN;3604;KAB. SERANG;360405;Kramatwatu
36;BANTEN;3604;KAB. SERANG;360435;Lebak Wangi
36;BANTEN;3604;KAB. SERANG;360432;Mancak
36;BANTEN;3604;KAB. SERANG;360428;Pabuaran
36;BANTEN;3604;KAB. SERANG;360429;Padarincang
36;BANTEN;3604;KAB. SERANG;360424;Pamarayan
36;BANTEN;3604;KAB. SERANG;360419;Petir
36;BANTEN;3604;KAB. SERANG;360412;Pontang
36;BANTEN;3604;KAB. SERANG;360408;Pulo Ampel
36;BANTEN;3604;KAB. SERANG;360414;Tanara
36;BANTEN;3604;KAB. SERANG;360413;Tirtayasa
36;BANTEN;3604;KAB. SERANG;360420;Tunjung Teja
36;BANTEN;3604;KAB. SERANG;360406;Waringinkurung
36;BANTEN;3603;KAB. TANGERANG;360301;Balaraja
36;BANTEN;3603;KAB. TANGERANG;360318;Cikupa
36;BANTEN;3603;KAB. TANGERANG;360323;Cisauk
36;BANTEN;3603;KAB. TANGERANG;360305;Cisoka
36;BANTEN;3603;KAB. TANGERANG;360317;Curug
36;BANTEN;3603;KAB. TANGERANG;360332;Gunung Kaler
36;BANTEN;3603;KAB. TANGERANG;360304;Jambe
36;BANTEN;3603;KAB. TANGERANG;360302;Jayanti
36;BANTEN;3603;KAB. TANGERANG;360328;Kelapa Dua
36;BANTEN;3603;KAB. TANGERANG;360309;Kemiri
36;BANTEN;3603;KAB. TANGERANG;360314;Kosambi
36;BANTEN;3603;KAB. TANGERANG;360306;Kresek
36;BANTEN;3603;KAB. TANGERANG;360307;Kronjo
36;BANTEN;3603;KAB. TANGERANG;360320;Legok
36;BANTEN;3603;KAB. TANGERANG;360308;Mauk
36;BANTEN;3603;KAB. TANGERANG;360333;Mekar Baru
36;BANTEN;3603;KAB. TANGERANG;360322;Pagedangan
36;BANTEN;3603;KAB. TANGERANG;360315;Pakuhaji
36;BANTEN;3603;KAB. TANGERANG;360319;Panongan
36;BANTEN;3603;KAB. TANGERANG;360312;Pasar Kemis
36;BANTEN;3603;KAB. TANGERANG;360311;Rajeg
36;BANTEN;3603;KAB. TANGERANG;360316;Sepatan
36;BANTEN;3603;KAB. TANGERANG;360330;Sepatan Timur
36;BANTEN;3603;KAB. TANGERANG;360329;Sindang Jaya
36;BANTEN;3603;KAB. TANGERANG;360331;Solear
36;BANTEN;3603;KAB. TANGERANG;360310;Sukadiri
36;BANTEN;3603;KAB. TANGERANG;360327;Sukamulya
36;BANTEN;3603;KAB. TANGERANG;360313;Teluknaga
36;BANTEN;3603;KAB. TANGERANG;360303;Tigaraksa
36;BANTEN;3672;KOTA CILEGON;367201;Cibeber
36;BANTEN;3672;KOTA CILEGON;367202;Cilegon
36;BANTEN;3672;KOTA CILEGON;367208;Citangkil
36;BANTEN;3672;KOTA CILEGON;367204;Ciwandan
36;BANTEN;3672;KOTA CILEGON;367206;Gerogol
36;BANTEN;3672;KOTA CILEGON;367205;Jombang
36;BANTEN;3672;KOTA CILEGON;367203;Pulomerak
36;BANTEN;3672;KOTA CILEGON;367207;Purwakarta
36;BANTEN;3673;KOTA SERANG;367305;Cipocok Jaya
36;BANTEN;3673;KOTA SERANG;367304;Curug
36;BANTEN;3673;KOTA SERANG;367302;Kasemen
36;BANTEN;3673;KOTA SERANG;367301;Serang
36;BANTEN;3673;KOTA SERANG;367306;Taktakan
36;BANTEN;3673;KOTA SERANG;367303;Walantaka
36;BANTEN;3671;KOTA TANGERANG;367103;Batuceper
36;BANTEN;3671;KOTA TANGERANG;367104;Benda
36;BANTEN;3671;KOTA TANGERANG;367109;Cibodas
36;BANTEN;3671;KOTA TANGERANG;367106;Ciledug
36;BANTEN;3671;KOTA TANGERANG;367105;Cipondoh
36;BANTEN;3671;KOTA TANGERANG;367102;Jatiuwung
36;BANTEN;3671;KOTA TANGERANG;367112;Karang Tengah
36;BANTEN;3671;KOTA TANGERANG;367107;Karawaci
36;BANTEN;3671;KOTA TANGERANG;367113;Larangan
36;BANTEN;3671;KOTA TANGERANG;367110;Neglasari
36;BANTEN;3671;KOTA TANGERANG;367108;Periuk
36;BANTEN;3671;KOTA TANGERANG;367111;Pinang
36;BANTEN;3671;KOTA TANGERANG;367101;Tangerang
36;BANTEN;3674;KOTA TANGERANG SELATAN;367404;Ciputat
36;BANTEN;3674;KOTA TANGERANG SELATAN;367405;Ciputat Timur
36;BANTEN;3674;KOTA TANGERANG SELATAN;367406;Pamulang
36;BANTEN;3674;KOTA TANGERANG SELATAN;367403;Pondok Aren
36;BANTEN;3674;KOTA TANGERANG SELATAN;367401;Serpong
36;BANTEN;3674;KOTA TANGERANG SELATAN;367402;Serpong Utara
36;BANTEN;3674;KOTA TANGERANG SELATAN;367407;Setu
34;DAERAH ISTIMEWA YOGYAKARTA;3402;KAB. BANTUL;340205;Bambanglipuro
34;DAERAH ISTIMEWA YOGYAKARTA;3402;KAB. BANTUL;340212;Banguntapan
34;DAERAH ISTIMEWA YOGYAKARTA;3402;KAB. BANTUL;340208;Bantul
34;DAERAH ISTIMEWA YOGYAKARTA;3402;KAB. BANTUL;340211;Dlingo
34;DAERAH ISTIMEWA YOGYAKARTA;3402;KAB. BANTUL;340210;Imogiri
34;DAERAH ISTIMEWA YOGYAKARTA;3402;KAB. BANTUL;340209;Jetis
34;DAERAH ISTIMEWA YOGYAKARTA;3402;KAB. BANTUL;340216;Kasihan
34;DAERAH ISTIMEWA YOGYAKARTA;3402;KAB. BANTUL;340203;Kretek
34;DAERAH ISTIMEWA YOGYAKARTA;3402;KAB. BANTUL;340207;Pajangan
34;DAERAH ISTIMEWA YOGYAKARTA;3402;KAB. BANTUL;340206;Pandak
34;DAERAH ISTIMEWA YOGYAKARTA;3402;KAB. BANTUL;340214;Piyungan
34;DAERAH ISTIMEWA YOGYAKARTA;3402;KAB. BANTUL;340213;Pleret
34;DAERAH ISTIMEWA YOGYAKARTA;3402;KAB. BANTUL;340204;Pundong
34;DAERAH ISTIMEWA YOGYAKARTA;3402;KAB. BANTUL;340202;Sanden
34;DAERAH ISTIMEWA YOGYAKARTA;3402;KAB. BANTUL;340217;Sedayu
34;DAERAH ISTIMEWA YOGYAKARTA;3402;KAB. BANTUL;340215;Sewon
34;DAERAH ISTIMEWA YOGYAKARTA;3402;KAB. BANTUL;340201;Srandakan
34;DAERAH ISTIMEWA YOGYAKARTA;3403;KAB. GUNUNGKIDUL;340314;Gedangsari
34;DAERAH ISTIMEWA YOGYAKARTA;3403;KAB. GUNUNGKIDUL;340316;Girisubo
34;DAERAH ISTIMEWA YOGYAKARTA;3403;KAB. GUNUNGKIDUL;340309;Karangmojo
34;DAERAH ISTIMEWA YOGYAKARTA;3403;KAB. GUNUNGKIDUL;340313;Ngawen
34;DAERAH ISTIMEWA YOGYAKARTA;3403;KAB. GUNUNGKIDUL;340302;Nglipar
34;DAERAH ISTIMEWA YOGYAKARTA;3403;KAB. GUNUNGKIDUL;340305;Paliyan
34;DAERAH ISTIMEWA YOGYAKARTA;3403;KAB. GUNUNGKIDUL;340306;Panggang
34;DAERAH ISTIMEWA YOGYAKARTA;3403;KAB. GUNUNGKIDUL;340304;Patuk
34;DAERAH ISTIMEWA YOGYAKARTA;3403;KAB. GUNUNGKIDUL;340303;Playen
34;DAERAH ISTIMEWA YOGYAKARTA;3403;KAB. GUNUNGKIDUL;340310;Ponjong
34;DAERAH ISTIMEWA YOGYAKARTA;3403;KAB. GUNUNGKIDUL;340318;Purwosari
34;DAERAH ISTIMEWA YOGYAKARTA;3403;KAB. GUNUNGKIDUL;340311;Rongkop
34;DAERAH ISTIMEWA YOGYAKARTA;3403;KAB. GUNUNGKIDUL;340315;Saptosari
34;DAERAH ISTIMEWA YOGYAKARTA;3403;KAB. GUNUNGKIDUL;340308;Semanu
34;DAERAH ISTIMEWA YOGYAKARTA;3403;KAB. GUNUNGKIDUL;340312;Semin
34;DAERAH ISTIMEWA YOGYAKARTA;3403;KAB. GUNUNGKIDUL;340317;Tanjungsari
34;DAERAH ISTIMEWA YOGYAKARTA;3403;KAB. GUNUNGKIDUL;340307;Tepus
34;DAERAH ISTIMEWA YOGYAKARTA;3403;KAB. GUNUNGKIDUL;340301;Wonosari
34;DAERAH ISTIMEWA YOGYAKARTA;3401;KAB. KULON PROGO;340104;Galur
34;DAERAH ISTIMEWA YOGYAKARTA;3401;KAB. KULON PROGO;340109;Girimulyo
34;DAERAH ISTIMEWA YOGYAKARTA;3401;KAB. KULON PROGO;340112;Kalibawang
34;DAERAH ISTIMEWA YOGYAKARTA;3401;KAB. KULON PROGO;340108;Kokap
34;DAERAH ISTIMEWA YOGYAKARTA;3401;KAB. KULON PROGO;340105;Lendah
34;DAERAH ISTIMEWA YOGYAKARTA;3401;KAB. KULON PROGO;340110;Nanggulan
34;DAERAH ISTIMEWA YOGYAKARTA;3401;KAB. KULON PROGO;340103;Panjatan
34;DAERAH ISTIMEWA YOGYAKARTA;3401;KAB. KULON PROGO;340107;Pengasih
34;DAERAH ISTIMEWA YOGYAKARTA;3401;KAB. KULON PROGO;340111;Samigaluh
34;DAERAH ISTIMEWA YOGYAKARTA;3401;KAB. KULON PROGO;340106;Sentolo
34;DAERAH ISTIMEWA YOGYAKARTA;3401;KAB. KULON PROGO;340101;Temon
34;DAERAH ISTIMEWA YOGYAKARTA;3401;KAB. KULON PROGO;340102;Wates
34;DAERAH ISTIMEWA YOGYAKARTA;3404;KAB. SLEMAN;340408;Berbah
34;DAERAH ISTIMEWA YOGYAKARTA;3404;KAB. SLEMAN;340417;Cangkringan
34;DAERAH ISTIMEWA YOGYAKARTA;3404;KAB. SLEMAN;340407;Depok
34;DAERAH ISTIMEWA YOGYAKARTA;3404;KAB. SLEMAN;340401;Gamping
34;DAERAH ISTIMEWA YOGYAKARTA;3404;KAB. SLEMAN;340402;Godean
34;DAERAH ISTIMEWA YOGYAKARTA;3404;KAB. SLEMAN;340410;Kalasan
34;DAERAH ISTIMEWA YOGYAKARTA;3404;KAB. SLEMAN;340404;Minggir
34;DAERAH ISTIMEWA YOGYAKARTA;3404;KAB. SLEMAN;340406;Mlati
34;DAERAH ISTIMEWA YOGYAKARTA;3404;KAB. SLEMAN;340403;Moyudan
34;DAERAH ISTIMEWA YOGYAKARTA;3404;KAB. SLEMAN;340412;Ngaglik
34;DAERAH ISTIMEWA YOGYAKARTA;3404;KAB. SLEMAN;340411;Ngemplak
34;DAERAH ISTIMEWA YOGYAKARTA;3404;KAB. SLEMAN;340416;Pakem
34;DAERAH ISTIMEWA YOGYAKARTA;3404;KAB. SLEMAN;340409;Prambanan
34;DAERAH ISTIMEWA YOGYAKARTA;3404;KAB. SLEMAN;340405;Seyegan
34;DAERAH ISTIMEWA YOGYAKARTA;3404;KAB. SLEMAN;340413;Sleman
34;DAERAH ISTIMEWA YOGYAKARTA;3404;KAB. SLEMAN;340414;Tempel
34;DAERAH ISTIMEWA YOGYAKARTA;3404;KAB. SLEMAN;340415;Turi
34;DAERAH ISTIMEWA YOGYAKARTA;3471;KOTA YOGYAKARTA;347104;Danurejan
34;DAERAH ISTIMEWA YOGYAKARTA;3471;KOTA YOGYAKARTA;347105;Gedongtengen
34;DAERAH ISTIMEWA YOGYAKARTA;3471;KOTA YOGYAKARTA;347103;Gondokusuman
34;DAERAH ISTIMEWA YOGYAKARTA;3471;KOTA YOGYAKARTA;347110;Gondomanan
34;DAERAH ISTIMEWA YOGYAKARTA;3471;KOTA YOGYAKARTA;347102;Jetis
34;DAERAH ISTIMEWA YOGYAKARTA;3471;KOTA YOGYAKARTA;347114;Kotagede
34;DAERAH ISTIMEWA YOGYAKARTA;3471;KOTA YOGYAKARTA;347109;Kraton
34;DAERAH ISTIMEWA YOGYAKARTA;3471;KOTA YOGYAKARTA;347108;Mantrijeron
34;DAERAH ISTIMEWA YOGYAKARTA;3471;KOTA YOGYAKARTA;347112;Mergangsan
34;DAERAH ISTIMEWA YOGYAKARTA;3471;KOTA YOGYAKARTA;347106;Ngampilan
34;DAERAH ISTIMEWA YOGYAKARTA;3471;KOTA YOGYAKARTA;347111;Pakualaman
34;DAERAH ISTIMEWA YOGYAKARTA;3471;KOTA YOGYAKARTA;347101;Tegalrejo
34;DAERAH ISTIMEWA YOGYAKARTA;3471;KOTA YOGYAKARTA;347113;Umbulharjo
34;DAERAH ISTIMEWA YOGYAKARTA;3471;KOTA YOGYAKARTA;347107;Wirobrajan
32;JAWA BARAT;3204;KAB. BANDUNG;320416;Arjasari
32;JAWA BARAT;3204;KAB. BANDUNG;320432;Baleendah
32;JAWA BARAT;3204;KAB. BANDUNG;320413;Banjaran
32;JAWA BARAT;3204;KAB. BANDUNG;320408;Bojongsoang
32;JAWA BARAT;3204;KAB. BANDUNG;320444;Cangkuang
32;JAWA BARAT;3204;KAB. BANDUNG;320425;Cicalengka
32;JAWA BARAT;3204;KAB. BANDUNG;320427;Cikancung
32;JAWA BARAT;3204;KAB. BANDUNG;320407;Cilengkrang
32;JAWA BARAT;3204;KAB. BANDUNG;320405;Cileunyi
32;JAWA BARAT;3204;KAB. BANDUNG;320417;Cimaung
32;JAWA BARAT;3204;KAB. BANDUNG;320406;Cimenyan
32;JAWA BARAT;3204;KAB. BANDUNG;320429;Ciparay
32;JAWA BARAT;3204;KAB. BANDUNG;320439;Ciwidey
32;JAWA BARAT;3204;KAB. BANDUNG;320412;Dayeuhkolot
32;JAWA BARAT;3204;KAB. BANDUNG;320436;Ibun
32;JAWA BARAT;3204;KAB. BANDUNG;320411;Katapang
32;JAWA BARAT;3204;KAB. BANDUNG;320431;Kertasari
32;JAWA BARAT;3204;KAB. BANDUNG;320446;Kutawaringin
32;JAWA BARAT;3204;KAB. BANDUNG;320433;Majalaya
32;JAWA BARAT;3204;KAB. BANDUNG;320410;Margaasih
32;JAWA BARAT;3204;KAB. BANDUNG;320409;Margahayu
32;JAWA BARAT;3204;KAB. BANDUNG;320426;Nagreg
32;JAWA BARAT;3204;KAB. BANDUNG;320430;Pacet
32;JAWA BARAT;3204;KAB. BANDUNG;320414;Pameungpeuk
32;JAWA BARAT;3204;KAB. BANDUNG;320415;Pangalengan
32;JAWA BARAT;3204;KAB. BANDUNG;320435;Paseh
32;JAWA BARAT;3204;KAB. BANDUNG;320438;Pasirjambu
32;JAWA BARAT;3204;KAB. BANDUNG;320440;Rancabali
32;JAWA BARAT;3204;KAB. BANDUNG;320428;Rancaekek
32;JAWA BARAT;3204;KAB. BANDUNG;320434;Solokanjeruk
32;JAWA BARAT;3204;KAB. BANDUNG;320437;Soreang
32;JAWA BARAT;3217;KAB. BANDUNG BARAT;321709;Batujajar
32;JAWA BARAT;3217;KAB. BANDUNG BARAT;321710;Cihampelas
32;JAWA BARAT;3217;KAB. BANDUNG BARAT;321704;Cikalongwetan
32;JAWA BARAT;3217;KAB. BANDUNG BARAT;321711;Cililin
32;JAWA BARAT;3217;KAB. BANDUNG BARAT;321707;Cipatat
32;JAWA BARAT;3217;KAB. BANDUNG BARAT;321705;Cipeundeuy
32;JAWA BARAT;3217;KAB. BANDUNG BARAT;321712;Cipongkor
32;JAWA BARAT;3217;KAB. BANDUNG BARAT;321703;Cisarua
32;JAWA BARAT;3217;KAB. BANDUNG BARAT;321715;Gununghalu
32;JAWA BARAT;3217;KAB. BANDUNG BARAT;321701;Lembang
32;JAWA BARAT;3217;KAB. BANDUNG BARAT;321706;Ngamprah
32;JAWA BARAT;3217;KAB. BANDUNG BARAT;321708;Padalarang
32;JAWA BARAT;3217;KAB. BANDUNG BARAT;321702;Parongpong
32;JAWA BARAT;3217;KAB. BANDUNG BARAT;321713;Rongga
32;JAWA BARAT;3217;KAB. BANDUNG BARAT;321716;Saguling
32;JAWA BARAT;3217;KAB. BANDUNG BARAT;321714;Sindangkerta
32;JAWA BARAT;3216;KAB. BEKASI;321602;Babelan
32;JAWA BARAT;3216;KAB. BEKASI;321623;Bojongmangu
32;JAWA BARAT;3216;KAB. BEKASI;321616;Cabangbungin
32;JAWA BARAT;3216;KAB. BEKASI;321622;Cibarusah
32;JAWA BARAT;3216;KAB. BEKASI;321607;Cibitung
32;JAWA BARAT;3216;KAB. BEKASI;321608;Cikarang Barat
32;JAWA BARAT;3216;KAB. BEKASI;321620;Cikarang Pusat
32;JAWA BARAT;3216;KAB. BEKASI;321619;Cikarang Selatan
32;JAWA BARAT;3216;KAB. BEKASI;321611;Cikarang Timur
32;JAWA BARAT;3216;KAB. BEKASI;321609;Cikarang Utara
32;JAWA BARAT;3216;KAB. BEKASI;321610;Karang Bahagia
32;JAWA BARAT;3216;KAB. BEKASI;321612;Kedung Waringin
32;JAWA BARAT;3216;KAB. BEKASI;321617;Muaragembong
32;JAWA BARAT;3216;KAB. BEKASI;321613;Pebayuran
32;JAWA BARAT;3216;KAB. BEKASI;321621;Serang Baru
32;JAWA BARAT;3216;KAB. BEKASI;321618;Setu
32;JAWA BARAT;3216;KAB. BEKASI;321614;Sukakarya
32;JAWA BARAT;3216;KAB. BEKASI;321615;Sukatani
32;JAWA BARAT;3216;KAB. BEKASI;321603;Sukawangi
32;JAWA BARAT;3216;KAB. BEKASI;321604;Tambelang
32;JAWA BARAT;3216;KAB. BEKASI;321606;Tambun Selatan
32;JAWA BARAT;3216;KAB. BEKASI;321605;Tambun Utara
32;JAWA BARAT;3216;KAB. BEKASI;321601;Tarumajaya
32;JAWA BARAT;3201;KAB. BOGOR;320105;Babakan Madang
32;JAWA BARAT;3201;KAB. BOGOR;320113;Bojong Gede
32;JAWA BARAT;3201;KAB. BOGOR;320127;Caringin
32;JAWA BARAT;3201;KAB. BOGOR;320108;Cariu
32;JAWA BARAT;3201;KAB. BOGOR;320115;Ciampea
32;JAWA BARAT;3201;KAB. BOGOR;320124;Ciawi
32;JAWA BARAT;3201;KAB. BOGOR;320101;Cibinong
32;JAWA BARAT;3201;KAB. BOGOR;320116;Cibungbulang
32;JAWA BARAT;3201;KAB. BOGOR;320138;Cigombong
32;JAWA BARAT;3201;KAB. BOGOR;320122;Cigudeg
32;JAWA BARAT;3201;KAB. BOGOR;320128;Cijeruk
32;JAWA BARAT;3201;KAB. BOGOR;320107;Cileungsi
32;JAWA BARAT;3201;KAB. BOGOR;320129;Ciomas
32;JAWA BARAT;3201;KAB. BOGOR;320125;Cisarua
32;JAWA BARAT;3201;KAB. BOGOR;320133;Ciseeng
32;JAWA BARAT;3201;KAB. BOGOR;320103;Citeureup
32;JAWA BARAT;3201;KAB. BOGOR;320130;Dramaga
32;JAWA BARAT;3201;KAB. BOGOR;320102;Gunung Putri
32;JAWA BARAT;3201;KAB. BOGOR;320111;Gunung Sindur
32;JAWA BARAT;3201;KAB. BOGOR;320119;Jasinga
32;JAWA BARAT;3201;KAB. BOGOR;320106;Jonggol
32;JAWA BARAT;3201;KAB. BOGOR;320112;Kemang
32;JAWA BARAT;3201;KAB. BOGOR;320132;Klapanunggal
32;JAWA BARAT;3201;KAB. BOGOR;320114;Leuwiliang
32;JAWA BARAT;3201;KAB. BOGOR;320139;Leuwisadeng
32;JAWA BARAT;3201;KAB. BOGOR;320126;Megamendung
32;JAWA BARAT;3201;KAB. BOGOR;320121;Nanggung
32;JAWA BARAT;3201;KAB. BOGOR;320117;Pamijahan
32;JAWA BARAT;3201;KAB. BOGOR;320110;Parung
32;JAWA BARAT;3201;KAB. BOGOR;320120;Parung Panjang
32;JAWA BARAT;3201;KAB. BOGOR;320134;Ranca Bungur
32;JAWA BARAT;3201;KAB. BOGOR;320118;Rumpin
32;JAWA BARAT;3201;KAB. BOGOR;320135;Sukajaya
32;JAWA BARAT;3201;KAB. BOGOR;320109;Sukamakmur
32;JAWA BARAT;3201;KAB. BOGOR;320104;Sukaraja
32;JAWA BARAT;3201;KAB. BOGOR;320137;Tajurhalang
32;JAWA BARAT;3201;KAB. BOGOR;320131;Tamansari
32;JAWA BARAT;3201;KAB. BOGOR;320136;Tanjungsari
32;JAWA BARAT;3201;KAB. BOGOR;320123;Tenjo
32;JAWA BARAT;3201;KAB. BOGOR;320140;Tenjolaya
32;JAWA BARAT;3207;KAB. CIAMIS;320737;Banjaranyar
32;JAWA BARAT;3207;KAB. CIAMIS;320718;Banjarsari
32;JAWA BARAT;3207;KAB. CIAMIS;320732;Baregbeg
32;JAWA BARAT;3207;KAB. CIAMIS;320701;Ciamis
32;JAWA BARAT;3207;KAB. CIAMIS;320705;Cidolog
32;JAWA BARAT;3207;KAB. CIAMIS;320706;Cihaurbeuti
32;JAWA BARAT;3207;KAB. CIAMIS;320703;Cijeungjing
32;JAWA BARAT;3207;KAB. CIAMIS;320702;Cikoneng
32;JAWA BARAT;3207;KAB. CIAMIS;320729;Cimaragas
32;JAWA BARAT;3207;KAB. CIAMIS;320711;Cipaku
32;JAWA BARAT;3207;KAB. CIAMIS;320730;Cisaga
32;JAWA BARAT;3207;KAB. CIAMIS;320712;Jatinagara
32;JAWA BARAT;3207;KAB. CIAMIS;320709;Kawali
32;JAWA BARAT;3207;KAB. CIAMIS;320717;Lakbok
32;JAWA BARAT;3207;KAB. CIAMIS;320734;Lumbung
32;JAWA BARAT;3207;KAB. CIAMIS;320719;Pamarican
32;JAWA BARAT;3207;KAB. CIAMIS;320710;Panawangan
32;JAWA BARAT;3207;KAB. CIAMIS;320708;Panjalu
32;JAWA BARAT;3207;KAB. CIAMIS;320707;Panumbangan
32;JAWA BARAT;3207;KAB. CIAMIS;320735;Purwadadi
32;JAWA BARAT;3207;KAB. CIAMIS;320713;Rajadesa
32;JAWA BARAT;3207;KAB. CIAMIS;320715;Rancah
32;JAWA BARAT;3207;KAB. CIAMIS;320704;Sadananya
32;JAWA BARAT;3207;KAB. CIAMIS;320731;Sindangkasih
32;JAWA BARAT;3207;KAB. CIAMIS;320714;Sukadana
32;JAWA BARAT;3207;KAB. CIAMIS;320733;Sukamantri
32;JAWA BARAT;3207;KAB. CIAMIS;320716;Tambaksari
32;JAWA BARAT;3203;KAB. CIANJUR;320322;Agrabinta
32;JAWA BARAT;3203;KAB. CIANJUR;320306;Bojongpicung
32;JAWA BARAT;3203;KAB. CIANJUR;320315;Campaka
32;JAWA BARAT;3203;KAB. CIANJUR;320325;Campakamulya
32;JAWA BARAT;3203;KAB. CIANJUR;320301;Cianjur
32;JAWA BARAT;3203;KAB. CIANJUR;320303;Cibeber
32;JAWA BARAT;3203;KAB. CIANJUR;320320;Cibinong
32;JAWA BARAT;3203;KAB. CIANJUR;320323;Cidaun
32;JAWA BARAT;3203;KAB. CIANJUR;320329;Cijati
32;JAWA BARAT;3203;KAB. CIANJUR;320326;Cikadu
32;JAWA BARAT;3203;KAB. CIANJUR;320312;Cikalongkulon
32;JAWA BARAT;3203;KAB. CIANJUR;320304;Cilaku
32;JAWA BARAT;3203;KAB. CIANJUR;320328;Cipanas
32;JAWA BARAT;3203;KAB. CIANJUR;320305;Ciranjang
32;JAWA BARAT;3203;KAB. CIANJUR;320311;Cugenang
32;JAWA BARAT;3203;KAB. CIANJUR;320327;Gekbrong
32;JAWA BARAT;3203;KAB. CIANJUR;320331;Haurwangi
32;JAWA BARAT;3203;KAB. CIANJUR;320317;Kadupandak
32;JAWA BARAT;3203;KAB. CIANJUR;320307;Karangtengah
32;JAWA BARAT;3203;KAB. CIANJUR;320330;Leles
32;JAWA BARAT;3203;KAB. CIANJUR;320308;Mande
32;JAWA BARAT;3203;KAB. CIANJUR;320324;Naringgul
32;JAWA BARAT;3203;KAB. CIANJUR;320310;Pacet
32;JAWA BARAT;3203;KAB. CIANJUR;320318;Pagelaran
32;JAWA BARAT;3203;KAB. CIANJUR;320332;Pasirkuda
32;JAWA BARAT;3203;KAB. CIANJUR;320321;Sindangbarang
32;JAWA BARAT;3203;KAB. CIANJUR;320309;Sukaluyu
32;JAWA BARAT;3203;KAB. CIANJUR;320314;Sukanagara
32;JAWA BARAT;3203;KAB. CIANJUR;320313;Sukaresmi
32;JAWA BARAT;3203;KAB. CIANJUR;320316;Takokak
32;JAWA BARAT;3203;KAB. CIANJUR;320319;Tanggeung
32;JAWA BARAT;3203;KAB. CIANJUR;320302;Warungkondang
32;JAWA BARAT;3209;KAB. CIREBON;320924;Arjawinangun
32;JAWA BARAT;3209;KAB. CIREBON;320910;Astanajapura
32;JAWA BARAT;3209;KAB. CIREBON;320905;Babakan
32;JAWA BARAT;3209;KAB. CIREBON;320913;Beber
32;JAWA BARAT;3209;KAB. CIREBON;320902;Ciledug
32;JAWA BARAT;3209;KAB. CIREBON;320926;Ciwaringin
32;JAWA BARAT;3209;KAB. CIREBON;320931;Depok
32;JAWA BARAT;3209;KAB. CIREBON;320916;Dukupuntang
32;JAWA BARAT;3209;KAB. CIREBON;320930;Gebang
32;JAWA BARAT;3209;KAB. CIREBON;320928;Gegesik
32;JAWA BARAT;3209;KAB. CIREBON;320937;Gempol
32;JAWA BARAT;3209;KAB. CIREBON;320938;Greged
32;JAWA BARAT;3209;KAB. CIREBON;320921;Gunung Jati
32;JAWA BARAT;3209;KAB. CIREBON;320940;Jamblang
32;JAWA BARAT;3209;KAB. CIREBON;320929;Kaliwedi
32;JAWA BARAT;3209;KAB. CIREBON;320922;Kapetakan
32;JAWA BARAT;3209;KAB. CIREBON;320906;Karangsembung
32;JAWA BARAT;3209;KAB. CIREBON;320934;Karangwareng
32;JAWA BARAT;3209;KAB. CIREBON;320920;Kedawung
32;JAWA BARAT;3209;KAB. CIREBON;320923;Klangenan
32;JAWA BARAT;3209;KAB. CIREBON;320907;Lemahabang
32;JAWA BARAT;3209;KAB. CIREBON;320903;Losari
32;JAWA BARAT;3209;KAB. CIREBON;320912;Mundu
32;JAWA BARAT;3209;KAB. CIREBON;320904;Pabedilan
32;JAWA BARAT;3209;KAB. CIREBON;320933;Pabuaran
32;JAWA BARAT;3209;KAB. CIREBON;320917;Palimanan
32;JAWA BARAT;3209;KAB. CIREBON;320911;Pangenan
32;JAWA BARAT;3209;KAB. CIREBON;320925;Panguragan
32;JAWA BARAT;3209;KAB. CIREBON;320932;Pasaleman
32;JAWA BARAT;3209;KAB. CIREBON;320936;Plered
32;JAWA BARAT;3209;KAB. CIREBON;320918;Plumbon
32;JAWA BARAT;3209;KAB. CIREBON;320909;Sedong
32;JAWA BARAT;3209;KAB. CIREBON;320915;Sumber
32;JAWA BARAT;3209;KAB. CIREBON;320939;Suranenggala
32;JAWA BARAT;3209;KAB. CIREBON;320927;Susukan
32;JAWA BARAT;3209;KAB. CIREBON;320908;Susukan Lebak
32;JAWA BARAT;3209;KAB. CIREBON;320914;Talun
32;JAWA BARAT;3209;KAB. CIREBON;320935;Tengah Tani
32;JAWA BARAT;3209;KAB. CIREBON;320901;Waled
32;JAWA BARAT;3209;KAB. CIREBON;320919;Weru
32;JAWA BARAT;3205;KAB. GARUT;320523;Banjarwangi
32;JAWA BARAT;3205;KAB. GARUT;320506;Banyuresmi
32;JAWA BARAT;3205;KAB. GARUT;320517;Bayongbong
32;JAWA BARAT;3205;KAB. GARUT;320531;Bungbulang
32;JAWA BARAT;3205;KAB. GARUT;320536;Caringin
32;JAWA BARAT;3205;KAB. GARUT;320529;Cibalong
32;JAWA BARAT;3205;KAB. GARUT;320512;Cibatu
32;JAWA BARAT;3205;KAB. GARUT;320540;Cibiuk
32;JAWA BARAT;3205;KAB. GARUT;320518;Cigedug
32;JAWA BARAT;3205;KAB. GARUT;320525;Cihurip
32;JAWA BARAT;3205;KAB. GARUT;320522;Cikajang
32;JAWA BARAT;3205;KAB. GARUT;320530;Cikelet
32;JAWA BARAT;3205;KAB. GARUT;320519;Cilawu
32;JAWA BARAT;3205;KAB. GARUT;320535;Cisewu
32;JAWA BARAT;3205;KAB. GARUT;320528;Cisompet
32;JAWA BARAT;3205;KAB. GARUT;320520;Cisurupan
32;JAWA BARAT;3205;KAB. GARUT;320501;Garut Kota
32;JAWA BARAT;3205;KAB. GARUT;320510;Kadungora
32;JAWA BARAT;3205;KAB. GARUT;320502;Karangpawitan
32;JAWA BARAT;3205;KAB. GARUT;320516;Karangtengah
32;JAWA BARAT;3205;KAB. GARUT;320513;Kersamanah
32;JAWA BARAT;3205;KAB. GARUT;320509;Leles
32;JAWA BARAT;3205;KAB. GARUT;320511;Leuwigoong
32;JAWA BARAT;3205;KAB. GARUT;320538;Limbangan
32;JAWA BARAT;3205;KAB. GARUT;320514;Malangbong
32;JAWA BARAT;3205;KAB. GARUT;320532;Mekarmukti
32;JAWA BARAT;3205;KAB. GARUT;320533;Pakenjeng
32;JAWA BARAT;3205;KAB. GARUT;320527;Pameungpeuk
32;JAWA BARAT;3205;KAB. GARUT;320534;Pamulihan
32;JAWA BARAT;3205;KAB. GARUT;320541;Pangatikan
32;JAWA BARAT;3205;KAB. GARUT;320508;Pasirwangi
32;JAWA BARAT;3205;KAB. GARUT;320526;Peundeuy
32;JAWA BARAT;3205;KAB. GARUT;320507;Samarang
32;JAWA BARAT;3205;KAB. GARUT;320539;Selaawi
32;JAWA BARAT;3205;KAB. GARUT;320524;Singajaya
32;JAWA BARAT;3205;KAB. GARUT;320542;Sucinaraja
32;JAWA BARAT;3205;KAB. GARUT;320521;Sukaresmi
32;JAWA BARAT;3205;KAB. GARUT;320515;Sukawening
32;JAWA BARAT;3205;KAB. GARUT;320537;Talegong
32;JAWA BARAT;3205;KAB. GARUT;320504;Tarogong Kaler
32;JAWA BARAT;3205;KAB. GARUT;320505;Tarogong Kidul
32;JAWA BARAT;3205;KAB. GARUT;320503;Wanaraja
32;JAWA BARAT;3212;KAB. INDRAMAYU;321223;Anjatan
32;JAWA BARAT;3212;KAB. INDRAMAYU;321219;Arahan
32;JAWA BARAT;3212;KAB. INDRAMAYU;321214;Balongan
32;JAWA BARAT;3212;KAB. INDRAMAYU;321206;Bangodua
32;JAWA BARAT;3212;KAB. INDRAMAYU;321222;Bongas
32;JAWA BARAT;3212;KAB. INDRAMAYU;321217;Cantigi
32;JAWA BARAT;3212;KAB. INDRAMAYU;321204;Cikedung
32;JAWA BARAT;3212;KAB. INDRAMAYU;321203;Gabuswetan
32;JAWA BARAT;3212;KAB. INDRAMAYU;321225;Gantar
32;JAWA BARAT;3212;KAB. INDRAMAYU;321201;Haurgeulis
32;JAWA BARAT;3212;KAB. INDRAMAYU;321215;Indramayu
32;JAWA BARAT;3212;KAB. INDRAMAYU;321213;Jatibarang
32;JAWA BARAT;3212;KAB. INDRAMAYU;321211;Juntinyuat
32;JAWA BARAT;3212;KAB. INDRAMAYU;321221;Kandanghaur
32;JAWA BARAT;3212;KAB. INDRAMAYU;321210;Karangampel
32;JAWA BARAT;3212;KAB. INDRAMAYU;321228;Kedokan Bunder
32;JAWA BARAT;3212;KAB. INDRAMAYU;321208;Kertasemaya
32;JAWA BARAT;3212;KAB. INDRAMAYU;321209;Krangkeng
32;JAWA BARAT;3212;KAB. INDRAMAYU;321202;Kroya
32;JAWA BARAT;3212;KAB. INDRAMAYU;321205;Lelea
32;JAWA BARAT;3212;KAB. INDRAMAYU;321218;Lohbener
32;JAWA BARAT;3212;KAB. INDRAMAYU;321220;Losarang
32;JAWA BARAT;3212;KAB. INDRAMAYU;321229;Pasekan
32;JAWA BARAT;3212;KAB. INDRAMAYU;321231;Patrol
32;JAWA BARAT;3212;KAB. INDRAMAYU;321216;Sindang
32;JAWA BARAT;3212;KAB. INDRAMAYU;321212;Sliyeg
32;JAWA BARAT;3212;KAB. INDRAMAYU;321227;Sukagumiwang
32;JAWA BARAT;3212;KAB. INDRAMAYU;321224;Sukra
32;JAWA BARAT;3212;KAB. INDRAMAYU;321226;Trisi
32;JAWA BARAT;3212;KAB. INDRAMAYU;321230;Tukdana
32;JAWA BARAT;3212;KAB. INDRAMAYU;321207;Widasari
32;JAWA BARAT;3215;KAB. KARAWANG;321524;Banyusari
32;JAWA BARAT;3215;KAB. KARAWANG;321508;Batujaya
32;JAWA BARAT;3215;KAB. KARAWANG;321504;Ciampel
32;JAWA BARAT;3215;KAB. KARAWANG;321511;Cibuaya
32;JAWA BARAT;3215;KAB. KARAWANG;321513;Cikampek
32;JAWA BARAT;3215;KAB. KARAWANG;321523;Cilamaya Kulon
32;JAWA BARAT;3215;KAB. KARAWANG;321515;Cilamaya Wetan
32;JAWA BARAT;3215;KAB. KARAWANG;321530;Cilebar
32;JAWA BARAT;3215;KAB. KARAWANG;321514;Jatisari
32;JAWA BARAT;3215;KAB. KARAWANG;321522;Jayakerta
32;JAWA BARAT;3215;KAB. KARAWANG;321501;Karawang Barat
32;JAWA BARAT;3215;KAB. KARAWANG;321526;Karawang Timur
32;JAWA BARAT;3215;KAB. KARAWANG;321505;Klari
32;JAWA BARAT;3215;KAB. KARAWANG;321525;Kota Baru
32;JAWA BARAT;3215;KAB. KARAWANG;321507;Kutawaluya
32;JAWA BARAT;3215;KAB. KARAWANG;321519;Lemahabang
32;JAWA BARAT;3215;KAB. KARAWANG;321521;Majalaya
32;JAWA BARAT;3215;KAB. KARAWANG;321512;Pakisjaya
32;JAWA BARAT;3215;KAB. KARAWANG;321502;Pangkalan
32;JAWA BARAT;3215;KAB. KARAWANG;321510;Pedes
32;JAWA BARAT;3215;KAB. KARAWANG;321529;Purwasari
32;JAWA BARAT;3215;KAB. KARAWANG;321518;Rawamerta
32;JAWA BARAT;3215;KAB. KARAWANG;321506;Rengasdengklok
32;JAWA BARAT;3215;KAB. KARAWANG;321528;Tegalwaru
32;JAWA BARAT;3215;KAB. KARAWANG;321517;Telagasari
32;JAWA BARAT;3215;KAB. KARAWANG;321527;Telukjambe Barat
32;JAWA BARAT;3215;KAB. KARAWANG;321503;Telukjambe Timur
32;JAWA BARAT;3215;KAB. KARAWANG;321520;Tempuran
32;JAWA BARAT;3215;KAB. KARAWANG;321509;Tirtajaya
32;JAWA BARAT;3215;KAB. KARAWANG;321516;Tirtamulya
32;JAWA BARAT;3208;KAB. KUNINGAN;320810;Ciawigebang
32;JAWA BARAT;3208;KAB. KUNINGAN;320828;Cibeureum
32;JAWA BARAT;3208;KAB. KUNINGAN;320805;Cibingbin
32;JAWA BARAT;3208;KAB. KUNINGAN;320811;Cidahu
32;JAWA BARAT;3208;KAB. KUNINGAN;320832;Cigandamekar
32;JAWA BARAT;3208;KAB. KUNINGAN;320818;Cigugur
32;JAWA BARAT;3208;KAB. KUNINGAN;320825;Cilebak
32;JAWA BARAT;3208;KAB. KUNINGAN;320813;Cilimus
32;JAWA BARAT;3208;KAB. KUNINGAN;320824;Cimahi
32;JAWA BARAT;3208;KAB. KUNINGAN;320802;Ciniru
32;JAWA BARAT;3208;KAB. KUNINGAN;320821;Cipicung
32;JAWA BARAT;3208;KAB. KUNINGAN;320804;Ciwaru
32;JAWA BARAT;3208;KAB. KUNINGAN;320817;Darma
32;JAWA BARAT;3208;KAB. KUNINGAN;320808;Garawangi
32;JAWA BARAT;3208;KAB. KUNINGAN;320826;Hantara
32;JAWA BARAT;3208;KAB. KUNINGAN;320812;Jalaksana
32;JAWA BARAT;3208;KAB. KUNINGAN;320823;Japara
32;JAWA BARAT;3208;KAB. KUNINGAN;320801;Kadugede
32;JAWA BARAT;3208;KAB. KUNINGAN;320827;Kalimanggis
32;JAWA BARAT;3208;KAB. KUNINGAN;320829;Karang Kancana
32;JAWA BARAT;3208;KAB. KUNINGAN;320816;Kramatmulya
32;JAWA BARAT;3208;KAB. KUNINGAN;320809;Kuningan
32;JAWA BARAT;3208;KAB. KUNINGAN;320807;Lebakwangi
32;JAWA BARAT;3208;KAB. KUNINGAN;320806;Luragung
32;JAWA BARAT;3208;KAB. KUNINGAN;320830;Maleber
32;JAWA BARAT;3208;KAB. KUNINGAN;320814;Mandirancan
32;JAWA BARAT;3208;KAB. KUNINGAN;320820;Nusaherang
32;JAWA BARAT;3208;KAB. KUNINGAN;320822;Pancalang
32;JAWA BARAT;3208;KAB. KUNINGAN;320819;Pasawahan
32;JAWA BARAT;3208;KAB. KUNINGAN;320815;Selajambe
32;JAWA BARAT;3208;KAB. KUNINGAN;320831;Sindang Agung
32;JAWA BARAT;3208;KAB. KUNINGAN;320803;Subang
32;JAWA BARAT;3210;KAB. MAJALENGKA;321005;Argapura
32;JAWA BARAT;3210;KAB. MAJALENGKA;321022;Banjaran
32;JAWA BARAT;3210;KAB. MAJALENGKA;321002;Bantarujeg
32;JAWA BARAT;3210;KAB. MAJALENGKA;321020;Cigasong
32;JAWA BARAT;3210;KAB. MAJALENGKA;321003;Cikijing
32;JAWA BARAT;3210;KAB. MAJALENGKA;321023;Cingambul
32;JAWA BARAT;3210;KAB. MAJALENGKA;321012;Dawuan
32;JAWA BARAT;3210;KAB. MAJALENGKA;321015;Jatitujuh
32;JAWA BARAT;3210;KAB. MAJALENGKA;321011;Jatiwangi
32;JAWA BARAT;3210;KAB. MAJALENGKA;321013;Kadipaten
32;JAWA BARAT;3210;KAB. MAJALENGKA;321024;Kasokandel
32;JAWA BARAT;3210;KAB. MAJALENGKA;321014;Kertajati
32;JAWA BARAT;3210;KAB. MAJALENGKA;321001;Lemahsugih
32;JAWA BARAT;3210;KAB. MAJALENGKA;321010;Leuwimunding
32;JAWA BARAT;3210;KAB. MAJALENGKA;321016;Ligung
32;JAWA BARAT;3210;KAB. MAJALENGKA;321006;Maja
32;JAWA BARAT;3210;KAB. MAJALENGKA;321007;Majalengka
32;JAWA BARAT;3210;KAB. MAJALENGKA;321026;Malausma
32;JAWA BARAT;3210;KAB. MAJALENGKA;321019;Palasah
32;JAWA BARAT;3210;KAB. MAJALENGKA;321018;Panyingkiran
32;JAWA BARAT;3210;KAB. MAJALENGKA;321009;Rajagaluh
32;JAWA BARAT;3210;KAB. MAJALENGKA;321025;Sindang
32;JAWA BARAT;3210;KAB. MAJALENGKA;321021;Sindangwangi
32;JAWA BARAT;3210;KAB. MAJALENGKA;321008;Sukahaji
32;JAWA BARAT;3210;KAB. MAJALENGKA;321017;Sumberjaya
32;JAWA BARAT;3210;KAB. MAJALENGKA;321004;Talaga
32;JAWA BARAT;3218;KAB. PANGANDARAN;321804;Cigugur
32;JAWA BARAT;3218;KAB. PANGANDARAN;321802;Cijulang
32;JAWA BARAT;3218;KAB. PANGANDARAN;321803;Cimerak
32;JAWA BARAT;3218;KAB. PANGANDARAN;321808;Kalipucang
32;JAWA BARAT;3218;KAB. PANGANDARAN;321805;Langkaplancar
32;JAWA BARAT;3218;KAB. PANGANDARAN;321806;Mangunjaya
32;JAWA BARAT;3218;KAB. PANGANDARAN;321807;Padaherang
32;JAWA BARAT;3218;KAB. PANGANDARAN;321809;Pangandaran
32;JAWA BARAT;3218;KAB. PANGANDARAN;321801;Parigi
32;JAWA BARAT;3218;KAB. PANGANDARAN;321810;Sidamulih
32;JAWA BARAT;3214;KAB. PURWAKARTA;321412;Babakancikao
32;JAWA BARAT;3214;KAB. PURWAKARTA;321411;Bojong
32;JAWA BARAT;3214;KAB. PURWAKARTA;321413;Bungursari
32;JAWA BARAT;3214;KAB. PURWAKARTA;321402;Campaka
32;JAWA BARAT;3214;KAB. PURWAKARTA;321414;Cibatu
32;JAWA BARAT;3214;KAB. PURWAKARTA;321406;Darangdan
32;JAWA BARAT;3214;KAB. PURWAKARTA;321403;Jatiluhur
32;JAWA BARAT;3214;KAB. PURWAKARTA;321417;Kiarapedes
32;JAWA BARAT;3214;KAB. PURWAKARTA;321407;Maniis
32;JAWA BARAT;3214;KAB. PURWAKARTA;321410;Pasawahan
32;JAWA BARAT;3214;KAB. PURWAKARTA;321404;Plered
32;JAWA BARAT;3214;KAB. PURWAKARTA;321416;Pondoksalam
32;JAWA BARAT;3214;KAB. PURWAKARTA;321401;Purwakarta
32;JAWA BARAT;3214;KAB. PURWAKARTA;321415;Sukasari
32;JAWA BARAT;3214;KAB. PURWAKARTA;321405;Sukatani
32;JAWA BARAT;3214;KAB. PURWAKARTA;321408;Tegalwaru
32;JAWA BARAT;3214;KAB. PURWAKARTA;321409;Wanayasa
32;JAWA BARAT;3213;KAB. SUBANG;321308;Binong
32;JAWA BARAT;3213;KAB. SUBANG;321313;Blanakan
32;JAWA BARAT;3213;KAB. SUBANG;321309;Ciasem
32;JAWA BARAT;3213;KAB. SUBANG;321329;Ciater
32;JAWA BARAT;3213;KAB. SUBANG;321317;Cibogo
32;JAWA BARAT;3213;KAB. SUBANG;321319;Cijambe
32;JAWA BARAT;3213;KAB. SUBANG;321322;Cikaum
32;JAWA BARAT;3213;KAB. SUBANG;321320;Cipeundeuy
32;JAWA BARAT;3213;KAB. SUBANG;321318;Cipunagara
32;JAWA BARAT;3213;KAB. SUBANG;321302;Cisalak
32;JAWA BARAT;3213;KAB. SUBANG;321315;Compreng
32;JAWA BARAT;3213;KAB. SUBANG;321327;Dawuan
32;JAWA BARAT;3213;KAB. SUBANG;321312;Jalancagak
32;JAWA BARAT;3213;KAB. SUBANG;321304;Kalijati
32;JAWA BARAT;3213;KAB. SUBANG;321326;Kasomalang
32;JAWA BARAT;3213;KAB. SUBANG;321321;Legonkulon
32;JAWA BARAT;3213;KAB. SUBANG;321305;Pabuaran
32;JAWA BARAT;3213;KAB. SUBANG;321307;Pagaden
32;JAWA BARAT;3213;KAB. SUBANG;321328;Pagaden Barat
32;JAWA BARAT;3213;KAB. SUBANG;321311;Pamanukan
32;JAWA BARAT;3213;KAB. SUBANG;321316;Patokbeusi
32;JAWA BARAT;3213;KAB. SUBANG;321306;Purwadadi
32;JAWA BARAT;3213;KAB. SUBANG;321330;Pusakajaya
32;JAWA BARAT;3213;KAB. SUBANG;321310;Pusakanagara
32;JAWA BARAT;3213;KAB. SUBANG;321301;Sagalaherang
32;JAWA BARAT;3213;KAB. SUBANG;321323;Serangpanjang
32;JAWA BARAT;3213;KAB. SUBANG;321303;Subang
32;JAWA BARAT;3213;KAB. SUBANG;321324;Sukasari
32;JAWA BARAT;3213;KAB. SUBANG;321325;Tambakdahan
32;JAWA BARAT;3213;KAB. SUBANG;321314;Tanjungsiang
32;JAWA BARAT;3202;KAB. SUKABUMI;320204;Bantargadung
32;JAWA BARAT;3202;KAB. SUKABUMI;320214;Bojonggenteng
32;JAWA BARAT;3202;KAB. SUKABUMI;320231;Caringin
32;JAWA BARAT;3202;KAB. SUKABUMI;320247;Ciambar
32;JAWA BARAT;3202;KAB. SUKABUMI;320211;Cibadak
32;JAWA BARAT;3202;KAB. SUKABUMI;320225;Cibitung
32;JAWA BARAT;3202;KAB. SUKABUMI;320228;Cicantayan
32;JAWA BARAT;3202;KAB. SUKABUMI;320216;Cicurug
32;JAWA BARAT;3202;KAB. SUKABUMI;320244;Cidadap
32;JAWA BARAT;3202;KAB. SUKABUMI;320217;Cidahu
32;JAWA BARAT;3202;KAB. SUKABUMI;320243;Cidolog
32;JAWA BARAT;3202;KAB. SUKABUMI;320222;Ciemas
32;JAWA BARAT;3202;KAB. SUKABUMI;320203;Cikakak
32;JAWA BARAT;3202;KAB. SUKABUMI;320210;Cikembar
32;JAWA BARAT;3202;KAB. SUKABUMI;320206;Cikidang
32;JAWA BARAT;3202;KAB. SUKABUMI;320246;Cimanggu
32;JAWA BARAT;3202;KAB. SUKABUMI;320226;Ciracap
32;JAWA BARAT;3202;KAB. SUKABUMI;320235;Cireunghas
32;JAWA BARAT;3202;KAB. SUKABUMI;320229;Cisaat
32;JAWA BARAT;3202;KAB. SUKABUMI;320205;Cisolok
32;JAWA BARAT;3202;KAB. SUKABUMI;320242;Curugkembar
32;JAWA BARAT;3202;KAB. SUKABUMI;320240;Gegerbitung
32;JAWA BARAT;3202;KAB. SUKABUMI;320227;Gunungguruh
32;JAWA BARAT;3202;KAB. SUKABUMI;320221;Jampangkulon
32;JAWA BARAT;3202;KAB. SUKABUMI;320208;Jampangtengah
32;JAWA BARAT;3202;KAB. SUKABUMI;320219;Kabandungan
32;JAWA BARAT;3202;KAB. SUKABUMI;320230;Kadudampit
32;JAWA BARAT;3202;KAB. SUKABUMI;320218;Kalapanunggal
32;JAWA BARAT;3202;KAB. SUKABUMI;320223;Kalibunder
32;JAWA BARAT;3202;KAB. SUKABUMI;320234;Kebonpedes
32;JAWA BARAT;3202;KAB. SUKABUMI;320207;Lengkong
32;JAWA BARAT;3202;KAB. SUKABUMI;320212;Nagrak
32;JAWA BARAT;3202;KAB. SUKABUMI;320239;Nyalindung
32;JAWA BARAT;3202;KAB. SUKABUMI;320237;Pabuaran
32;JAWA BARAT;3202;KAB. SUKABUMI;320201;Palabuhanratu
32;JAWA BARAT;3202;KAB. SUKABUMI;320215;Parakansalak
32;JAWA BARAT;3202;KAB. SUKABUMI;320213;Parungkuda
32;JAWA BARAT;3202;KAB. SUKABUMI;320238;Purabaya
32;JAWA BARAT;3202;KAB. SUKABUMI;320241;Sagaranten
32;JAWA BARAT;3202;KAB. SUKABUMI;320202;Simpenan
32;JAWA BARAT;3202;KAB. SUKABUMI;320232;Sukabumi
32;JAWA BARAT;3202;KAB. SUKABUMI;320236;Sukalarang
32;JAWA BARAT;3202;KAB. SUKABUMI;320233;Sukaraja
32;JAWA BARAT;3202;KAB. SUKABUMI;320224;Surade
32;JAWA BARAT;3202;KAB. SUKABUMI;320245;Tegalbuleud
32;JAWA BARAT;3202;KAB. SUKABUMI;320220;Waluran
32;JAWA BARAT;3202;KAB. SUKABUMI;320209;Warungkiara
32;JAWA BARAT;3211;KAB. SUMEDANG;321110;Buahdua
32;JAWA BARAT;3211;KAB. SUMEDANG;321104;Cibugel
32;JAWA BARAT;3211;KAB. SUMEDANG;321122;Cimalaka
32;JAWA BARAT;3211;KAB. SUMEDANG;321114;Cimanggung
32;JAWA BARAT;3211;KAB. SUMEDANG;321123;Cisarua
32;JAWA BARAT;3211;KAB. SUMEDANG;321105;Cisitu
32;JAWA BARAT;3211;KAB. SUMEDANG;321107;Conggeang
32;JAWA BARAT;3211;KAB. SUMEDANG;321103;Darmaraja
32;JAWA BARAT;3211;KAB. SUMEDANG;321119;Ganeas
32;JAWA BARAT;3211;KAB. SUMEDANG;321126;Jatigede
32;JAWA BARAT;3211;KAB. SUMEDANG;321115;Jatinangor
32;JAWA BARAT;3211;KAB. SUMEDANG;321102;Jatinunggal
32;JAWA BARAT;3211;KAB. SUMEDANG;321113;Pamulihan
32;JAWA BARAT;3211;KAB. SUMEDANG;321108;Paseh
32;JAWA BARAT;3211;KAB. SUMEDANG;321116;Rancakalong
32;JAWA BARAT;3211;KAB. SUMEDANG;321106;Situraja
32;JAWA BARAT;3211;KAB. SUMEDANG;321112;Sukasari
32;JAWA BARAT;3211;KAB. SUMEDANG;321117;Sumedang Selatan
32;JAWA BARAT;3211;KAB. SUMEDANG;321118;Sumedang Utara
32;JAWA BARAT;3211;KAB. SUMEDANG;321109;Surian
32;JAWA BARAT;3211;KAB. SUMEDANG;321120;Tanjungkerta
32;JAWA BARAT;3211;KAB. SUMEDANG;321121;Tanjungmedar
32;JAWA BARAT;3211;KAB. SUMEDANG;321111;Tanjungsari
32;JAWA BARAT;3211;KAB. SUMEDANG;321124;Tomo
32;JAWA BARAT;3211;KAB. SUMEDANG;321125;Ujungjaya
32;JAWA BARAT;3211;KAB. SUMEDANG;321101;Wado
32;JAWA BARAT;3206;KAB. TASIKMALAYA;320608;Bantarkalong
32;JAWA BARAT;3206;KAB. TASIKMALAYA;320609;Bojongasih
32;JAWA BARAT;3206;KAB. TASIKMALAYA;320611;Bojonggambir
32;JAWA BARAT;3206;KAB. TASIKMALAYA;320636;Ciawi
32;JAWA BARAT;3206;KAB. TASIKMALAYA;320606;Cibalong
32;JAWA BARAT;3206;KAB. TASIKMALAYA;320627;Cigalontang
32;JAWA BARAT;3206;KAB. TASIKMALAYA;320603;Cikalong
32;JAWA BARAT;3206;KAB. TASIKMALAYA;320605;Cikatomas
32;JAWA BARAT;3206;KAB. TASIKMALAYA;320620;Cineam
32;JAWA BARAT;3206;KAB. TASIKMALAYA;320601;Cipatujah
32;JAWA BARAT;3206;KAB. TASIKMALAYA;320632;Cisayong
32;JAWA BARAT;3206;KAB. TASIKMALAYA;320610;Culamega
32;JAWA BARAT;3206;KAB. TASIKMALAYA;320623;Gunung Tanjung
32;JAWA BARAT;3206;KAB. TASIKMALAYA;320635;Jamanis
32;JAWA BARAT;3206;KAB. TASIKMALAYA;320619;Jatiwaras
32;JAWA BARAT;3206;KAB. TASIKMALAYA;320637;Kadipaten
32;JAWA BARAT;3206;KAB. TASIKMALAYA;320621;Karang Jaya
32;JAWA BARAT;3206;KAB. TASIKMALAYA;320602;Karangnunggal
32;JAWA BARAT;3206;KAB. TASIKMALAYA;320628;Leuwisari
32;JAWA BARAT;3206;KAB. TASIKMALAYA;320625;Mangunreja
32;JAWA BARAT;3206;KAB. TASIKMALAYA;320622;Manonjaya
32;JAWA BARAT;3206;KAB. TASIKMALAYA;320629;Padakembang
32;JAWA BARAT;3206;KAB. TASIKMALAYA;320638;Pagerageung
32;JAWA BARAT;3206;KAB. TASIKMALAYA;320604;Pancatengah
32;JAWA BARAT;3206;KAB. TASIKMALAYA;320607;Parungponteng
32;JAWA BARAT;3206;KAB. TASIKMALAYA;320615;Puspahiang
32;JAWA BARAT;3206;KAB. TASIKMALAYA;320634;Rajapolah
32;JAWA BARAT;3206;KAB. TASIKMALAYA;320614;Salawu
32;JAWA BARAT;3206;KAB. TASIKMALAYA;320618;Salopa
32;JAWA BARAT;3206;KAB. TASIKMALAYA;320630;Sariwangi
32;JAWA BARAT;3206;KAB. TASIKMALAYA;320624;Singaparna
32;JAWA BARAT;3206;KAB. TASIKMALAYA;320612;Sodonghilir
32;JAWA BARAT;3206;KAB. TASIKMALAYA;320633;Sukahening
32;JAWA BARAT;3206;KAB. TASIKMALAYA;320617;Sukaraja
32;JAWA BARAT;3206;KAB. TASIKMALAYA;320626;Sukarame
32;JAWA BARAT;3206;KAB. TASIKMALAYA;320631;Sukaratu
32;JAWA BARAT;3206;KAB. TASIKMALAYA;320639;Sukaresik
32;JAWA BARAT;3206;KAB. TASIKMALAYA;320616;Tanjungjaya
32;JAWA BARAT;3206;KAB. TASIKMALAYA;320613;Taraju
32;JAWA BARAT;3273;KOTA BANDUNG;327305;Andir
32;JAWA BARAT;3273;KOTA BANDUNG;327320;Antapani
32;JAWA BARAT;3273;KOTA BANDUNG;327324;Arcamanik
32;JAWA BARAT;3273;KOTA BANDUNG;327310;Astana Anyar
32;JAWA BARAT;3273;KOTA BANDUNG;327303;Babakan Ciparay
32;JAWA BARAT;3273;KOTA BANDUNG;327321;Bandung Kidul
32;JAWA BARAT;3273;KOTA BANDUNG;327315;Bandung Kulon
32;JAWA BARAT;3273;KOTA BANDUNG;327309;Bandung Wetan
32;JAWA BARAT;3273;KOTA BANDUNG;327312;Batununggal
32;JAWA BARAT;3273;KOTA BANDUNG;327304;Bojongloa Kaler
32;JAWA BARAT;3273;KOTA BANDUNG;327317;Bojongloa Kidul
32;JAWA BARAT;3273;KOTA BANDUNG;327322;Buahbatu
32;JAWA BARAT;3273;KOTA BANDUNG;327318;Cibeunying Kaler
32;JAWA BARAT;3273;KOTA BANDUNG;327314;Cibeunying Kidul
32;JAWA BARAT;3273;KOTA BANDUNG;327325;Cibiru
32;JAWA BARAT;3273;KOTA BANDUNG;327306;Cicendo
32;JAWA BARAT;3273;KOTA BANDUNG;327308;Cidadap
32;JAWA BARAT;3273;KOTA BANDUNG;327329;Cinambo
32;JAWA BARAT;3273;KOTA BANDUNG;327302;Coblong
32;JAWA BARAT;3273;KOTA BANDUNG;327327;Gedebage
32;JAWA BARAT;3273;KOTA BANDUNG;327316;Kiaracondong
32;JAWA BARAT;3273;KOTA BANDUNG;327313;Lengkong
32;JAWA BARAT;3273;KOTA BANDUNG;327330;Mandalajati
32;JAWA BARAT;3273;KOTA BANDUNG;327328;Panyileukan
32;JAWA BARAT;3273;KOTA BANDUNG;327323;Rancasari
32;JAWA BARAT;3273;KOTA BANDUNG;327311;Regol
32;JAWA BARAT;3273;KOTA BANDUNG;327307;Sukajadi
32;JAWA BARAT;3273;KOTA BANDUNG;327301;Sukasari
32;JAWA BARAT;3273;KOTA BANDUNG;327319;Sumur Bandung
32;JAWA BARAT;3273;KOTA BANDUNG;327326;Ujungberung
32;JAWA BARAT;3279;KOTA BANJAR;327901;Banjar
32;JAWA BARAT;3279;KOTA BANJAR;327904;Langensari
32;JAWA BARAT;3279;KOTA BANJAR;327902;Pataruman
32;JAWA BARAT;3279;KOTA BANJAR;327903;Purwaharja
32;JAWA BARAT;3275;KOTA BEKASI;327507;Bantargebang
32;JAWA BARAT;3275;KOTA BEKASI;327502;Bekasi Barat
32;JAWA BARAT;3275;KOTA BEKASI;327504;Bekasi Selatan
32;JAWA BARAT;3275;KOTA BEKASI;327501;Bekasi Timur
32;JAWA BARAT;3275;KOTA BEKASI;327503;Bekasi Utara
32;JAWA BARAT;3275;KOTA BEKASI;327509;Jatiasih
32;JAWA BARAT;3275;KOTA BEKASI;327510;Jatisampurna
32;JAWA BARAT;3275;KOTA BEKASI;327506;Medansatria
32;JAWA BARAT;3275;KOTA BEKASI;327511;Mustikajaya
32;JAWA BARAT;3275;KOTA BEKASI;327508;Pondokgede
32;JAWA BARAT;3275;KOTA BEKASI;327512;Pondokmelati
32;JAWA BARAT;3275;KOTA BEKASI;327505;Rawalumbu
32;JAWA BARAT;3271;KOTA BOGOR;327104;Bogor Barat
32;JAWA BARAT;3271;KOTA BOGOR;327101;Bogor Selatan
32;JAWA BARAT;3271;KOTA BOGOR;327103;Bogor Tengah
32;JAWA BARAT;3271;KOTA BOGOR;327102;Bogor Timur
32;JAWA BARAT;3271;KOTA BOGOR;327105;Bogor Utara
32;JAWA BARAT;3271;KOTA BOGOR;327106;Tanah Sareal
32;JAWA BARAT;3277;KOTA CIMAHI;327701;Cimahi Selatan
32;JAWA BARAT;3277;KOTA CIMAHI;327702;Cimahi Tengah
32;JAWA BARAT;3277;KOTA CIMAHI;327703;Cimahi Utara
32;JAWA BARAT;3274;KOTA CIREBON;327403;Harjamukti
32;JAWA BARAT;3274;KOTA CIREBON;327401;Kejaksan
32;JAWA BARAT;3274;KOTA CIREBON;327405;Kesambi
32;JAWA BARAT;3274;KOTA CIREBON;327402;Lemah Wungkuk
32;JAWA BARAT;3274;KOTA CIREBON;327404;Pekalipan
32;JAWA BARAT;3276;KOTA DEPOK;327606;Beji
32;JAWA BARAT;3276;KOTA DEPOK;327611;Bojongsari
32;JAWA BARAT;3276;KOTA DEPOK;327608;Cilodong
32;JAWA BARAT;3276;KOTA DEPOK;327602;Cimanggis
32;JAWA BARAT;3276;KOTA DEPOK;327609;Cinere
32;JAWA BARAT;3276;KOTA DEPOK;327607;Cipayung
32;JAWA BARAT;3276;KOTA DEPOK;327604;Limo
32;JAWA BARAT;3276;KOTA DEPOK;327601;Pancoran Mas
32;JAWA BARAT;3276;KOTA DEPOK;327603;Sawangan
32;JAWA BARAT;3276;KOTA DEPOK;327605;Sukmajaya
32;JAWA BARAT;3276;KOTA DEPOK;327610;Tapos
32;JAWA BARAT;3272;KOTA SUKABUMI;327205;Baros
32;JAWA BARAT;3272;KOTA SUKABUMI;327207;Cibeureum
32;JAWA BARAT;3272;KOTA SUKABUMI;327202;Cikole
32;JAWA BARAT;3272;KOTA SUKABUMI;327203;Citamiang
32;JAWA BARAT;3272;KOTA SUKABUMI;327201;Gunungpuyuh
32;JAWA BARAT;3272;KOTA SUKABUMI;327206;Lembursitu
32;JAWA BARAT;3272;KOTA SUKABUMI;327204;Warudoyong
32;JAWA BARAT;3278;KOTA TASIKMALAYA;327809;Bungursari
32;JAWA BARAT;3278;KOTA TASIKMALAYA;327806;Cibeureum
32;JAWA BARAT;3278;KOTA TASIKMALAYA;327801;Cihideung
32;JAWA BARAT;3278;KOTA TASIKMALAYA;327802;Cipedes
32;JAWA BARAT;3278;KOTA TASIKMALAYA;327804;Indihiang
32;JAWA BARAT;3278;KOTA TASIKMALAYA;327805;Kawalu
32;JAWA BARAT;3278;KOTA TASIKMALAYA;327808;Mangkubumi
32;JAWA BARAT;3278;KOTA TASIKMALAYA;327810;Purbaratu
32;JAWA BARAT;3278;KOTA TASIKMALAYA;327807;Tamansari
32;JAWA BARAT;3278;KOTA TASIKMALAYA;327803;Tawang
75;GORONTALO;7502;KAB. BOALEMO;750206;Botumoita
75;GORONTALO;7502;KAB. BOALEMO;750203;Dulupi
75;GORONTALO;7502;KAB. BOALEMO;750205;Mananggu
75;GORONTALO;7502;KAB. BOALEMO;750201;Paguyaman
75;GORONTALO;7502;KAB. BOALEMO;750207;Paguyaman Pantai
75;GORONTALO;7502;KAB. BOALEMO;750204;Tilamuta
75;GORONTALO;7502;KAB. BOALEMO;750202;Wonosari
75;GORONTALO;7503;KAB. BONE BOLANGO;750309;Bone
75;GORONTALO;7503;KAB. BONE BOLANGO;750310;Bone Raya
75;GORONTALO;7503;KAB. BONE BOLANGO;750304;Bonepantai
75;GORONTALO;7503;KAB. BONE BOLANGO;750307;Botupingge
75;GORONTALO;7503;KAB. BONE BOLANGO;750315;Bulango Selatan
75;GORONTALO;7503;KAB. BONE BOLANGO;750316;Bulango Timur
75;GORONTALO;7503;KAB. BONE BOLANGO;750314;Bulango Ulu
75;GORONTALO;7503;KAB. BONE BOLANGO;750305;Bulango Utara
75;GORONTALO;7503;KAB. BONE BOLANGO;750317;Bulawa
75;GORONTALO;7503;KAB. BONE BOLANGO;750302;Kabila
75;GORONTALO;7503;KAB. BONE BOLANGO;750308;Kabila Bone
75;GORONTALO;7503;KAB. BONE BOLANGO;750318;Pinogu
75;GORONTALO;7503;KAB. BONE BOLANGO;750303;Suwawa
75;GORONTALO;7503;KAB. BONE BOLANGO;750312;Suwawa Selatan
75;GORONTALO;7503;KAB. BONE BOLANGO;750313;Suwawa Tengah
75;GORONTALO;7503;KAB. BONE BOLANGO;750311;Suwawa Timur
75;GORONTALO;7503;KAB. BONE BOLANGO;750301;Tapa
75;GORONTALO;7503;KAB. BONE BOLANGO;750306;Tilongkabila
75;GORONTALO;7501;KAB. GORONTALO;750121;Asparaga
75;GORONTALO;7501;KAB. GORONTALO;750103;Batudaa
75;GORONTALO;7501;KAB. GORONTALO;750105;Batudaa Pantai
75;GORONTALO;7501;KAB. GORONTALO;750123;Bilato
75;GORONTALO;7501;KAB. GORONTALO;750120;Biluhu
75;GORONTALO;7501;KAB. GORONTALO;750109;Boliyohuto
75;GORONTALO;7501;KAB. GORONTALO;750111;Bongomeme
75;GORONTALO;7501;KAB. GORONTALO;750124;Dungaliyo
75;GORONTALO;7501;KAB. GORONTALO;750101;Limboto
75;GORONTALO;7501;KAB. GORONTALO;750117;Limboto Barat
75;GORONTALO;7501;KAB. GORONTALO;750114;Mootilango
75;GORONTALO;7501;KAB. GORONTALO;750116;Pulubala
75;GORONTALO;7501;KAB. GORONTALO;750119;Tabongo
75;GORONTALO;7501;KAB. GORONTALO;750122;Talaga Jaya
75;GORONTALO;7501;KAB. GORONTALO;750102;Telaga
75;GORONTALO;7501;KAB. GORONTALO;750110;Telaga Biru
75;GORONTALO;7501;KAB. GORONTALO;750104;Tibawa
75;GORONTALO;7501;KAB. GORONTALO;750118;Tilango
75;GORONTALO;7501;KAB. GORONTALO;750113;Tolangohula
75;GORONTALO;7505;KAB. GORONTALO UTARA;750503;Anggrek
75;GORONTALO;7505;KAB. GORONTALO UTARA;750501;Atinggola
75;GORONTALO;7505;KAB. GORONTALO UTARA;750510;Biau
75;GORONTALO;7505;KAB. GORONTALO UTARA;750506;Gentuma Raya
75;GORONTALO;7505;KAB. GORONTALO UTARA;750502;Kwandang
75;GORONTALO;7505;KAB. GORONTALO UTARA;750509;Monano
75;GORONTALO;7505;KAB. GORONTALO UTARA;750508;Ponelo Kepulauan
75;GORONTALO;7505;KAB. GORONTALO UTARA;750504;Sumalata
75;GORONTALO;7505;KAB. GORONTALO UTARA;750511;Sumalata Timur
75;GORONTALO;7505;KAB. GORONTALO UTARA;750505;Tolinggula
75;GORONTALO;7505;KAB. GORONTALO UTARA;750507;Tomilito
75;GORONTALO;7504;KAB. POHUWATO;750409;Buntulia
75;GORONTALO;7504;KAB. POHUWATO;750408;Dengilo
75;GORONTALO;7504;KAB. POHUWATO;750410;Duhiadaa
75;GORONTALO;7504;KAB. POHUWATO;750402;Lemito
75;GORONTALO;7504;KAB. POHUWATO;750404;Marisa
75;GORONTALO;7504;KAB. POHUWATO;750405;Paguat
75;GORONTALO;7504;KAB. POHUWATO;750406;Patilanggio
75;GORONTALO;7504;KAB. POHUWATO;750401;Popayato
75;GORONTALO;7504;KAB. POHUWATO;750413;Popayato Barat
75;GORONTALO;7504;KAB. POHUWATO;750412;Popayato Timur
75;GORONTALO;7504;KAB. POHUWATO;750403;Randangan
75;GORONTALO;7504;KAB. POHUWATO;750407;Taluditi
75;GORONTALO;7504;KAB. POHUWATO;750411;Wanggarasi
75;GORONTALO;7571;KOTA GORONTALO;757108;Dumbo Raya
75;GORONTALO;7571;KOTA GORONTALO;757104;Dungingi
75;GORONTALO;7571;KOTA GORONTALO;757109;Hulonthalangi
75;GORONTALO;7571;KOTA GORONTALO;757101;Kota Barat
75;GORONTALO;7571;KOTA GORONTALO;757102;Kota Selatan
75;GORONTALO;7571;KOTA GORONTALO;757106;Kota Tengah
75;GORONTALO;7571;KOTA GORONTALO;757105;Kota Timur
75;GORONTALO;7571;KOTA GORONTALO;757103;Kota Utara
75;GORONTALO;7571;KOTA GORONTALO;757107;Sipatana
76;SULAWESI BARAT;7605;KAB. MAJENE;760501;Banggae
76;SULAWESI BARAT;7605;KAB. MAJENE;760508;Banggae Timur
76;SULAWESI BARAT;7605;KAB. MAJENE;760504;Malunda
76;SULAWESI BARAT;7605;KAB. MAJENE;760502;Pamboang
76;SULAWESI BARAT;7605;KAB. MAJENE;760503;Sendana
76;SULAWESI BARAT;7605;KAB. MAJENE;760506;Tammerodo Sendana
76;SULAWESI BARAT;7605;KAB. MAJENE;760507;Tubo Sendana
76;SULAWESI BARAT;7605;KAB. MAJENE;760505;Ulumanda
76;SULAWESI BARAT;7603;KAB. MAMASA;760302;Aralle
76;SULAWESI BARAT;7603;KAB. MAMASA;760312;Balla
76;SULAWESI BARAT;7603;KAB. MAMASA;760311;Bambang
76;SULAWESI BARAT;7603;KAB. MAMASA;760316;Buntumalangka
76;SULAWESI BARAT;7603;KAB. MAMASA;760303;Mamasa
76;SULAWESI BARAT;7603;KAB. MAMASA;760301;Mambi
76;SULAWESI BARAT;7603;KAB. MAMASA;760317;Mehalaan
76;SULAWESI BARAT;7603;KAB. MAMASA;760307;Messawa
76;SULAWESI BARAT;7603;KAB. MAMASA;760313;Nosu
76;SULAWESI BARAT;7603;KAB. MAMASA;760304;Pana
76;SULAWESI BARAT;7603;KAB. MAMASA;760315;Rantebulahan Timur
76;SULAWESI BARAT;7603;KAB. MAMASA;760308;Sesenapadang
76;SULAWESI BARAT;7603;KAB. MAMASA;760306;Sumarorong
76;SULAWESI BARAT;7603;KAB. MAMASA;760310;Tabang
76;SULAWESI BARAT;7603;KAB. MAMASA;760305;Tabulahan
76;SULAWESI BARAT;7603;KAB. MAMASA;760309;Tanduk Kalua
76;SULAWESI BARAT;7603;KAB. MAMASA;760314;Tawalian
76;SULAWESI BARAT;7602;KAB. MAMUJU;760215;Bonehau
76;SULAWESI BARAT;7602;KAB. MAMUJU;760203;Kalukku
76;SULAWESI BARAT;7602;KAB. MAMUJU;760204;Kalumpang
76;SULAWESI BARAT;7602;KAB. MAMUJU;760216;Kep. Bala Balakang
76;SULAWESI BARAT;7602;KAB. MAMUJU;760201;Mamuju
76;SULAWESI BARAT;7602;KAB. MAMUJU;760207;Papalang
76;SULAWESI BARAT;7602;KAB. MAMUJU;760208;Sampaga
76;SULAWESI BARAT;7602;KAB. MAMUJU;760212;Simboro dan Kepulauan
76;SULAWESI BARAT;7602;KAB. MAMUJU;760202;Tapalang
76;SULAWESI BARAT;7602;KAB. MAMUJU;760213;Tapalang Barat
76;SULAWESI BARAT;7602;KAB. MAMUJU;760211;Tommo
76;SULAWESI BARAT;7606;KAB. MAMUJU TENGAH;760603;Budong-Budong
76;SULAWESI BARAT;7606;KAB. MAMUJU TENGAH;760605;Karossa
76;SULAWESI BARAT;7606;KAB. MAMUJU TENGAH;760602;Pangale
76;SULAWESI BARAT;7606;KAB. MAMUJU TENGAH;760601;Tobadak
76;SULAWESI BARAT;7606;KAB. MAMUJU TENGAH;760604;Topoyo
76;SULAWESI BARAT;7601;KAB. PASANGKAYU;760110;Bambaira
76;SULAWESI BARAT;7601;KAB. PASANGKAYU;760101;Bambalamotu
76;SULAWESI BARAT;7601;KAB. PASANGKAYU;760103;Baras
76;SULAWESI BARAT;7601;KAB. PASANGKAYU;760107;Bulu Taba
76;SULAWESI BARAT;7601;KAB. PASANGKAYU;760105;Dapurang
76;SULAWESI BARAT;7601;KAB. PASANGKAYU;760106;Duripoku
76;SULAWESI BARAT;7601;KAB. PASANGKAYU;760112;Lariang
76;SULAWESI BARAT;7601;KAB. PASANGKAYU;760102;Pasangkayu
76;SULAWESI BARAT;7601;KAB. PASANGKAYU;760109;Pedongga
76;SULAWESI BARAT;7601;KAB. PASANGKAYU;760111;Sarjo
76;SULAWESI BARAT;7601;KAB. PASANGKAYU;760104;Sarudu
76;SULAWESI BARAT;7601;KAB. PASANGKAYU;760108;Tikke Raya
76;SULAWESI BARAT;7604;KAB. POLEWALI MANDAR;760415;Allu
76;SULAWESI BARAT;7604;KAB. POLEWALI MANDAR;760413;Anreapi
76;SULAWESI BARAT;7604;KAB. POLEWALI MANDAR;760412;Balanipa
76;SULAWESI BARAT;7604;KAB. POLEWALI MANDAR;760406;Binuang
76;SULAWESI BARAT;7604;KAB. POLEWALI MANDAR;760416;Bulo
76;SULAWESI BARAT;7604;KAB. POLEWALI MANDAR;760402;Campalagian
76;SULAWESI BARAT;7604;KAB. POLEWALI MANDAR;760411;Limboro
76;SULAWESI BARAT;7604;KAB. POLEWALI MANDAR;760410;Luyo
76;SULAWESI BARAT;7604;KAB. POLEWALI MANDAR;760408;Mapilli
76;SULAWESI BARAT;7604;KAB. POLEWALI MANDAR;760414;Matakali
76;SULAWESI BARAT;7604;KAB. POLEWALI MANDAR;760409;Matangnga
76;SULAWESI BARAT;7604;KAB. POLEWALI MANDAR;760404;Polewali
76;SULAWESI BARAT;7604;KAB. POLEWALI MANDAR;760407;Tapango
76;SULAWESI BARAT;7604;KAB. POLEWALI MANDAR;760401;Tinambung
76;SULAWESI BARAT;7604;KAB. POLEWALI MANDAR;760405;Tutar
76;SULAWESI BARAT;7604;KAB. POLEWALI MANDAR;760403;Wonomulyo
93;PAPUA SELATAN;9304;KAB. ASMAT;930401;Agats
93;PAPUA SELATAN;9304;KAB. ASMAT;930404;Akat
93;PAPUA SELATAN;9304;KAB. ASMAT;930421;Aswi
93;PAPUA SELATAN;9304;KAB. ASMAT;930402;Atsj
93;PAPUA SELATAN;9304;KAB. ASMAT;930422;Awyu
93;PAPUA SELATAN;9304;KAB. ASMAT;930418;Ayip
93;PAPUA SELATAN;9304;KAB. ASMAT;930419;Betcbamu
93;PAPUA SELATAN;9304;KAB. ASMAT;930414;Der Koumur
93;PAPUA SELATAN;9304;KAB. ASMAT;930405;Fayit
93;PAPUA SELATAN;9304;KAB. ASMAT;930413;Jetsy
93;PAPUA SELATAN;9304;KAB. ASMAT;930411;Joerat
93;PAPUA SELATAN;9304;KAB. ASMAT;930420;Joutu
93;PAPUA SELATAN;9304;KAB. ASMAT;930409;Kolf Braza
93;PAPUA SELATAN;9304;KAB. ASMAT;930415;Kopay
93;PAPUA SELATAN;9304;KAB. ASMAT;930423;Koroway Buluanop
93;PAPUA SELATAN;9304;KAB. ASMAT;930406;Pantai Kasuari
93;PAPUA SELATAN;9304;KAB. ASMAT;930412;Pulau Tiga
93;PAPUA SELATAN;9304;KAB. ASMAT;930416;Safan
93;PAPUA SELATAN;9304;KAB. ASMAT;930403;Sawa Erma
93;PAPUA SELATAN;9304;KAB. ASMAT;930417;Sirets
93;PAPUA SELATAN;9304;KAB. ASMAT;930425;Sor Ep
93;PAPUA SELATAN;9304;KAB. ASMAT;930407;Suator
93;PAPUA SELATAN;9304;KAB. ASMAT;930408;Suru-suru
93;PAPUA SELATAN;9304;KAB. ASMAT;930424;Tomor Birip
93;PAPUA SELATAN;9304;KAB. ASMAT;930410;Unir Sirau
93;PAPUA SELATAN;9302;KAB. BOVEN DIGOEL;930211;Ambatkwi
93;PAPUA SELATAN;9302;KAB. BOVEN DIGOEL;930209;Arimop
93;PAPUA SELATAN;9302;KAB. BOVEN DIGOEL;930206;Bomakia
93;PAPUA SELATAN;9302;KAB. BOVEN DIGOEL;930213;Firiwage
93;PAPUA SELATAN;9302;KAB. BOVEN DIGOEL;930210;Fofi
93;PAPUA SELATAN;9302;KAB. BOVEN DIGOEL;930208;Iniyandit
93;PAPUA SELATAN;9302;KAB. BOVEN DIGOEL;930205;Jair
93;PAPUA SELATAN;9302;KAB. BOVEN DIGOEL;930220;Kawagit
93;PAPUA SELATAN;9302;KAB. BOVEN DIGOEL;930219;Ki
93;PAPUA SELATAN;9302;KAB. BOVEN DIGOEL;930216;Kombay
93;PAPUA SELATAN;9302;KAB. BOVEN DIGOEL;930207;Kombut
93;PAPUA SELATAN;9302;KAB. BOVEN DIGOEL;930204;Kouh
93;PAPUA SELATAN;9302;KAB. BOVEN DIGOEL;930201;Mandobo
93;PAPUA SELATAN;9302;KAB. BOVEN DIGOEL;930212;Manggelum
93;PAPUA SELATAN;9302;KAB. BOVEN DIGOEL;930202;Mindiptana
93;PAPUA SELATAN;9302;KAB. BOVEN DIGOEL;930217;Ninati
93;PAPUA SELATAN;9302;KAB. BOVEN DIGOEL;930218;Sesnuk
93;PAPUA SELATAN;9302;KAB. BOVEN DIGOEL;930215;Subur
93;PAPUA SELATAN;9302;KAB. BOVEN DIGOEL;930203;Waropko
93;PAPUA SELATAN;9302;KAB. BOVEN DIGOEL;930214;Yaniruma
93;PAPUA SELATAN;9303;KAB. MAPPI;930306;Assue
93;PAPUA SELATAN;9303;KAB. MAPPI;930313;Bamgi
93;PAPUA SELATAN;9303;KAB. MAPPI;930303;Citak-Mitak
93;PAPUA SELATAN;9303;KAB. MAPPI;930304;Edera
93;PAPUA SELATAN;9303;KAB. MAPPI;930305;Haju
93;PAPUA SELATAN;9303;KAB. MAPPI;930307;Kaibar
93;PAPUA SELATAN;9303;KAB. MAPPI;930302;Mambioman Bapai
93;PAPUA SELATAN;9303;KAB. MAPPI;930309;Minyamur
93;PAPUA SELATAN;9303;KAB. MAPPI;930301;Obaa
93;PAPUA SELATAN;9303;KAB. MAPPI;930308;Passue
93;PAPUA SELATAN;9303;KAB. MAPPI;930314;Passue Bawah
93;PAPUA SELATAN;9303;KAB. MAPPI;930311;Syahcame
93;PAPUA SELATAN;9303;KAB. MAPPI;930315;Ti Zain
93;PAPUA SELATAN;9303;KAB. MAPPI;930310;Venaha
93;PAPUA SELATAN;9303;KAB. MAPPI;930312;Yakomi
93;PAPUA SELATAN;9301;KAB. MERAUKE;930113;Animha
93;PAPUA SELATAN;9301;KAB. MERAUKE;930110;Elikobal
93;PAPUA SELATAN;9301;KAB. MERAUKE;930120;Ilwayab
93;PAPUA SELATAN;9301;KAB. MERAUKE;930107;Jagebob
93;PAPUA SELATAN;9301;KAB. MERAUKE;930117;Kaptel
93;PAPUA SELATAN;9301;KAB. MERAUKE;930104;Kimaam
93;PAPUA SELATAN;9301;KAB. MERAUKE;930122;Kontuar
93;PAPUA SELATAN;9301;KAB. MERAUKE;930111;Kurik
93;PAPUA SELATAN;9301;KAB. MERAUKE;930114;Malind
93;PAPUA SELATAN;9301;KAB. MERAUKE;930101;Merauke
93;PAPUA SELATAN;9301;KAB. MERAUKE;930102;Muting
93;PAPUA SELATAN;9301;KAB. MERAUKE;930112;Naukenjerai
93;PAPUA SELATAN;9301;KAB. MERAUKE;930116;Ngguti
93;PAPUA SELATAN;9301;KAB. MERAUKE;930103;Okaba
93;PAPUA SELATAN;9301;KAB. MERAUKE;930121;Padua
93;PAPUA SELATAN;9301;KAB. MERAUKE;930105;Semangga
93;PAPUA SELATAN;9301;KAB. MERAUKE;930108;Sota
93;PAPUA SELATAN;9301;KAB. MERAUKE;930118;Tabonji
93;PAPUA SELATAN;9301;KAB. MERAUKE;930106;Tanah Miring
93;PAPUA SELATAN;9301;KAB. MERAUKE;930115;Tubang
93;PAPUA SELATAN;9301;KAB. MERAUKE;930109;Ulilin
93;PAPUA SELATAN;9301;KAB. MERAUKE;930119;Waan
64;KALIMANTAN TIMUR;6403;KAB. BERAU;640312;Batu Putih
64;KALIMANTAN TIMUR;6403;KAB. BERAU;640313;Biatan
64;KALIMANTAN TIMUR;6403;KAB. BERAU;640308;Biduk-Biduk
64;KALIMANTAN TIMUR;6403;KAB. BERAU;640306;Gunung Tabur
64;KALIMANTAN TIMUR;6403;KAB. BERAU;640301;Kelay
64;KALIMANTAN TIMUR;6403;KAB. BERAU;640311;Maratua
64;KALIMANTAN TIMUR;6403;KAB. BERAU;640307;Pulau Derawan
64;KALIMANTAN TIMUR;6403;KAB. BERAU;640303;Sambaliung
64;KALIMANTAN TIMUR;6403;KAB. BERAU;640304;Segah
64;KALIMANTAN TIMUR;6403;KAB. BERAU;640310;Tabalar
64;KALIMANTAN TIMUR;6403;KAB. BERAU;640302;Talisayan
64;KALIMANTAN TIMUR;6403;KAB. BERAU;640305;Tanjung Redeb
64;KALIMANTAN TIMUR;6403;KAB. BERAU;640309;Teluk Bayur
64;KALIMANTAN TIMUR;6407;KAB. KUTAI BARAT;640707;Barong Tongkok
64;KALIMANTAN TIMUR;6407;KAB. KUTAI BARAT;640714;Bentian Besar
64;KALIMANTAN TIMUR;6407;KAB. KUTAI BARAT;640712;Bongan
64;KALIMANTAN TIMUR;6407;KAB. KUTAI BARAT;640708;Damai
64;KALIMANTAN TIMUR;6407;KAB. KUTAI BARAT;640711;Jempang
64;KALIMANTAN TIMUR;6407;KAB. KUTAI BARAT;640715;Linggang Bigung
64;KALIMANTAN TIMUR;6407;KAB. KUTAI BARAT;640705;Long Iram
64;KALIMANTAN TIMUR;6407;KAB. KUTAI BARAT;640706;Melak
64;KALIMANTAN TIMUR;6407;KAB. KUTAI BARAT;640718;Mook Manaar Bulatn
64;KALIMANTAN TIMUR;6407;KAB. KUTAI BARAT;640709;Muara Lawa
64;KALIMANTAN TIMUR;6407;KAB. KUTAI BARAT;640710;Muara Pahu
64;KALIMANTAN TIMUR;6407;KAB. KUTAI BARAT;640716;Nyuatan
64;KALIMANTAN TIMUR;6407;KAB. KUTAI BARAT;640713;Penyinggahan
64;KALIMANTAN TIMUR;6407;KAB. KUTAI BARAT;640720;Sekolaq Darat
64;KALIMANTAN TIMUR;6407;KAB. KUTAI BARAT;640717;Siluq Ngurai
64;KALIMANTAN TIMUR;6407;KAB. KUTAI BARAT;640719;Tering
64;KALIMANTAN TIMUR;6402;KAB. KUTAI KARTANEGARA;640204;Anggana
64;KALIMANTAN TIMUR;6402;KAB. KUTAI KARTANEGARA;640210;Kembang Janggut
64;KALIMANTAN TIMUR;6402;KAB. KUTAI KARTANEGARA;640209;Kenohan
64;KALIMANTAN TIMUR;6402;KAB. KUTAI KARTANEGARA;640208;Kota Bangun
64;KALIMANTAN TIMUR;6402;KAB. KUTAI KARTANEGARA;640219;Kota Bangun Darat
64;KALIMANTAN TIMUR;6402;KAB. KUTAI KARTANEGARA;640203;Loa Janan
64;KALIMANTAN TIMUR;6402;KAB. KUTAI KARTANEGARA;640202;Loa Kulu
64;KALIMANTAN TIMUR;6402;KAB. KUTAI KARTANEGARA;640217;Marang Kayu
64;KALIMANTAN TIMUR;6402;KAB. KUTAI KARTANEGARA;640205;Muara Badak
64;KALIMANTAN TIMUR;6402;KAB. KUTAI KARTANEGARA;640214;Muara Jawa
64;KALIMANTAN TIMUR;6402;KAB. KUTAI KARTANEGARA;640211;Muara Kaman
64;KALIMANTAN TIMUR;6402;KAB. KUTAI KARTANEGARA;640201;Muara Muntai
64;KALIMANTAN TIMUR;6402;KAB. KUTAI KARTANEGARA;640218;Muara Wis
64;KALIMANTAN TIMUR;6402;KAB. KUTAI KARTANEGARA;640213;Samboja
64;KALIMANTAN TIMUR;6402;KAB. KUTAI KARTANEGARA;640215;Sanga Sanga
64;KALIMANTAN TIMUR;6402;KAB. KUTAI KARTANEGARA;640207;Sebulu
64;KALIMANTAN TIMUR;6402;KAB. KUTAI KARTANEGARA;640220;Semboja Barat
64;KALIMANTAN TIMUR;6402;KAB. KUTAI KARTANEGARA;640212;Tabang
64;KALIMANTAN TIMUR;6402;KAB. KUTAI KARTANEGARA;640206;Tenggarong
64;KALIMANTAN TIMUR;6402;KAB. KUTAI KARTANEGARA;640216;Tenggarong Seberang
64;KALIMANTAN TIMUR;6408;KAB. KUTAI TIMUR;640817;Batu Ampar
64;KALIMANTAN TIMUR;6408;KAB. KUTAI TIMUR;640809;Bengalon
64;KALIMANTAN TIMUR;6408;KAB. KUTAI TIMUR;640806;Busang
64;KALIMANTAN TIMUR;6408;KAB. KUTAI TIMUR;640810;Kaliorang
64;KALIMANTAN TIMUR;6408;KAB. KUTAI TIMUR;640816;Karangan
64;KALIMANTAN TIMUR;6408;KAB. KUTAI TIMUR;640815;Kaubun
64;KALIMANTAN TIMUR;6408;KAB. KUTAI TIMUR;640808;Kombeng
64;KALIMANTAN TIMUR;6408;KAB. KUTAI TIMUR;640818;Long Mesangat
64;KALIMANTAN TIMUR;6408;KAB. KUTAI TIMUR;640801;Muara Ancalong
64;KALIMANTAN TIMUR;6408;KAB. KUTAI TIMUR;640803;Muara Bengkal
64;KALIMANTAN TIMUR;6408;KAB. KUTAI TIMUR;640802;Muara Wahau
64;KALIMANTAN TIMUR;6408;KAB. KUTAI TIMUR;640814;Rantau Pulung
64;KALIMANTAN TIMUR;6408;KAB. KUTAI TIMUR;640811;Sandaran
64;KALIMANTAN TIMUR;6408;KAB. KUTAI TIMUR;640812;Sangatta Selatan
64;KALIMANTAN TIMUR;6408;KAB. KUTAI TIMUR;640804;Sangatta Utara
64;KALIMANTAN TIMUR;6408;KAB. KUTAI TIMUR;640805;Sangkulirang
64;KALIMANTAN TIMUR;6408;KAB. KUTAI TIMUR;640807;Telen
64;KALIMANTAN TIMUR;6408;KAB. KUTAI TIMUR;640813;Teluk Pandan
64;KALIMANTAN TIMUR;6411;KAB. MAHAKAM ULU;641103;Laham
64;KALIMANTAN TIMUR;6411;KAB. MAHAKAM ULU;641104;Long Apari
64;KALIMANTAN TIMUR;6411;KAB. MAHAKAM ULU;641101;Long Bagun
64;KALIMANTAN TIMUR;6411;KAB. MAHAKAM ULU;641102;Long Hubung
64;KALIMANTAN TIMUR;6411;KAB. MAHAKAM ULU;641105;Long Pahangai
64;KALIMANTAN TIMUR;6401;KAB. PASER;640109;Batu Engau
64;KALIMANTAN TIMUR;6401;KAB. PASER;640101;Batu Sopang
64;KALIMANTAN TIMUR;6401;KAB. PASER;640105;Kuaro
64;KALIMANTAN TIMUR;6401;KAB. PASER;640106;Long Ikis
64;KALIMANTAN TIMUR;6401;KAB. PASER;640108;Long Kali
64;KALIMANTAN TIMUR;6401;KAB. PASER;640107;Muara Komam
64;KALIMANTAN TIMUR;6401;KAB. PASER;640110;Muara Samu
64;KALIMANTAN TIMUR;6401;KAB. PASER;640103;Paser Belengkong
64;KALIMANTAN TIMUR;6401;KAB. PASER;640104;Tanah Grogot
64;KALIMANTAN TIMUR;6401;KAB. PASER;640102;Tanjung Harapan
64;KALIMANTAN TIMUR;6409;KAB. PENAJAM PASER UTARA;640903;Babulu
64;KALIMANTAN TIMUR;6409;KAB. PENAJAM PASER UTARA;640901;Penajam
64;KALIMANTAN TIMUR;6409;KAB. PENAJAM PASER UTARA;640904;Sepaku
64;KALIMANTAN TIMUR;6409;KAB. PENAJAM PASER UTARA;640902;Waru
64;KALIMANTAN TIMUR;6471;KOTA BALIKPAPAN;647102;Balikpapan Barat
64;KALIMANTAN TIMUR;6471;KOTA BALIKPAPAN;647106;Balikpapan Kota
64;KALIMANTAN TIMUR;6471;KOTA BALIKPAPAN;647105;Balikpapan Selatan
64;KALIMANTAN TIMUR;6471;KOTA BALIKPAPAN;647104;Balikpapan Tengah
64;KALIMANTAN TIMUR;6471;KOTA BALIKPAPAN;647101;Balikpapan Timur
64;KALIMANTAN TIMUR;6471;KOTA BALIKPAPAN;647103;Balikpapan Utara
64;KALIMANTAN TIMUR;6474;KOTA BONTANG;647403;Bontang Barat
64;KALIMANTAN TIMUR;6474;KOTA BONTANG;647402;Bontang Selatan
64;KALIMANTAN TIMUR;6474;KOTA BONTANG;647401;Bontang Utara
64;KALIMANTAN TIMUR;6472;KOTA SAMARINDA;647210;Loa Janan Ilir
64;KALIMANTAN TIMUR;6472;KOTA SAMARINDA;647201;Palaran
64;KALIMANTAN TIMUR;6472;KOTA SAMARINDA;647204;Samarinda Ilir
64;KALIMANTAN TIMUR;6472;KOTA SAMARINDA;647209;Samarinda Kota
64;KALIMANTAN TIMUR;6472;KOTA SAMARINDA;647202;Samarinda Seberang
64;KALIMANTAN TIMUR;6472;KOTA SAMARINDA;647203;Samarinda Ulu
64;KALIMANTAN TIMUR;6472;KOTA SAMARINDA;647205;Samarinda Utara
64;KALIMANTAN TIMUR;6472;KOTA SAMARINDA;647207;Sambutan
64;KALIMANTAN TIMUR;6472;KOTA SAMARINDA;647206;Sungai Kunjang
64;KALIMANTAN TIMUR;6472;KOTA SAMARINDA;647208;Sungai Pinang
92;PAPUA BARAT;9203;KAB. FAK FAK;920313;Arguni
92;PAPUA BARAT;9203;KAB. FAK FAK;920307;Bomberay
92;PAPUA BARAT;9203;KAB. FAK FAK;920301;Fak-Fak
92;PAPUA BARAT;9203;KAB. FAK FAK;920302;Fak-Fak Barat
92;PAPUA BARAT;9203;KAB. FAK FAK;920305;Fak-Fak Tengah
92;PAPUA BARAT;9203;KAB. FAK FAK;920303;Fak-Fak Timur
92;PAPUA BARAT;9203;KAB. FAK FAK;920312;Fakfak Timur Tengah
92;PAPUA BARAT;9203;KAB. FAK FAK;920316;Furwagi
92;PAPUA BARAT;9203;KAB. FAK FAK;920306;Karas
92;PAPUA BARAT;9203;KAB. FAK FAK;920315;Kayauni
92;PAPUA BARAT;9203;KAB. FAK FAK;920304;Kokas
92;PAPUA BARAT;9203;KAB. FAK FAK;920308;Kramongmongga
92;PAPUA BARAT;9203;KAB. FAK FAK;920314;Mbahamdandara
92;PAPUA BARAT;9203;KAB. FAK FAK;920310;Pariwari
92;PAPUA BARAT;9203;KAB. FAK FAK;920309;Teluk Patipi
92;PAPUA BARAT;9203;KAB. FAK FAK;920317;Tomage
92;PAPUA BARAT;9203;KAB. FAK FAK;920311;Wartutin
92;PAPUA BARAT;9208;KAB. KAIMANA;920802;Buruway
92;PAPUA BARAT;9208;KAB. KAIMANA;920801;Kaimana
92;PAPUA BARAT;9208;KAB. KAIMANA;920805;Kambrau
92;PAPUA BARAT;9208;KAB. KAIMANA;920803;Teluk Arguni Atas
92;PAPUA BARAT;9208;KAB. KAIMANA;920806;Teluk Arguni Bawah
92;PAPUA BARAT;9208;KAB. KAIMANA;920804;Teluk Etna
92;PAPUA BARAT;9208;KAB. KAIMANA;920807;Yamor
92;PAPUA BARAT;9202;KAB. MANOKWARI;920212;Manokwari Barat
92;PAPUA BARAT;9202;KAB. MANOKWARI;920215;Manokwari Selatan
92;PAPUA BARAT;9202;KAB. MANOKWARI;920213;Manokwari Timur
92;PAPUA BARAT;9202;KAB. MANOKWARI;920214;Manokwari Utara
92;PAPUA BARAT;9202;KAB. MANOKWARI;920205;Masni
92;PAPUA BARAT;9202;KAB. MANOKWARI;920204;Prafi
92;PAPUA BARAT;9202;KAB. MANOKWARI;920221;Sidey
92;PAPUA BARAT;9202;KAB. MANOKWARI;920217;Tanah Rubuh
92;PAPUA BARAT;9202;KAB. MANOKWARI;920203;Warmare
92;PAPUA BARAT;9211;KAB. MANOKWARI SELATAN;921104;Dataran Isim
92;PAPUA BARAT;9211;KAB. MANOKWARI SELATAN;921105;Momi Waren
92;PAPUA BARAT;9211;KAB. MANOKWARI SELATAN;921103;Neney
92;PAPUA BARAT;9211;KAB. MANOKWARI SELATAN;921102;Oransbari
92;PAPUA BARAT;9211;KAB. MANOKWARI SELATAN;921101;Ransiki
92;PAPUA BARAT;9211;KAB. MANOKWARI SELATAN;921106;Tahota
92;PAPUA BARAT;9212;KAB. PEGUNUNGAN ARFAK;921201;Anggi
92;PAPUA BARAT;9212;KAB. PEGUNUNGAN ARFAK;921202;Anggi Gida
92;PAPUA BARAT;9212;KAB. PEGUNUNGAN ARFAK;921207;Catubouw
92;PAPUA BARAT;9212;KAB. PEGUNUNGAN ARFAK;921205;Didohu
92;PAPUA BARAT;9212;KAB. PEGUNUNGAN ARFAK;921210;Hingk
92;PAPUA BARAT;9212;KAB. PEGUNUNGAN ARFAK;921203;Membey
92;PAPUA BARAT;9212;KAB. PEGUNUNGAN ARFAK;921209;Minyambaouw
92;PAPUA BARAT;9212;KAB. PEGUNUNGAN ARFAK;921204;Sururey
92;PAPUA BARAT;9212;KAB. PEGUNUNGAN ARFAK;921206;Taige
92;PAPUA BARAT;9212;KAB. PEGUNUNGAN ARFAK;921208;Testega
92;PAPUA BARAT;9206;KAB. TELUK BINTUNI;920604;Aranday
92;PAPUA BARAT;9206;KAB. TELUK BINTUNI;920616;Aroba
92;PAPUA BARAT;9206;KAB. TELUK BINTUNI;920603;Babo
92;PAPUA BARAT;9206;KAB. TELUK BINTUNI;920601;Bintuni
92;PAPUA BARAT;9206;KAB. TELUK BINTUNI;920618;Biscoop
92;PAPUA BARAT;9206;KAB. TELUK BINTUNI;920613;Dataran Beimes
92;PAPUA BARAT;9206;KAB. TELUK BINTUNI;920608;Fafurwar
92;PAPUA BARAT;9206;KAB. TELUK BINTUNI;920615;Kaitaro
92;PAPUA BARAT;9206;KAB. TELUK BINTUNI;920620;Kamundan
92;PAPUA BARAT;9206;KAB. TELUK BINTUNI;920610;Kuri
92;PAPUA BARAT;9206;KAB. TELUK BINTUNI;920611;Manimeri
92;PAPUA BARAT;9206;KAB. TELUK BINTUNI;920617;Masyeta
92;PAPUA BARAT;9206;KAB. TELUK BINTUNI;920602;Merdey
92;PAPUA BARAT;9206;KAB. TELUK BINTUNI;920623;Meyado
92;PAPUA BARAT;9206;KAB. TELUK BINTUNI;920622;Moskona Barat
92;PAPUA BARAT;9206;KAB. TELUK BINTUNI;920605;Moskona Selatan
92;PAPUA BARAT;9206;KAB. TELUK BINTUNI;920624;Moskona Timur
92;PAPUA BARAT;9206;KAB. TELUK BINTUNI;920606;Moskona Utara
92;PAPUA BARAT;9206;KAB. TELUK BINTUNI;920614;Sumuri
92;PAPUA BARAT;9206;KAB. TELUK BINTUNI;920609;Tembuni
92;PAPUA BARAT;9206;KAB. TELUK BINTUNI;920619;Tomu
92;PAPUA BARAT;9206;KAB. TELUK BINTUNI;920612;Tuhiba
92;PAPUA BARAT;9206;KAB. TELUK BINTUNI;920607;Wamesa
92;PAPUA BARAT;9206;KAB. TELUK BINTUNI;920621;Weriagar
92;PAPUA BARAT;9207;KAB. TELUK WONDAMA;920709;Kuri Wamesa
92;PAPUA BARAT;9207;KAB. TELUK WONDAMA;920707;Naikere
92;PAPUA BARAT;9207;KAB. TELUK WONDAMA;920712;Nikiwar
92;PAPUA BARAT;9207;KAB. TELUK WONDAMA;920708;Rasiei
92;PAPUA BARAT;9207;KAB. TELUK WONDAMA;920710;Roon
92;PAPUA BARAT;9207;KAB. TELUK WONDAMA;920711;Roswar
92;PAPUA BARAT;9207;KAB. TELUK WONDAMA;920706;Rumberpon
92;PAPUA BARAT;9207;KAB. TELUK WONDAMA;920713;Soug Jaya
92;PAPUA BARAT;9207;KAB. TELUK WONDAMA;920703;Teluk Duairi
92;PAPUA BARAT;9207;KAB. TELUK WONDAMA;920705;Wamesa
92;PAPUA BARAT;9207;KAB. TELUK WONDAMA;920701;Wasior
92;PAPUA BARAT;9207;KAB. TELUK WONDAMA;920702;Windesi
92;PAPUA BARAT;9207;KAB. TELUK WONDAMA;920704;Wondiboy
91;PAPUA;9106;KAB. BIAK NUMFOR;910619;Aimando Padaido
91;PAPUA;9106;KAB. BIAK NUMFOR;910614;Andey
91;PAPUA;9106;KAB. BIAK NUMFOR;910608;Biak Barat
91;PAPUA;9106;KAB. BIAK NUMFOR;910601;Biak Kota
91;PAPUA;9106;KAB. BIAK NUMFOR;910603;Biak Timur
91;PAPUA;9106;KAB. BIAK NUMFOR;910602;Biak Utara
91;PAPUA;9106;KAB. BIAK NUMFOR;910621;Bondifuar
91;PAPUA;9106;KAB. BIAK NUMFOR;910616;Bruyadori
91;PAPUA;9106;KAB. BIAK NUMFOR;910604;Numfor Barat
91;PAPUA;9106;KAB. BIAK NUMFOR;910605;Numfor Timur
91;PAPUA;9106;KAB. BIAK NUMFOR;910620;Oridek
91;PAPUA;9106;KAB. BIAK NUMFOR;910617;Orkeri
91;PAPUA;9106;KAB. BIAK NUMFOR;910610;Padaido
91;PAPUA;9106;KAB. BIAK NUMFOR;910618;Poiru
91;PAPUA;9106;KAB. BIAK NUMFOR;910612;Samofa
91;PAPUA;9106;KAB. BIAK NUMFOR;910615;Swandiwe
91;PAPUA;9106;KAB. BIAK NUMFOR;910609;Warsa
91;PAPUA;9106;KAB. BIAK NUMFOR;910613;Yawosi
91;PAPUA;9106;KAB. BIAK NUMFOR;910611;Yendidori
91;PAPUA;9103;KAB. JAYAPURA;910316;Airu
91;PAPUA;9103;KAB. JAYAPURA;910310;Demta
91;PAPUA;9103;KAB. JAYAPURA;910303;Depapre
91;PAPUA;9103;KAB. JAYAPURA;910312;Ebungfao
91;PAPUA;9103;KAB. JAYAPURA;910318;Gresi Selatan
91;PAPUA;9103;KAB. JAYAPURA;910311;Kaureh
91;PAPUA;9103;KAB. JAYAPURA;910305;Kemtuk
91;PAPUA;9103;KAB. JAYAPURA;910306;Kemtuk Gresi
91;PAPUA;9103;KAB. JAYAPURA;910314;Nambluong
91;PAPUA;9103;KAB. JAYAPURA;910308;Nimbokrang
91;PAPUA;9103;KAB. JAYAPURA;910307;Nimboran
91;PAPUA;9103;KAB. JAYAPURA;910317;Raveni Rara
91;PAPUA;9103;KAB. JAYAPURA;910301;Sentani
91;PAPUA;9103;KAB. JAYAPURA;910304;Sentani Barat
91;PAPUA;9103;KAB. JAYAPURA;910302;Sentani Timur
91;PAPUA;9103;KAB. JAYAPURA;910309;Unurum Guay
91;PAPUA;9103;KAB. JAYAPURA;910313;Waibu
91;PAPUA;9103;KAB. JAYAPURA;910315;Yapsi
91;PAPUA;9103;KAB. JAYAPURA;910319;Yokari
91;PAPUA;9111;KAB. KEEROM;911102;Arso
91;PAPUA;9111;KAB. KEEROM;911108;Arso Barat
91;PAPUA;9111;KAB. KEEROM;911106;Arso Timur
91;PAPUA;9111;KAB. KEEROM;911111;Kaisenar
91;PAPUA;9111;KAB. KEEROM;911109;Mannem
91;PAPUA;9111;KAB. KEEROM;911103;Senggi
91;PAPUA;9111;KAB. KEEROM;911105;Skanto
91;PAPUA;9111;KAB. KEEROM;911107;Towe
91;PAPUA;9111;KAB. KEEROM;911101;Waris
91;PAPUA;9111;KAB. KEEROM;911104;Web
91;PAPUA;9111;KAB. KEEROM;911110;Yaffi
91;PAPUA;9105;KAB. KEPULAUAN YAPEN;910504;Angkaisera
91;PAPUA;9105;KAB. KEPULAUAN YAPEN;910515;Anotaurei
91;PAPUA;9105;KAB. KEPULAUAN YAPEN;910510;Kepulauan Ambai
91;PAPUA;9105;KAB. KEPULAUAN YAPEN;910506;Kosiwo
91;PAPUA;9105;KAB. KEPULAUAN YAPEN;910517;Nusawani
91;PAPUA;9105;KAB. KEPULAUAN YAPEN;910505;Poom
91;PAPUA;9105;KAB. KEPULAUAN YAPEN;910513;Pulau Kurudu
91;PAPUA;9105;KAB. KEPULAUAN YAPEN;910514;Pulau Yerui
91;PAPUA;9105;KAB. KEPULAUAN YAPEN;910508;Raimbawi
91;PAPUA;9105;KAB. KEPULAUAN YAPEN;910509;Teluk Ampimoi
91;PAPUA;9105;KAB. KEPULAUAN YAPEN;910512;Windesi
91;PAPUA;9105;KAB. KEPULAUAN YAPEN;910511;Wonawa
91;PAPUA;9105;KAB. KEPULAUAN YAPEN;910502;Yapen Barat
91;PAPUA;9105;KAB. KEPULAUAN YAPEN;910501;Yapen Selatan
91;PAPUA;9105;KAB. KEPULAUAN YAPEN;910503;Yapen Timur
91;PAPUA;9105;KAB. KEPULAUAN YAPEN;910507;Yapen Utara
91;PAPUA;9105;KAB. KEPULAUAN YAPEN;910516;Yawakukat
91;PAPUA;9120;KAB. MAMBERAMO RAYA;912007;Benuki
91;PAPUA;9120;KAB. MAMBERAMO RAYA;912005;Mamberamo Hilir
91;PAPUA;9120;KAB. MAMBERAMO RAYA;912002;Mamberamo Hulu
91;PAPUA;9120;KAB. MAMBERAMO RAYA;912001;Mamberamo Tengah
91;PAPUA;9120;KAB. MAMBERAMO RAYA;912004;Mamberamo Tengah Timur
91;PAPUA;9120;KAB. MAMBERAMO RAYA;912003;Rufaer
91;PAPUA;9120;KAB. MAMBERAMO RAYA;912008;Sawai
91;PAPUA;9120;KAB. MAMBERAMO RAYA;912006;Waropen Atas
91;PAPUA;9110;KAB. SARMI;911009;Apawer Hulu
91;PAPUA;9110;KAB. SARMI;911005;Bonggo
91;PAPUA;9110;KAB. SARMI;911015;Bonggo Timur
91;PAPUA;9110;KAB. SARMI;911003;Pantai Barat
91;PAPUA;9110;KAB. SARMI;911004;Pantai Timur
91;PAPUA;9110;KAB. SARMI;911014;Pantai Timur Bagian Barat
91;PAPUA;9110;KAB. SARMI;911001;Sarmi
91;PAPUA;9110;KAB. SARMI;911012;Sarmi Selatan
91;PAPUA;9110;KAB. SARMI;911013;Sarmi Timur
91;PAPUA;9110;KAB. SARMI;911002;Tor Atas
91;PAPUA;9119;KAB. SUPIORI;911904;Kepulauan Aruri
91;PAPUA;9119;KAB. SUPIORI;911905;Supiori Barat
91;PAPUA;9119;KAB. SUPIORI;911901;Supiori Selatan
91;PAPUA;9119;KAB. SUPIORI;911903;Supiori Timur
91;PAPUA;9119;KAB. SUPIORI;911902;Supiori Utara
91;PAPUA;9115;KAB. WAROPEN;911513;Demba
91;PAPUA;9115;KAB. WAROPEN;911509;Inggerus
91;PAPUA;9115;KAB. WAROPEN;911510;Kirihi
91;PAPUA;9115;KAB. WAROPEN;911503;Masirei
91;PAPUA;9115;KAB. WAROPEN;911511;Oudate
91;PAPUA;9115;KAB. WAROPEN;911507;Risei Sayati
91;PAPUA;9115;KAB. WAROPEN;911515;Soyoi Mambai
91;PAPUA;9115;KAB. WAROPEN;911508;Urei Faisei
91;PAPUA;9115;KAB. WAROPEN;911512;Wapoga
91;PAPUA;9115;KAB. WAROPEN;911501;Waropen Bawah
91;PAPUA;9115;KAB. WAROPEN;911514;Wonti
91;PAPUA;9171;KOTA JAYAPURA;917103;Abepura
91;PAPUA;9171;KOTA JAYAPURA;917105;Heram
91;PAPUA;9171;KOTA JAYAPURA;917102;Jayapura Selatan
91;PAPUA;9171;KOTA JAYAPURA;917101;Jayapura Utara
91;PAPUA;9171;KOTA JAYAPURA;917104;Muara Tami
94;PAPUA TENGAH;9408;KAB. DEIYAI;940803;Bowobado
94;PAPUA TENGAH;9408;KAB. DEIYAI;940805;Kapiraya
94;PAPUA TENGAH;9408;KAB. DEIYAI;940801;Tigi
94;PAPUA TENGAH;9408;KAB. DEIYAI;940804;Tigi Barat
94;PAPUA TENGAH;9408;KAB. DEIYAI;940802;Tigi Timur
94;PAPUA TENGAH;9406;KAB. DOGIYAI;940610;Dogiyai
94;PAPUA TENGAH;9406;KAB. DOGIYAI;940601;Kamu
94;PAPUA TENGAH;9406;KAB. DOGIYAI;940607;Kamu Selatan
94;PAPUA TENGAH;9406;KAB. DOGIYAI;940608;Kamu Timur
94;PAPUA TENGAH;9406;KAB. DOGIYAI;940604;Kamu Utara
94;PAPUA TENGAH;9406;KAB. DOGIYAI;940602;Mapia
94;PAPUA TENGAH;9406;KAB. DOGIYAI;940606;Mapia Barat
94;PAPUA TENGAH;9406;KAB. DOGIYAI;940609;Mapia Tengah
94;PAPUA TENGAH;9406;KAB. DOGIYAI;940603;Piyaiye
94;PAPUA TENGAH;9406;KAB. DOGIYAI;940605;Sukikai Selatan
94;PAPUA TENGAH;9407;KAB. INTAN JAYA;940705;Agisiga
94;PAPUA TENGAH;9407;KAB. INTAN JAYA;940704;Biandoga
94;PAPUA TENGAH;9407;KAB. INTAN JAYA;940706;Hitadipa
94;PAPUA TENGAH;9407;KAB. INTAN JAYA;940702;Homeyo
94;PAPUA TENGAH;9407;KAB. INTAN JAYA;940701;Sugapa
94;PAPUA TENGAH;9407;KAB. INTAN JAYA;940708;Tomosiga
94;PAPUA TENGAH;9407;KAB. INTAN JAYA;940707;Ugimba
94;PAPUA TENGAH;9407;KAB. INTAN JAYA;940703;Wandai
94;PAPUA TENGAH;9404;KAB. MIMIKA;940402;Agimuga
94;PAPUA TENGAH;9404;KAB. MIMIKA;940418;Alama
94;PAPUA TENGAH;9404;KAB. MIMIKA;940417;Amar
94;PAPUA TENGAH;9404;KAB. MIMIKA;940414;Hoya
94;PAPUA TENGAH;9404;KAB. MIMIKA;940415;Iwaka
94;PAPUA TENGAH;9404;KAB. MIMIKA;940406;Jila
94;PAPUA TENGAH;9404;KAB. MIMIKA;940405;Jita
94;PAPUA TENGAH;9404;KAB. MIMIKA;940409;Kuala Kencana
94;PAPUA TENGAH;9404;KAB. MIMIKA;940413;Kwamki Narama
94;PAPUA TENGAH;9404;KAB. MIMIKA;940404;Mimika Barat
94;PAPUA TENGAH;9404;KAB. MIMIKA;940411;Mimika Barat Jauh
94;PAPUA TENGAH;9404;KAB. MIMIKA;940412;Mimika Barat Tengah
94;PAPUA TENGAH;9404;KAB. MIMIKA;940401;Mimika Baru
94;PAPUA TENGAH;9404;KAB. MIMIKA;940408;Mimika Tengah
94;PAPUA TENGAH;9404;KAB. MIMIKA;940403;Mimika Timur
94;PAPUA TENGAH;9404;KAB. MIMIKA;940407;Mimika Timur Jauh
94;PAPUA TENGAH;9404;KAB. MIMIKA;940410;Tembagapura
94;PAPUA TENGAH;9404;KAB. MIMIKA;940416;Wania
94;PAPUA TENGAH;9401;KAB. NABIRE;940114;Dipa
94;PAPUA TENGAH;9401;KAB. NABIRE;940107;Makimi
94;PAPUA TENGAH;9401;KAB. NABIRE;940115;Menou
94;PAPUA TENGAH;9401;KAB. NABIRE;940113;Moora
94;PAPUA TENGAH;9401;KAB. NABIRE;940101;Nabire
94;PAPUA TENGAH;9401;KAB. NABIRE;940112;Nabire Barat
94;PAPUA TENGAH;9401;KAB. NABIRE;940102;Napan
94;PAPUA TENGAH;9401;KAB. NABIRE;940106;Siriwo
94;PAPUA TENGAH;9401;KAB. NABIRE;940109;Teluk Kimi
94;PAPUA TENGAH;9401;KAB. NABIRE;940108;Teluk Umar
94;PAPUA TENGAH;9401;KAB. NABIRE;940104;Uwapa
94;PAPUA TENGAH;9401;KAB. NABIRE;940105;Wanggar
94;PAPUA TENGAH;9401;KAB. NABIRE;940111;Wapoga
94;PAPUA TENGAH;9401;KAB. NABIRE;940110;Yaro
94;PAPUA TENGAH;9401;KAB. NABIRE;940103;Yaur
94;PAPUA TENGAH;9403;KAB. PANIAI;940303;Aradide
94;PAPUA TENGAH;9403;KAB. PANIAI;940322;Aweida
94;PAPUA TENGAH;9403;KAB. PANIAI;940319;Baya Biru
94;PAPUA TENGAH;9403;KAB. PANIAI;940305;Bibida
94;PAPUA TENGAH;9403;KAB. PANIAI;940304;Bogabaida
94;PAPUA TENGAH;9403;KAB. PANIAI;940320;Deiyai Miyo
94;PAPUA TENGAH;9403;KAB. PANIAI;940321;Dogomo
94;PAPUA TENGAH;9403;KAB. PANIAI;940306;Dumadama
94;PAPUA TENGAH;9403;KAB. PANIAI;940310;Ekadide
94;PAPUA TENGAH;9403;KAB. PANIAI;940324;Fajar Timur
94;PAPUA TENGAH;9403;KAB. PANIAI;940308;Kebo
94;PAPUA TENGAH;9403;KAB. PANIAI;940314;Muye
94;PAPUA TENGAH;9403;KAB. PANIAI;940315;Nakama
94;PAPUA TENGAH;9403;KAB. PANIAI;940302;Paniai Barat
94;PAPUA TENGAH;9403;KAB. PANIAI;940301;Paniai Timur
94;PAPUA TENGAH;9403;KAB. PANIAI;940313;Pugo Dagi
94;PAPUA TENGAH;9403;KAB. PANIAI;940307;Siriwo
94;PAPUA TENGAH;9403;KAB. PANIAI;940316;Teluk Deya
94;PAPUA TENGAH;9403;KAB. PANIAI;940323;Topiyai
94;PAPUA TENGAH;9403;KAB. PANIAI;940312;Wegee Bino
94;PAPUA TENGAH;9403;KAB. PANIAI;940311;Wegee Muka
94;PAPUA TENGAH;9403;KAB. PANIAI;940317;Yagai
94;PAPUA TENGAH;9403;KAB. PANIAI;940309;Yatamo
94;PAPUA TENGAH;9403;KAB. PANIAI;940318;Youtadi
94;PAPUA TENGAH;9405;KAB. PUNCAK;940507;Agandugume
94;PAPUA TENGAH;9405;KAB. PUNCAK;940523;Amungkalpia
94;PAPUA TENGAH;9405;KAB. PUNCAK;940503;Beoga
94;PAPUA TENGAH;9405;KAB. PUNCAK;940510;Beoga Barat
94;PAPUA TENGAH;9405;KAB. PUNCAK;940511;Beoga Timur
94;PAPUA TENGAH;9405;KAB. PUNCAK;940514;Bina
94;PAPUA TENGAH;9405;KAB. PUNCAK;940509;Dervos
94;PAPUA TENGAH;9405;KAB. PUNCAK;940504;Doufo
94;PAPUA TENGAH;9405;KAB. PUNCAK;940525;Erelmakawia
94;PAPUA TENGAH;9405;KAB. PUNCAK;940508;Gome
94;PAPUA TENGAH;9405;KAB. PUNCAK;940524;Gome Utara
94;PAPUA TENGAH;9405;KAB. PUNCAK;940501;Ilaga
94;PAPUA TENGAH;9405;KAB. PUNCAK;940518;Ilaga Utara
94;PAPUA TENGAH;9405;KAB. PUNCAK;940513;Kembru
94;PAPUA TENGAH;9405;KAB. PUNCAK;940521;Lambewi
94;PAPUA TENGAH;9405;KAB. PUNCAK;940519;Mabugi
94;PAPUA TENGAH;9405;KAB. PUNCAK;940516;Mage'abume
94;PAPUA TENGAH;9405;KAB. PUNCAK;940512;Ogamanim
94;PAPUA TENGAH;9405;KAB. PUNCAK;940520;Omukia
94;PAPUA TENGAH;9405;KAB. PUNCAK;940522;Oneri
94;PAPUA TENGAH;9405;KAB. PUNCAK;940505;Pogoma
94;PAPUA TENGAH;9405;KAB. PUNCAK;940506;Sinak
94;PAPUA TENGAH;9405;KAB. PUNCAK;940515;Sinak Barat
94;PAPUA TENGAH;9405;KAB. PUNCAK;940502;Wangbe
94;PAPUA TENGAH;9405;KAB. PUNCAK;940517;Yugumuak
94;PAPUA TENGAH;9402;KAB. PUNCAK JAYA;940225;Dagai
94;PAPUA TENGAH;9402;KAB. PUNCAK JAYA;940217;Dokome
94;PAPUA TENGAH;9402;KAB. PUNCAK JAYA;940203;Fawi
94;PAPUA TENGAH;9402;KAB. PUNCAK JAYA;940223;Gubume
94;PAPUA TENGAH;9402;KAB. PUNCAK JAYA;940210;Gurage
94;PAPUA TENGAH;9402;KAB. PUNCAK JAYA;940213;Ilamburawi
94;PAPUA TENGAH;9402;KAB. PUNCAK JAYA;940202;Ilu
94;PAPUA TENGAH;9402;KAB. PUNCAK JAYA;940211;Irimuli
94;PAPUA TENGAH;9402;KAB. PUNCAK JAYA;940218;Kalome
94;PAPUA TENGAH;9402;KAB. PUNCAK JAYA;940226;Kiyage
94;PAPUA TENGAH;9402;KAB. PUNCAK JAYA;940215;Lumo
94;PAPUA TENGAH;9402;KAB. PUNCAK JAYA;940204;Mewoluk
94;PAPUA TENGAH;9402;KAB. PUNCAK JAYA;940216;Molanikime
94;PAPUA TENGAH;9402;KAB. PUNCAK JAYA;940212;Muara
94;PAPUA TENGAH;9402;KAB. PUNCAK JAYA;940201;Mulia
94;PAPUA TENGAH;9402;KAB. PUNCAK JAYA;940222;Nioga
94;PAPUA TENGAH;9402;KAB. PUNCAK JAYA;940206;Nume
94;PAPUA TENGAH;9402;KAB. PUNCAK JAYA;940209;Pagaleme
94;PAPUA TENGAH;9402;KAB. PUNCAK JAYA;940224;Taganombak
94;PAPUA TENGAH;9402;KAB. PUNCAK JAYA;940208;Tingginambut
94;PAPUA TENGAH;9402;KAB. PUNCAK JAYA;940207;Torere
94;PAPUA TENGAH;9402;KAB. PUNCAK JAYA;940221;Waegi
94;PAPUA TENGAH;9402;KAB. PUNCAK JAYA;940219;Wanwi
94;PAPUA TENGAH;9402;KAB. PUNCAK JAYA;940214;Yambi
94;PAPUA TENGAH;9402;KAB. PUNCAK JAYA;940205;Yamo
94;PAPUA TENGAH;9402;KAB. PUNCAK JAYA;940220;Yamoneri
95;PAPUA PEGUNUNGAN;9501;KAB. JAYAWIJAYA;950103;Asologaima
95;PAPUA PEGUNUNGAN;9501;KAB. JAYAWIJAYA;950109;Asolokobal
95;PAPUA PEGUNUNGAN;9501;KAB. JAYAWIJAYA;950136;Asotipo
95;PAPUA PEGUNUNGAN;9501;KAB. JAYAWIJAYA;950105;Bolakme
95;PAPUA PEGUNUNGAN;9501;KAB. JAYAWIJAYA;950134;Bpiri
95;PAPUA PEGUNUNGAN;9501;KAB. JAYAWIJAYA;950133;Bugi
95;PAPUA PEGUNUNGAN;9501;KAB. JAYAWIJAYA;950116;Hubikiak
95;PAPUA PEGUNUNGAN;9501;KAB. JAYAWIJAYA;950104;Hubikosi
95;PAPUA PEGUNUNGAN;9501;KAB. JAYAWIJAYA;950117;Ibele
95;PAPUA PEGUNUNGAN;9501;KAB. JAYAWIJAYA;950119;Itlay Hisage
95;PAPUA PEGUNUNGAN;9501;KAB. JAYAWIJAYA;950126;Koragi
95;PAPUA PEGUNUNGAN;9501;KAB. JAYAWIJAYA;950102;Kurulu
95;PAPUA PEGUNUNGAN;9501;KAB. JAYAWIJAYA;950123;Libarek
95;PAPUA PEGUNUNGAN;9501;KAB. JAYAWIJAYA;950137;Maima
95;PAPUA PEGUNUNGAN;9501;KAB. JAYAWIJAYA;950128;Molagalome
95;PAPUA PEGUNUNGAN;9501;KAB. JAYAWIJAYA;950132;Muliama
95;PAPUA PEGUNUNGAN;9501;KAB. JAYAWIJAYA;950107;Musatfak
95;PAPUA PEGUNUNGAN;9501;KAB. JAYAWIJAYA;950113;Napua
95;PAPUA PEGUNUNGAN;9501;KAB. JAYAWIJAYA;950110;Pelebaga
95;PAPUA PEGUNUNGAN;9501;KAB. JAYAWIJAYA;950131;Piramid
95;PAPUA PEGUNUNGAN;9501;KAB. JAYAWIJAYA;950125;Pisugi
95;PAPUA PEGUNUNGAN;9501;KAB. JAYAWIJAYA;950138;Popugoba
95;PAPUA PEGUNUNGAN;9501;KAB. JAYAWIJAYA;950120;Siepkosi
95;PAPUA PEGUNUNGAN;9501;KAB. JAYAWIJAYA;950130;Silo Karno Doga
95;PAPUA PEGUNUNGAN;9501;KAB. JAYAWIJAYA;950118;Taelarek
95;PAPUA PEGUNUNGAN;9501;KAB. JAYAWIJAYA;950127;Tagime
95;PAPUA PEGUNUNGAN;9501;KAB. JAYAWIJAYA;950129;Tagineri
95;PAPUA PEGUNUNGAN;9501;KAB. JAYAWIJAYA;950112;Trikora
95;PAPUA PEGUNUNGAN;9501;KAB. JAYAWIJAYA;950121;Usilimo
95;PAPUA PEGUNUNGAN;9501;KAB. JAYAWIJAYA;950124;Wadangku
95;PAPUA PEGUNUNGAN;9501;KAB. JAYAWIJAYA;950114;Walaik
95;PAPUA PEGUNUNGAN;9501;KAB. JAYAWIJAYA;950106;Walelagama
95;PAPUA PEGUNUNGAN;9501;KAB. JAYAWIJAYA;950139;Wame
95;PAPUA PEGUNUNGAN;9501;KAB. JAYAWIJAYA;950101;Wamena
95;PAPUA PEGUNUNGAN;9501;KAB. JAYAWIJAYA;950135;Welesi
95;PAPUA PEGUNUNGAN;9501;KAB. JAYAWIJAYA;950140;Wesaput
95;PAPUA PEGUNUNGAN;9501;KAB. JAYAWIJAYA;950122;Wita Waya
95;PAPUA PEGUNUNGAN;9501;KAB. JAYAWIJAYA;950108;Wolo
95;PAPUA PEGUNUNGAN;9501;KAB. JAYAWIJAYA;950115;Wouma
95;PAPUA PEGUNUNGAN;9501;KAB. JAYAWIJAYA;950111;Yalengga
95;PAPUA PEGUNUNGAN;9507;KAB. LANNY JAYA;950721;Awina
95;PAPUA PEGUNUNGAN;9507;KAB. LANNY JAYA;950722;Ayumnati
95;PAPUA PEGUNUNGAN;9507;KAB. LANNY JAYA;950707;Balingga
95;PAPUA PEGUNUNGAN;9507;KAB. LANNY JAYA;950726;Balingga Barat
95;PAPUA PEGUNUNGAN;9507;KAB. LANNY JAYA;950725;Bruwa
95;PAPUA PEGUNUNGAN;9507;KAB. LANNY JAYA;950738;Buguk Gona
95;PAPUA PEGUNUNGAN;9507;KAB. LANNY JAYA;950705;Dimba
95;PAPUA PEGUNUNGAN;9507;KAB. LANNY JAYA;950704;Gamelia
95;PAPUA PEGUNUNGAN;9507;KAB. LANNY JAYA;950729;Gelok Beam
95;PAPUA PEGUNUNGAN;9507;KAB. LANNY JAYA;950724;Goa Balim
95;PAPUA PEGUNUNGAN;9507;KAB. LANNY JAYA;950720;Gollo
95;PAPUA PEGUNUNGAN;9507;KAB. LANNY JAYA;950734;Guna
95;PAPUA PEGUNUNGAN;9507;KAB. LANNY JAYA;950727;Gupura
95;PAPUA PEGUNUNGAN;9507;KAB. LANNY JAYA;950732;Karu
95;PAPUA PEGUNUNGAN;9507;KAB. LANNY JAYA;950735;Kelulome
95;PAPUA PEGUNUNGAN;9507;KAB. LANNY JAYA;950728;Kolawa
95;PAPUA PEGUNUNGAN;9507;KAB. LANNY JAYA;950730;Kuly Lanny
95;PAPUA PEGUNUNGAN;9507;KAB. LANNY JAYA;950709;Kuyawage
95;PAPUA PEGUNUNGAN;9507;KAB. LANNY JAYA;950731;Lannyna
95;PAPUA PEGUNUNGAN;9507;KAB. LANNY JAYA;950703;Makki
95;PAPUA PEGUNUNGAN;9507;KAB. LANNY JAYA;950739;Melagi
95;PAPUA PEGUNUNGAN;9507;KAB. LANNY JAYA;950706;Melagineri
95;PAPUA PEGUNUNGAN;9507;KAB. LANNY JAYA;950718;Milimbo
95;PAPUA PEGUNUNGAN;9507;KAB. LANNY JAYA;950716;Mokoni
95;PAPUA PEGUNUNGAN;9507;KAB. LANNY JAYA;950737;Muara
95;PAPUA PEGUNUNGAN;9507;KAB. LANNY JAYA;950736;Nikogwe
95;PAPUA PEGUNUNGAN;9507;KAB. LANNY JAYA;950711;Niname
95;PAPUA PEGUNUNGAN;9507;KAB. LANNY JAYA;950712;Nogi
95;PAPUA PEGUNUNGAN;9507;KAB. LANNY JAYA;950702;Pirime
95;PAPUA PEGUNUNGAN;9507;KAB. LANNY JAYA;950710;Poga
95;PAPUA PEGUNUNGAN;9507;KAB. LANNY JAYA;950701;Tiom
95;PAPUA PEGUNUNGAN;9507;KAB. LANNY JAYA;950714;Tiom Ollo
95;PAPUA PEGUNUNGAN;9507;KAB. LANNY JAYA;950708;Tiomneri
95;PAPUA PEGUNUNGAN;9507;KAB. LANNY JAYA;950723;Wano Barat
95;PAPUA PEGUNUNGAN;9507;KAB. LANNY JAYA;950717;Wereka
95;PAPUA PEGUNUNGAN;9507;KAB. LANNY JAYA;950719;Wiringgambut
95;PAPUA PEGUNUNGAN;9507;KAB. LANNY JAYA;950713;Yiginua
95;PAPUA PEGUNUNGAN;9507;KAB. LANNY JAYA;950733;Yiluk
95;PAPUA PEGUNUNGAN;9507;KAB. LANNY JAYA;950715;Yugungwi
95;PAPUA PEGUNUNGAN;9505;KAB. MAMBERAMO TENGAH;950503;Eragayam
95;PAPUA PEGUNUNGAN;9505;KAB. MAMBERAMO TENGAH;950505;Ilugwa
95;PAPUA PEGUNUNGAN;9505;KAB. MAMBERAMO TENGAH;950502;Kelila
95;PAPUA PEGUNUNGAN;9505;KAB. MAMBERAMO TENGAH;950501;Kobakma
95;PAPUA PEGUNUNGAN;9505;KAB. MAMBERAMO TENGAH;950504;Megambilis
95;PAPUA PEGUNUNGAN;9508;KAB. NDUGA;950815;Alama
95;PAPUA PEGUNUNGAN;9508;KAB. NDUGA;950818;Dal
95;PAPUA PEGUNUNGAN;9508;KAB. NDUGA;950824;Embetpen
95;PAPUA PEGUNUNGAN;9508;KAB. NDUGA;950808;Gearek
95;PAPUA PEGUNUNGAN;9508;KAB. NDUGA;950805;Geselma
95;PAPUA PEGUNUNGAN;9508;KAB. NDUGA;950820;Inikgal
95;PAPUA PEGUNUNGAN;9508;KAB. NDUGA;950821;Iniye
95;PAPUA PEGUNUNGAN;9508;KAB. NDUGA;950810;Kegayem
95;PAPUA PEGUNUNGAN;9508;KAB. NDUGA;950801;Kenyam
95;PAPUA PEGUNUNGAN;9508;KAB. NDUGA;950814;Kilmid
95;PAPUA PEGUNUNGAN;9508;KAB. NDUGA;950825;Kora
95;PAPUA PEGUNUNGAN;9508;KAB. NDUGA;950809;Koroptak
95;PAPUA PEGUNUNGAN;9508;KAB. NDUGA;950831;Krepkuri
95;PAPUA PEGUNUNGAN;9508;KAB. NDUGA;950817;Mam
95;PAPUA PEGUNUNGAN;9508;KAB. NDUGA;950802;Mapenduma
95;PAPUA PEGUNUNGAN;9508;KAB. NDUGA;950823;Mbua Tengah
95;PAPUA PEGUNUNGAN;9508;KAB. NDUGA;950822;Mbulmu Yalma
95;PAPUA PEGUNUNGAN;9508;KAB. NDUGA;950807;Mbuwa
95;PAPUA PEGUNUNGAN;9508;KAB. NDUGA;950812;Mebarok
95;PAPUA PEGUNUNGAN;9508;KAB. NDUGA;950828;Moba
95;PAPUA PEGUNUNGAN;9508;KAB. NDUGA;950806;Mugi
95;PAPUA PEGUNUNGAN;9508;KAB. NDUGA;950830;Nenggeagin
95;PAPUA PEGUNUNGAN;9508;KAB. NDUGA;950819;Nirkuri
95;PAPUA PEGUNUNGAN;9508;KAB. NDUGA;950811;Paro
95;PAPUA PEGUNUNGAN;9508;KAB. NDUGA;950832;Pasir Putih
95;PAPUA PEGUNUNGAN;9508;KAB. NDUGA;950827;Pija
95;PAPUA PEGUNUNGAN;9508;KAB. NDUGA;950804;Wosak
95;PAPUA PEGUNUNGAN;9508;KAB. NDUGA;950826;Wusi
95;PAPUA PEGUNUNGAN;9508;KAB. NDUGA;950829;Wutpaga
95;PAPUA PEGUNUNGAN;9508;KAB. NDUGA;950816;Yal
95;PAPUA PEGUNUNGAN;9508;KAB. NDUGA;950813;Yenggelo
95;PAPUA PEGUNUNGAN;9508;KAB. NDUGA;950803;Yigi
95;PAPUA PEGUNUNGAN;9502;KAB. PEGUNUNGAN BINTANG;950208;Aboy
95;PAPUA PEGUNUNGAN;9502;KAB. PEGUNUNGAN BINTANG;950211;Alemsom
95;PAPUA PEGUNUNGAN;9502;KAB. PEGUNUNGAN BINTANG;950218;Awinbon
95;PAPUA PEGUNUNGAN;9502;KAB. PEGUNUNGAN BINTANG;950226;Batani
95;PAPUA PEGUNUNGAN;9502;KAB. PEGUNUNGAN BINTANG;950205;Batom
95;PAPUA PEGUNUNGAN;9502;KAB. PEGUNUNGAN BINTANG;950210;Bime
95;PAPUA PEGUNUNGAN;9502;KAB. PEGUNUNGAN BINTANG;950206;Borme
95;PAPUA PEGUNUNGAN;9502;KAB. PEGUNUNGAN BINTANG;950232;Eipumek
95;PAPUA PEGUNUNGAN;9502;KAB. PEGUNUNGAN BINTANG;950204;Iwur
95;PAPUA PEGUNUNGAN;9502;KAB. PEGUNUNGAN BINTANG;950230;Jetfa
95;PAPUA PEGUNUNGAN;9502;KAB. PEGUNUNGAN BINTANG;950213;Kalomdol
95;PAPUA PEGUNUNGAN;9502;KAB. PEGUNUNGAN BINTANG;950217;Kawor
95;PAPUA PEGUNUNGAN;9502;KAB. PEGUNUNGAN BINTANG;950202;Kiwirok
95;PAPUA PEGUNUNGAN;9502;KAB. PEGUNUNGAN BINTANG;950207;Kiwirok Timur
95;PAPUA PEGUNUNGAN;9502;KAB. PEGUNUNGAN BINTANG;950229;Mofinop
95;PAPUA PEGUNUNGAN;9502;KAB. PEGUNUNGAN BINTANG;950228;Murkim
95;PAPUA PEGUNUNGAN;9502;KAB. PEGUNUNGAN BINTANG;950234;Nongme
95;PAPUA PEGUNUNGAN;9502;KAB. PEGUNUNGAN BINTANG;950216;Ok Aom
95;PAPUA PEGUNUNGAN;9502;KAB. PEGUNUNGAN BINTANG;950225;Okbab
95;PAPUA PEGUNUNGAN;9502;KAB. PEGUNUNGAN BINTANG;950212;Okbape
95;PAPUA PEGUNUNGAN;9502;KAB. PEGUNUNGAN BINTANG;950223;Okbemtau
95;PAPUA PEGUNUNGAN;9502;KAB. PEGUNUNGAN BINTANG;950203;Okbibab
95;PAPUA PEGUNUNGAN;9502;KAB. PEGUNUNGAN BINTANG;950220;Okhika
95;PAPUA PEGUNUNGAN;9502;KAB. PEGUNUNGAN BINTANG;950222;Oklip
95;PAPUA PEGUNUNGAN;9502;KAB. PEGUNUNGAN BINTANG;950221;Oksamol
95;PAPUA PEGUNUNGAN;9502;KAB. PEGUNUNGAN BINTANG;950224;Oksebang
95;PAPUA PEGUNUNGAN;9502;KAB. PEGUNUNGAN BINTANG;950201;Oksibil
95;PAPUA PEGUNUNGAN;9502;KAB. PEGUNUNGAN BINTANG;950214;Oksop
95;PAPUA PEGUNUNGAN;9502;KAB. PEGUNUNGAN BINTANG;950233;Pamek
95;PAPUA PEGUNUNGAN;9502;KAB. PEGUNUNGAN BINTANG;950209;Pepera
95;PAPUA PEGUNUNGAN;9502;KAB. PEGUNUNGAN BINTANG;950215;Serambakon
95;PAPUA PEGUNUNGAN;9502;KAB. PEGUNUNGAN BINTANG;950219;Tarup
95;PAPUA PEGUNUNGAN;9502;KAB. PEGUNUNGAN BINTANG;950231;Teiraplu
95;PAPUA PEGUNUNGAN;9502;KAB. PEGUNUNGAN BINTANG;950227;Weime
95;PAPUA PEGUNUNGAN;9504;KAB. TOLIKARA;950428;Airgaram
95;PAPUA PEGUNUNGAN;9504;KAB. TOLIKARA;950436;Anawi
95;PAPUA PEGUNUNGAN;9504;KAB. TOLIKARA;950442;Aweku
95;PAPUA PEGUNUNGAN;9504;KAB. TOLIKARA;950416;Bewani
95;PAPUA PEGUNUNGAN;9504;KAB. TOLIKARA;950445;Biuk
95;PAPUA PEGUNUNGAN;9504;KAB. TOLIKARA;950443;Bogonuk
95;PAPUA PEGUNUNGAN;9504;KAB. TOLIKARA;950402;Bokondini
95;PAPUA PEGUNUNGAN;9504;KAB. TOLIKARA;950415;Bokoneri
95;PAPUA PEGUNUNGAN;9504;KAB. TOLIKARA;950439;Danime
95;PAPUA PEGUNUNGAN;9504;KAB. TOLIKARA;950430;Dow
95;PAPUA PEGUNUNGAN;9504;KAB. TOLIKARA;950423;Dundu
95;PAPUA PEGUNUNGAN;9504;KAB. TOLIKARA;950425;Egiam
95;PAPUA PEGUNUNGAN;9504;KAB. TOLIKARA;950424;Geya
95;PAPUA PEGUNUNGAN;9504;KAB. TOLIKARA;950434;Gika
95;PAPUA PEGUNUNGAN;9504;KAB. TOLIKARA;950418;Gilubandu
95;PAPUA PEGUNUNGAN;9504;KAB. TOLIKARA;950405;Goyage
95;PAPUA PEGUNUNGAN;9504;KAB. TOLIKARA;950420;Gundagi
95;PAPUA PEGUNUNGAN;9504;KAB. TOLIKARA;950441;Kai
95;PAPUA PEGUNUNGAN;9504;KAB. TOLIKARA;950427;Kamboneri
95;PAPUA PEGUNUNGAN;9504;KAB. TOLIKARA;950403;Kanggime
95;PAPUA PEGUNUNGAN;9504;KAB. TOLIKARA;950401;Karubaga
95;PAPUA PEGUNUNGAN;9504;KAB. TOLIKARA;950404;Kembu
95;PAPUA PEGUNUNGAN;9504;KAB. TOLIKARA;950412;Konda/ Kondaga
95;PAPUA PEGUNUNGAN;9504;KAB. TOLIKARA;950414;Kuari
95;PAPUA PEGUNUNGAN;9504;KAB. TOLIKARA;950411;Kubu
95;PAPUA PEGUNUNGAN;9504;KAB. TOLIKARA;950444;Li Anogomma
95;PAPUA PEGUNUNGAN;9504;KAB. TOLIKARA;950417;Nabunage
95;PAPUA PEGUNUNGAN;9504;KAB. TOLIKARA;950413;Nelawi
95;PAPUA PEGUNUNGAN;9504;KAB. TOLIKARA;950421;Numba
95;PAPUA PEGUNUNGAN;9504;KAB. TOLIKARA;950419;Nunggawi
95;PAPUA PEGUNUNGAN;9504;KAB. TOLIKARA;950409;Panaga
95;PAPUA PEGUNUNGAN;9504;KAB. TOLIKARA;950426;Poganeri
95;PAPUA PEGUNUNGAN;9504;KAB. TOLIKARA;950440;Tagime
95;PAPUA PEGUNUNGAN;9504;KAB. TOLIKARA;950431;Tagineri
95;PAPUA PEGUNUNGAN;9504;KAB. TOLIKARA;950435;Telenggeme
95;PAPUA PEGUNUNGAN;9504;KAB. TOLIKARA;950422;Timori
95;PAPUA PEGUNUNGAN;9504;KAB. TOLIKARA;950408;Umagi
95;PAPUA PEGUNUNGAN;9504;KAB. TOLIKARA;950433;Wakuwo
95;PAPUA PEGUNUNGAN;9504;KAB. TOLIKARA;950429;Wari/Taiyeve II
95;PAPUA PEGUNUNGAN;9504;KAB. TOLIKARA;950437;Wenam
95;PAPUA PEGUNUNGAN;9504;KAB. TOLIKARA;950407;Wina
95;PAPUA PEGUNUNGAN;9504;KAB. TOLIKARA;950410;Woniki
95;PAPUA PEGUNUNGAN;9504;KAB. TOLIKARA;950438;Wugi
95;PAPUA PEGUNUNGAN;9504;KAB. TOLIKARA;950406;Wunim
95;PAPUA PEGUNUNGAN;9504;KAB. TOLIKARA;950446;Yuko
95;PAPUA PEGUNUNGAN;9504;KAB. TOLIKARA;950432;Yuneri
95;PAPUA PEGUNUNGAN;9503;KAB. YAHUKIMO;950311;Amuma
95;PAPUA PEGUNUNGAN;9503;KAB. YAHUKIMO;950302;Anggruk
95;PAPUA PEGUNUNGAN;9503;KAB. YAHUKIMO;950340;Bomela
95;PAPUA PEGUNUNGAN;9503;KAB. YAHUKIMO;950307;Dekai
95;PAPUA PEGUNUNGAN;9503;KAB. YAHUKIMO;950333;Dirwemna
95;PAPUA PEGUNUNGAN;9503;KAB. YAHUKIMO;950348;Duram
95;PAPUA PEGUNUNGAN;9503;KAB. YAHUKIMO;950331;Endomen
95;PAPUA PEGUNUNGAN;9503;KAB. YAHUKIMO;950327;Hereapini
95;PAPUA PEGUNUNGAN;9503;KAB. YAHUKIMO;950347;Hilipuk
95;PAPUA PEGUNUNGAN;9503;KAB. YAHUKIMO;950314;Hogio
95;PAPUA PEGUNUNGAN;9503;KAB. YAHUKIMO;950334;Holuon
95;PAPUA PEGUNUNGAN;9503;KAB. YAHUKIMO;950344;Kabianggama
95;PAPUA PEGUNUNGAN;9503;KAB. YAHUKIMO;950350;Kayo
95;PAPUA PEGUNUNGAN;9503;KAB. YAHUKIMO;950332;Kona
95;PAPUA PEGUNUNGAN;9503;KAB. YAHUKIMO;950338;Korupun
95;PAPUA PEGUNUNGAN;9503;KAB. YAHUKIMO;950321;Kosarek
95;PAPUA PEGUNUNGAN;9503;KAB. YAHUKIMO;950301;Kurima
95;PAPUA PEGUNUNGAN;9503;KAB. YAHUKIMO;950345;Kwelamdua
95;PAPUA PEGUNUNGAN;9503;KAB. YAHUKIMO;950346;Kwikma
95;PAPUA PEGUNUNGAN;9503;KAB. YAHUKIMO;950339;Langda
95;PAPUA PEGUNUNGAN;9503;KAB. YAHUKIMO;950335;Lolat
95;PAPUA PEGUNUNGAN;9503;KAB. YAHUKIMO;950315;Mugi
95;PAPUA PEGUNUNGAN;9503;KAB. YAHUKIMO;950312;Musaik
95;PAPUA PEGUNUNGAN;9503;KAB. YAHUKIMO;950306;Nalca
95;PAPUA PEGUNUNGAN;9503;KAB. YAHUKIMO;950303;Ninia
95;PAPUA PEGUNUNGAN;9503;KAB. YAHUKIMO;950322;Nipsan
95;PAPUA PEGUNUNGAN;9503;KAB. YAHUKIMO;950308;Obio
95;PAPUA PEGUNUNGAN;9503;KAB. YAHUKIMO;950320;Panggema
95;PAPUA PEGUNUNGAN;9503;KAB. YAHUKIMO;950313;Pasema
95;PAPUA PEGUNUNGAN;9503;KAB. YAHUKIMO;950324;Pronggoli
95;PAPUA PEGUNUNGAN;9503;KAB. YAHUKIMO;950330;Puldama
95;PAPUA PEGUNUNGAN;9503;KAB. YAHUKIMO;950305;Samenage
95;PAPUA PEGUNUNGAN;9503;KAB. YAHUKIMO;950337;Sela
95;PAPUA PEGUNUNGAN;9503;KAB. YAHUKIMO;950342;Seradala
95;PAPUA PEGUNUNGAN;9503;KAB. YAHUKIMO;950304;Silimo
95;PAPUA PEGUNUNGAN;9503;KAB. YAHUKIMO;950316;Soba
95;PAPUA PEGUNUNGAN;9503;KAB. YAHUKIMO;950343;Sobaham
95;PAPUA PEGUNUNGAN;9503;KAB. YAHUKIMO;950336;Soloikma
95;PAPUA PEGUNUNGAN;9503;KAB. YAHUKIMO;950351;Sumo
95;PAPUA PEGUNUNGAN;9503;KAB. YAHUKIMO;950341;Suntamon
95;PAPUA PEGUNUNGAN;9503;KAB. YAHUKIMO;950309;Suru Suru
95;PAPUA PEGUNUNGAN;9503;KAB. YAHUKIMO;950329;Talambo
95;PAPUA PEGUNUNGAN;9503;KAB. YAHUKIMO;950318;Tangma
95;PAPUA PEGUNUNGAN;9503;KAB. YAHUKIMO;950323;Ubahak
95;PAPUA PEGUNUNGAN;9503;KAB. YAHUKIMO;950328;Ubalihi
95;PAPUA PEGUNUNGAN;9503;KAB. YAHUKIMO;950319;Ukha
95;PAPUA PEGUNUNGAN;9503;KAB. YAHUKIMO;950325;Walma
95;PAPUA PEGUNUNGAN;9503;KAB. YAHUKIMO;950317;Werima
95;PAPUA PEGUNUNGAN;9503;KAB. YAHUKIMO;950310;Wusama
95;PAPUA PEGUNUNGAN;9503;KAB. YAHUKIMO;950326;Yahuliambut
95;PAPUA PEGUNUNGAN;9503;KAB. YAHUKIMO;950349;Yogosem
95;PAPUA PEGUNUNGAN;9506;KAB. YALIMO;950603;Abenaho
95;PAPUA PEGUNUNGAN;9506;KAB. YALIMO;950602;Apalapsili
95;PAPUA PEGUNUNGAN;9506;KAB. YALIMO;950604;Benawa
95;PAPUA PEGUNUNGAN;9506;KAB. YALIMO;950601;Elelim
95;PAPUA PEGUNUNGAN;9506;KAB. YALIMO;950605;Welarek
96;PAPUA BARAT DAYA;9210;KAB. MAYBRAT;921001;Aifat
96;PAPUA BARAT DAYA;9210;KAB. MAYBRAT;921004;Aifat Selatan
96;PAPUA BARAT DAYA;9210;KAB. MAYBRAT;921003;Aifat Timur
96;PAPUA BARAT DAYA;9210;KAB. MAYBRAT;921013;Aifat Timur Jauh
96;PAPUA BARAT DAYA;9210;KAB. MAYBRAT;921014;Aifat Timur Selatan
96;PAPUA BARAT DAYA;9210;KAB. MAYBRAT;921012;Aifat Timur Tengah
96;PAPUA BARAT DAYA;9210;KAB. MAYBRAT;921002;Aifat Utara
96;PAPUA BARAT DAYA;9210;KAB. MAYBRAT;921006;Aitinyo
96;PAPUA BARAT DAYA;9210;KAB. MAYBRAT;921005;Aitinyo Barat
96;PAPUA BARAT DAYA;9210;KAB. MAYBRAT;921023;Aitinyo Raya
96;PAPUA BARAT DAYA;9210;KAB. MAYBRAT;921022;Aitinyo Tengah
96;PAPUA BARAT DAYA;9210;KAB. MAYBRAT;921007;Aitinyo Utara
96;PAPUA BARAT DAYA;9210;KAB. MAYBRAT;921008;Ayamaru
96;PAPUA BARAT DAYA;9210;KAB. MAYBRAT;921021;Ayamaru Barat
96;PAPUA BARAT DAYA;9210;KAB. MAYBRAT;921016;Ayamaru Jaya
96;PAPUA BARAT DAYA;9210;KAB. MAYBRAT;921015;Ayamaru Selatan
96;PAPUA BARAT DAYA;9210;KAB. MAYBRAT;921017;Ayamaru Selatan Jaya
96;PAPUA BARAT DAYA;9210;KAB. MAYBRAT;921020;Ayamaru Tengah
96;PAPUA BARAT DAYA;9210;KAB. MAYBRAT;921010;Ayamaru Timur
96;PAPUA BARAT DAYA;9210;KAB. MAYBRAT;921018;Ayamaru Timur Selatan
96;PAPUA BARAT DAYA;9210;KAB. MAYBRAT;921009;Ayamaru Utara
96;PAPUA BARAT DAYA;9210;KAB. MAYBRAT;921019;Ayamaru Utara Timur
96;PAPUA BARAT DAYA;9210;KAB. MAYBRAT;921011;Mare
96;PAPUA BARAT DAYA;9210;KAB. MAYBRAT;921024;Mare Selatan
96;PAPUA BARAT DAYA;9205;KAB. RAJA AMPAT;920524;Ayau
96;PAPUA BARAT DAYA;9205;KAB. RAJA AMPAT;920525;Batanta Selatan
96;PAPUA BARAT DAYA;9205;KAB. RAJA AMPAT;920520;Batanta Utara
96;PAPUA BARAT DAYA;9205;KAB. RAJA AMPAT;920505;Kepulauan Ayau
96;PAPUA BARAT DAYA;9205;KAB. RAJA AMPAT;920517;Kepulauan Sembilan
96;PAPUA BARAT DAYA;9205;KAB. RAJA AMPAT;920510;Kofiau
96;PAPUA BARAT DAYA;9205;KAB. RAJA AMPAT;920518;Kota Waisai
96;PAPUA BARAT DAYA;9205;KAB. RAJA AMPAT;920511;Meos Mansar
96;PAPUA BARAT DAYA;9205;KAB. RAJA AMPAT;920501;Misool (Misool Utara)
96;PAPUA BARAT DAYA;9205;KAB. RAJA AMPAT;920516;Misool Barat
96;PAPUA BARAT DAYA;9205;KAB. RAJA AMPAT;920513;Misool Selatan
96;PAPUA BARAT DAYA;9205;KAB. RAJA AMPAT;920506;Misool Timur
96;PAPUA BARAT DAYA;9205;KAB. RAJA AMPAT;920521;Salawati Barat
96;PAPUA BARAT DAYA;9205;KAB. RAJA AMPAT;920522;Salawati Tengah
96;PAPUA BARAT DAYA;9205;KAB. RAJA AMPAT;920504;Salawati Utara
96;PAPUA BARAT DAYA;9205;KAB. RAJA AMPAT;920523;Supnin
96;PAPUA BARAT DAYA;9205;KAB. RAJA AMPAT;920509;Teluk Mayalibit
96;PAPUA BARAT DAYA;9205;KAB. RAJA AMPAT;920519;Tiplol Mayalibit
96;PAPUA BARAT DAYA;9205;KAB. RAJA AMPAT;920507;Waigeo Barat
96;PAPUA BARAT DAYA;9205;KAB. RAJA AMPAT;920515;Waigeo Barat Kepulauan
96;PAPUA BARAT DAYA;9205;KAB. RAJA AMPAT;920503;Waigeo Selatan
96;PAPUA BARAT DAYA;9205;KAB. RAJA AMPAT;920508;Waigeo Timur
96;PAPUA BARAT DAYA;9205;KAB. RAJA AMPAT;920502;Waigeo Utara
96;PAPUA BARAT DAYA;9205;KAB. RAJA AMPAT;920514;Warwarbomi
96;PAPUA BARAT DAYA;9201;KAB. SORONG;920107;Aimas
96;PAPUA BARAT DAYA;9201;KAB. SORONG;920144;Bagun
96;PAPUA BARAT DAYA;9201;KAB. SORONG;920104;Beraur
96;PAPUA BARAT DAYA;9201;KAB. SORONG;920154;Botain
96;PAPUA BARAT DAYA;9201;KAB. SORONG;920147;Buk
96;PAPUA BARAT DAYA;9201;KAB. SORONG;920152;Hobard
96;PAPUA BARAT DAYA;9201;KAB. SORONG;920117;Klabot
96;PAPUA BARAT DAYA;9201;KAB. SORONG;920108;Klamono
96;PAPUA BARAT DAYA;9201;KAB. SORONG;920151;Klasafet
96;PAPUA BARAT DAYA;9201;KAB. SORONG;920141;Klaso
96;PAPUA BARAT DAYA;9201;KAB. SORONG;920118;Klawak
96;PAPUA BARAT DAYA;9201;KAB. SORONG;920140;Klayili
96;PAPUA BARAT DAYA;9201;KAB. SORONG;920150;Konhir
96;PAPUA BARAT DAYA;9201;KAB. SORONG;920101;Makbon
96;PAPUA BARAT DAYA;9201;KAB. SORONG;920149;Malabotom
96;PAPUA BARAT DAYA;9201;KAB. SORONG;920139;Mariat
96;PAPUA BARAT DAYA;9201;KAB. SORONG;920120;Maudus
96;PAPUA BARAT DAYA;9201;KAB. SORONG;920113;Mayamuk
96;PAPUA BARAT DAYA;9201;KAB. SORONG;920142;Moisegen
96;PAPUA BARAT DAYA;9201;KAB. SORONG;920148;Saengkeduk
96;PAPUA BARAT DAYA;9201;KAB. SORONG;920105;Salawati
96;PAPUA BARAT DAYA;9201;KAB. SORONG;920114;Salawati Selatan
96;PAPUA BARAT DAYA;9201;KAB. SORONG;920153;Salawati Tengah
96;PAPUA BARAT DAYA;9201;KAB. SORONG;920110;Sayosa
96;PAPUA BARAT DAYA;9201;KAB. SORONG;920155;Sayosa Timur
96;PAPUA BARAT DAYA;9201;KAB. SORONG;920106;Seget
96;PAPUA BARAT DAYA;9201;KAB. SORONG;920112;Segun
96;PAPUA BARAT DAYA;9201;KAB. SORONG;920143;Sorong
96;PAPUA BARAT DAYA;9201;KAB. SORONG;920146;Sunook
96;PAPUA BARAT DAYA;9201;KAB. SORONG;920145;Wemak
96;PAPUA BARAT DAYA;9204;KAB. SORONG SELATAN;920424;Fokour
96;PAPUA BARAT DAYA;9204;KAB. SORONG SELATAN;920404;Inanwatan
96;PAPUA BARAT DAYA;9204;KAB. SORONG SELATAN;920414;Kais
96;PAPUA BARAT DAYA;9204;KAB. SORONG SELATAN;920426;Kais Darat
96;PAPUA BARAT DAYA;9204;KAB. SORONG SELATAN;920409;Kokoda
96;PAPUA BARAT DAYA;9204;KAB. SORONG SELATAN;920421;Kokoda Utara
96;PAPUA BARAT DAYA;9204;KAB. SORONG SELATAN;920415;Konda
96;PAPUA BARAT DAYA;9204;KAB. SORONG SELATAN;920420;Matemani
96;PAPUA BARAT DAYA;9204;KAB. SORONG SELATAN;920410;Moswaren
96;PAPUA BARAT DAYA;9204;KAB. SORONG SELATAN;920422;Saifi
96;PAPUA BARAT DAYA;9204;KAB. SORONG SELATAN;920425;Salkma
96;PAPUA BARAT DAYA;9204;KAB. SORONG SELATAN;920406;Sawiat
96;PAPUA BARAT DAYA;9204;KAB. SORONG SELATAN;920411;Seremuk
96;PAPUA BARAT DAYA;9204;KAB. SORONG SELATAN;920401;Teminabuan
96;PAPUA BARAT DAYA;9204;KAB. SORONG SELATAN;920412;Wayer
96;PAPUA BARAT DAYA;9209;KAB. TAMBRAUW;920906;Abun
96;PAPUA BARAT DAYA;9209;KAB. TAMBRAUW;920910;Amberbaken
96;PAPUA BARAT DAYA;9209;KAB. TAMBRAUW;920927;Amberbaken Barat
96;PAPUA BARAT DAYA;9209;KAB. TAMBRAUW;920915;Ases
96;PAPUA BARAT DAYA;9209;KAB. TAMBRAUW;920914;Bamusbama
96;PAPUA BARAT DAYA;9209;KAB. TAMBRAUW;920913;Bikar
96;PAPUA BARAT DAYA;9209;KAB. TAMBRAUW;920901;Fef
96;PAPUA BARAT DAYA;9209;KAB. TAMBRAUW;920917;Ireres
96;PAPUA BARAT DAYA;9209;KAB. TAMBRAUW;920928;Kasi
96;PAPUA BARAT DAYA;9209;KAB. TAMBRAUW;920909;Kebar
96;PAPUA BARAT DAYA;9209;KAB. TAMBRAUW;920924;Kebar Selatan
96;PAPUA BARAT DAYA;9209;KAB. TAMBRAUW;920923;Kebar Timur
96;PAPUA BARAT DAYA;9209;KAB. TAMBRAUW;920921;Kwesefo
96;PAPUA BARAT DAYA;9209;KAB. TAMBRAUW;920904;Kwoor
96;PAPUA BARAT DAYA;9209;KAB. TAMBRAUW;920925;Manekar
96;PAPUA BARAT DAYA;9209;KAB. TAMBRAUW;920922;Mawabuan
96;PAPUA BARAT DAYA;9209;KAB. TAMBRAUW;920902;Miyah
96;PAPUA BARAT DAYA;9209;KAB. TAMBRAUW;920916;Miyah Selatan
96;PAPUA BARAT DAYA;9209;KAB. TAMBRAUW;920908;Moraid
96;PAPUA BARAT DAYA;9209;KAB. TAMBRAUW;920926;Mpur
96;PAPUA BARAT DAYA;9209;KAB. TAMBRAUW;920912;Mubrani
96;PAPUA BARAT DAYA;9209;KAB. TAMBRAUW;920905;Sausapor
96;PAPUA BARAT DAYA;9209;KAB. TAMBRAUW;920929;Selemkai
96;PAPUA BARAT DAYA;9209;KAB. TAMBRAUW;920911;Senopi
96;PAPUA BARAT DAYA;9209;KAB. TAMBRAUW;920907;Syujak
96;PAPUA BARAT DAYA;9209;KAB. TAMBRAUW;920920;Tinggouw
96;PAPUA BARAT DAYA;9209;KAB. TAMBRAUW;920918;Tobouw
96;PAPUA BARAT DAYA;9209;KAB. TAMBRAUW;920919;Wilhem Roumbouts
96;PAPUA BARAT DAYA;9209;KAB. TAMBRAUW;920903;Yembun
96;PAPUA BARAT DAYA;9271;KOTA SORONG;927108;Klaurung
96;PAPUA BARAT DAYA;9271;KOTA SORONG;927110;Maladum Mes
96;PAPUA BARAT DAYA;9271;KOTA SORONG;927109;Malaimsimsa
96;PAPUA BARAT DAYA;9271;KOTA SORONG;927101;Sorong
96;PAPUA BARAT DAYA;9271;KOTA SORONG;927103;Sorong Barat
96;PAPUA BARAT DAYA;9271;KOTA SORONG;927104;Sorong Kepulauan
96;PAPUA BARAT DAYA;9271;KOTA SORONG;927107;Sorong Kota
96;PAPUA BARAT DAYA;9271;KOTA SORONG;927106;Sorong Manoi
96;PAPUA BARAT DAYA;9271;KOTA SORONG;927102;Sorong Timur
96;PAPUA BARAT DAYA;9271;KOTA SORONG;927105;Sorong Utara
11;ACEH;1105;KAB. ACEH BARAT;110507;Arongan Lambalek
11;ACEH;1105;KAB. ACEH BARAT;110506;Bubon
11;ACEH;1105;KAB. ACEH BARAT;110501;Johan Pahwalan
11;ACEH;1105;KAB. ACEH BARAT;110502;Kaway XVI
11;ACEH;1105;KAB. ACEH BARAT;110509;Meureubo
11;ACEH;1105;KAB. ACEH BARAT;110508;Pante Ceureumen
11;ACEH;1105;KAB. ACEH BARAT;110512;Panton Reu
11;ACEH;1105;KAB. ACEH BARAT;110505;Samatiga
11;ACEH;1105;KAB. ACEH BARAT;110503;Sungai Mas
11;ACEH;1105;KAB. ACEH BARAT;110504;Woyla
11;ACEH;1105;KAB. ACEH BARAT;110510;Woyla Barat
11;ACEH;1105;KAB. ACEH BARAT;110511;Woyla Timur
11;ACEH;1112;KAB. ACEH BARAT DAYA;111206;Babah Rot
11;ACEH;1112;KAB. ACEH BARAT DAYA;111201;Blang Pidie
11;ACEH;1112;KAB. ACEH BARAT DAYA;111208;Jeumpa
11;ACEH;1112;KAB. ACEH BARAT DAYA;111205;Kuala Batee
11;ACEH;1112;KAB. ACEH BARAT DAYA;111209;Lembah Sabil
11;ACEH;1112;KAB. ACEH BARAT DAYA;111203;Manggeng
11;ACEH;1112;KAB. ACEH BARAT DAYA;111207;Setia
11;ACEH;1112;KAB. ACEH BARAT DAYA;111204;Susoh
11;ACEH;1112;KAB. ACEH BARAT DAYA;111202;Tangan-Tangan
11;ACEH;1106;KAB. ACEH BESAR;110620;Baitussalam
11;ACEH;1106;KAB. ACEH BESAR;110623;Blang Bintang
11;ACEH;1106;KAB. ACEH BESAR;110607;Darul Imarah
11;ACEH;1106;KAB. ACEH BESAR;110619;Darul Kamal
11;ACEH;1106;KAB. ACEH BESAR;110612;Darussalam
11;ACEH;1106;KAB. ACEH BESAR;110603;Indrapuri
11;ACEH;1106;KAB. ACEH BESAR;110610;Ingin Jaya
11;ACEH;1106;KAB. ACEH BESAR;110615;Kota Jantho
11;ACEH;1106;KAB. ACEH BESAR;110621;Krueng Barona Jaya
11;ACEH;1106;KAB. ACEH BESAR;110611;Kuta Baro
11;ACEH;1106;KAB. ACEH BESAR;110617;Kuta Malaka
11;ACEH;1106;KAB. ACEH BESAR;110614;Lembah Seulawah
11;ACEH;1106;KAB. ACEH BESAR;110622;Leupung
11;ACEH;1106;KAB. ACEH BESAR;110602;Lhoknga
11;ACEH;1106;KAB. ACEH BESAR;110601;Lhoong
11;ACEH;1106;KAB. ACEH BESAR;110609;Mesjid Raya
11;ACEH;1106;KAB. ACEH BESAR;110605;Montasik
11;ACEH;1106;KAB. ACEH BESAR;110608;Peukan Bada
11;ACEH;1106;KAB. ACEH BESAR;110613;Pulo Aceh
11;ACEH;1106;KAB. ACEH BESAR;110604;Seulimeum
11;ACEH;1106;KAB. ACEH BESAR;110618;Simpang Tiga
11;ACEH;1106;KAB. ACEH BESAR;110606;Sukamakmur
11;ACEH;1114;KAB. ACEH JAYA;111408;Darul Hikmah
11;ACEH;1114;KAB. ACEH JAYA;111407;Indra Jaya
11;ACEH;1114;KAB. ACEH JAYA;111405;Jaya
11;ACEH;1114;KAB. ACEH JAYA;111402;Krueng Sabee
11;ACEH;1114;KAB. ACEH JAYA;111406;Panga
11;ACEH;1114;KAB. ACEH JAYA;111409;Pasie Raya
11;ACEH;1114;KAB. ACEH JAYA;111404;Sampoiniet
11;ACEH;1114;KAB. ACEH JAYA;111403;Setia Bhakti
11;ACEH;1114;KAB. ACEH JAYA;111401;Teunom
11;ACEH;1101;KAB. ACEH SELATAN;110101;Bakongan
11;ACEH;1101;KAB. ACEH SELATAN;110115;Bakongan Timur
11;ACEH;1101;KAB. ACEH SELATAN;110103;Kluet Selatan
11;ACEH;1101;KAB. ACEH SELATAN;110113;Kluet Tengah
11;ACEH;1101;KAB. ACEH SELATAN;110114;Kluet Timur
11;ACEH;1101;KAB. ACEH SELATAN;110102;Kluet Utara
11;ACEH;1101;KAB. ACEH SELATAN;110117;Kota Bahagia
11;ACEH;1101;KAB. ACEH SELATAN;110104;Labuhan Haji
11;ACEH;1101;KAB. ACEH SELATAN;110112;Labuhan Haji Barat
11;ACEH;1101;KAB. ACEH SELATAN;110111;Labuhan Haji Timur
11;ACEH;1101;KAB. ACEH SELATAN;110105;Meukek
11;ACEH;1101;KAB. ACEH SELATAN;110110;Pasi Raja
11;ACEH;1101;KAB. ACEH SELATAN;110106;Samadua
11;ACEH;1101;KAB. ACEH SELATAN;110107;Sawang
11;ACEH;1101;KAB. ACEH SELATAN;110108;Tapaktuan
11;ACEH;1101;KAB. ACEH SELATAN;110109;Trumon
11;ACEH;1101;KAB. ACEH SELATAN;110118;Trumon Tengah
11;ACEH;1101;KAB. ACEH SELATAN;110116;Trumon Timur
11;ACEH;1110;KAB. ACEH SINGKIL;111011;Danau Paris
11;ACEH;1110;KAB. ACEH SINGKIL;111006;Gunung Meriah
11;ACEH;1110;KAB. ACEH SINGKIL;111009;Kota Baharu
11;ACEH;1110;KAB. ACEH SINGKIL;111014;Kuala Baru
11;ACEH;1110;KAB. ACEH SINGKIL;111001;Pulau Banyak
11;ACEH;1110;KAB. ACEH SINGKIL;111016;Pulau Banyak Barat
11;ACEH;1110;KAB. ACEH SINGKIL;111002;Simpang Kanan
11;ACEH;1110;KAB. ACEH SINGKIL;111004;Singkil
11;ACEH;1110;KAB. ACEH SINGKIL;111010;Singkil Utara
11;ACEH;1110;KAB. ACEH SINGKIL;111013;Singkohor
11;ACEH;1110;KAB. ACEH SINGKIL;111012;Suro Makmur
11;ACEH;1116;KAB. ACEH TAMIANG;111609;Banda Mulia
11;ACEH;1116;KAB. ACEH TAMIANG;111610;Bandar Pusaka
11;ACEH;1116;KAB. ACEH TAMIANG;111602;Bendahara
11;ACEH;1116;KAB. ACEH TAMIANG;111603;Karang Baru
11;ACEH;1116;KAB. ACEH TAMIANG;111606;Kejuruan Muda
11;ACEH;1116;KAB. ACEH TAMIANG;111605;Kota Kualasinpang
11;ACEH;1116;KAB. ACEH TAMIANG;111601;Manyak Payed
11;ACEH;1116;KAB. ACEH TAMIANG;111608;Rantau
11;ACEH;1116;KAB. ACEH TAMIANG;111612;Sekerak
11;ACEH;1116;KAB. ACEH TAMIANG;111604;Seruway
11;ACEH;1116;KAB. ACEH TAMIANG;111607;Tamiang Hulu
11;ACEH;1116;KAB. ACEH TAMIANG;111611;Tenggulun
11;ACEH;1104;KAB. ACEH TENGAH;110418;Atu Lintang
11;ACEH;1104;KAB. ACEH TENGAH;110403;Bebesen
11;ACEH;1104;KAB. ACEH TENGAH;110420;Bies
11;ACEH;1104;KAB. ACEH TENGAH;110408;Bintang
11;ACEH;1104;KAB. ACEH TENGAH;110413;Celala
11;ACEH;1104;KAB. ACEH TENGAH;110419;Jagong Jeget
11;ACEH;1104;KAB. ACEH TENGAH;110411;Kebayakan
11;ACEH;1104;KAB. ACEH TENGAH;110410;Ketol
11;ACEH;1104;KAB. ACEH TENGAH;110412;Kute Panang
11;ACEH;1104;KAB. ACEH TENGAH;110417;Laut Tawar
11;ACEH;1104;KAB. ACEH TENGAH;110401;Linge
11;ACEH;1104;KAB. ACEH TENGAH;110407;Pegasing
11;ACEH;1104;KAB. ACEH TENGAH;110421;Rusip Antara
11;ACEH;1104;KAB. ACEH TENGAH;110402;Silih Nara
11;ACEH;1102;KAB. ACEH TENGGARA;110206;Babul Makmur
11;ACEH;1102;KAB. ACEH TENGGARA;110211;Babul Rahmah
11;ACEH;1102;KAB. ACEH TENGGARA;110204;Babussalam
11;ACEH;1102;KAB. ACEH TENGGARA;110205;Badar
11;ACEH;1102;KAB. ACEH TENGGARA;110203;Bambel
11;ACEH;1102;KAB. ACEH TENGGARA;110209;Bukit Tusam
11;ACEH;1102;KAB. ACEH TENGGARA;110207;Darul Hasanah
11;ACEH;1102;KAB. ACEH TENGGARA;110213;Deleng Pokhkisen
11;ACEH;1102;KAB. ACEH TENGGARA;110212;Ketambe
11;ACEH;1102;KAB. ACEH TENGGARA;110201;Lawe Alas
11;ACEH;1102;KAB. ACEH TENGGARA;110208;Lawe Bulan
11;ACEH;1102;KAB. ACEH TENGGARA;110202;Lawe Sigala-Gala
11;ACEH;1102;KAB. ACEH TENGGARA;110214;Lawe Sumur
11;ACEH;1102;KAB. ACEH TENGGARA;110216;Leuser
11;ACEH;1102;KAB. ACEH TENGGARA;110210;Semadam
11;ACEH;1102;KAB. ACEH TENGGARA;110215;Tanoh Alas
11;ACEH;1103;KAB. ACEH TIMUR;110315;Banda Alam
11;ACEH;1103;KAB. ACEH TIMUR;110304;Birem Bayeun
11;ACEH;1103;KAB. ACEH TIMUR;110301;Darul Aman
11;ACEH;1103;KAB. ACEH TIMUR;110322;Darul Falah
11;ACEH;1103;KAB. ACEH TIMUR;110321;Darul Ihsan
11;ACEH;1103;KAB. ACEH TIMUR;110303;Idi Rayeuk
11;ACEH;1103;KAB. ACEH TIMUR;110323;Idi Timur
11;ACEH;1103;KAB. ACEH TIMUR;110314;Idi Tunong
11;ACEH;1103;KAB. ACEH TIMUR;110313;Indra Makmu
11;ACEH;1103;KAB. ACEH TIMUR;110302;Julok
11;ACEH;1103;KAB. ACEH TIMUR;110312;Madat
11;ACEH;1103;KAB. ACEH TIMUR;110306;Nurussalam
11;ACEH;1103;KAB. ACEH TIMUR;110311;Pante Bidari
11;ACEH;1103;KAB. ACEH TIMUR;110316;Peudawa
11;ACEH;1103;KAB. ACEH TIMUR;110324;Peunaron
11;ACEH;1103;KAB. ACEH TIMUR;110307;Peureulak
11;ACEH;1103;KAB. ACEH TIMUR;110318;Peureulak Barat
11;ACEH;1103;KAB. ACEH TIMUR;110317;Peureulak Timur
11;ACEH;1103;KAB. ACEH TIMUR;110310;Rantau Peureulak
11;ACEH;1103;KAB. ACEH TIMUR;110308;Rantau Selamat
11;ACEH;1103;KAB. ACEH TIMUR;110305;Serbajadi
11;ACEH;1103;KAB. ACEH TIMUR;110320;Simpang Jernih
11;ACEH;1103;KAB. ACEH TIMUR;110309;Simpang Ulim
11;ACEH;1103;KAB. ACEH TIMUR;110319;Sungai Raya
11;ACEH;1108;KAB. ACEH UTARA;110801;Baktiya
11;ACEH;1108;KAB. ACEH UTARA;110819;Baktiya Barat
11;ACEH;1108;KAB. ACEH UTARA;110826;Banda Baro
11;ACEH;1108;KAB. ACEH UTARA;110817;Cot Girek
11;ACEH;1108;KAB. ACEH UTARA;110802;Dewantara
11;ACEH;1108;KAB. ACEH UTARA;110825;Geuredong Pase
11;ACEH;1108;KAB. ACEH UTARA;110803;Kuta Makmur
11;ACEH;1108;KAB. ACEH UTARA;110818;Langkahan
11;ACEH;1108;KAB. ACEH UTARA;110823;Lapang
11;ACEH;1108;KAB. ACEH UTARA;110804;Lhoksukon
11;ACEH;1108;KAB. ACEH UTARA;110805;Matangkuli
11;ACEH;1108;KAB. ACEH UTARA;110807;Meurah Mulia
11;ACEH;1108;KAB. ACEH UTARA;110806;Muara Batu
11;ACEH;1108;KAB. ACEH UTARA;110821;Nibong
11;ACEH;1108;KAB. ACEH UTARA;110816;Nisam
11;ACEH;1108;KAB. ACEH UTARA;110827;Nisam Antara
11;ACEH;1108;KAB. ACEH UTARA;110820;Paya Bakong
11;ACEH;1108;KAB. ACEH UTARA;110808;Samudera
11;ACEH;1108;KAB. ACEH UTARA;110815;Sawang
11;ACEH;1108;KAB. ACEH UTARA;110809;Seunuddon
11;ACEH;1108;KAB. ACEH UTARA;110822;Simpang Kramat
11;ACEH;1108;KAB. ACEH UTARA;110810;Syamtalira Aron
11;ACEH;1108;KAB. ACEH UTARA;110811;Syamtalira Bayu
11;ACEH;1108;KAB. ACEH UTARA;110814;T. Jambo Aye
11;ACEH;1108;KAB. ACEH UTARA;110812;Tanah Luas
11;ACEH;1108;KAB. ACEH UTARA;110813;Tanah Pasir
11;ACEH;1117;KAB. BENER MERIAH;111704;Bandar
11;ACEH;1117;KAB. BENER MERIAH;111708;Bener Kelipah
11;ACEH;1117;KAB. BENER MERIAH;111705;Bukit
11;ACEH;1117;KAB. BENER MERIAH;111710;Gajah Putih
11;ACEH;1117;KAB. BENER MERIAH;111709;Mesidah
11;ACEH;1117;KAB. BENER MERIAH;111702;Permata
11;ACEH;1117;KAB. BENER MERIAH;111701;Pintu Rime Gayo
11;ACEH;1117;KAB. BENER MERIAH;111703;Syiah Utama
11;ACEH;1117;KAB. BENER MERIAH;111707;Timang gajah
11;ACEH;1117;KAB. BENER MERIAH;111706;Wih Pesam
11;ACEH;1111;KAB. BIREUEN;111107;Gandapura
11;ACEH;1111;KAB. BIREUEN;111110;Jangka
11;ACEH;1111;KAB. BIREUEN;111104;Jeumpa
11;ACEH;1111;KAB. BIREUEN;111102;Jeunieb
11;ACEH;1111;KAB. BIREUEN;111109;Juli
11;ACEH;1111;KAB. BIREUEN;111113;Kota Juang
11;ACEH;1111;KAB. BIREUEN;111114;Kuala
11;ACEH;1111;KAB. BIREUEN;111117;Kuta Blang
11;ACEH;1111;KAB. BIREUEN;111106;Makmur
11;ACEH;1111;KAB. BIREUEN;111108;Pandrah
11;ACEH;1111;KAB. BIREUEN;111103;Peudada
11;ACEH;1111;KAB. BIREUEN;111112;Peulimbang
11;ACEH;1111;KAB. BIREUEN;111105;Peusangan
11;ACEH;1111;KAB. BIREUEN;111116;Peusangan Selatan
11;ACEH;1111;KAB. BIREUEN;111115;Peusangan Siblah Krueng
11;ACEH;1111;KAB. BIREUEN;111101;Samalanga
11;ACEH;1111;KAB. BIREUEN;111111;Simpang Mamplam
11;ACEH;1113;KAB. GAYO LUES;111309;Blangjerango
11;ACEH;1113;KAB. GAYO LUES;111301;Blangkejeren
11;ACEH;1113;KAB. GAYO LUES;111306;Blangpegayon
11;ACEH;1113;KAB. GAYO LUES;111308;Dabun Gelang
11;ACEH;1113;KAB. GAYO LUES;111302;Kutapanjang
11;ACEH;1113;KAB. GAYO LUES;111311;Pantan Cuaca
11;ACEH;1113;KAB. GAYO LUES;111305;Pining
11;ACEH;1113;KAB. GAYO LUES;111307;Puteri Betung
11;ACEH;1113;KAB. GAYO LUES;111303;Rikit Gaib
11;ACEH;1113;KAB. GAYO LUES;111304;Terangun
11;ACEH;1113;KAB. GAYO LUES;111310;Teripe Jaya
11;ACEH;1115;KAB. NAGAN RAYA;111504;Beutong
11;ACEH;1115;KAB. NAGAN RAYA;111510;Beutong Ateuh Banggalang
11;ACEH;1115;KAB. NAGAN RAYA;111505;Darul Makmur
11;ACEH;1115;KAB. NAGAN RAYA;111501;Kuala
11;ACEH;1115;KAB. NAGAN RAYA;111507;Kuala Pesisir
11;ACEH;1115;KAB. NAGAN RAYA;111502;Seunagan
11;ACEH;1115;KAB. NAGAN RAYA;111503;Seunagan Timur
11;ACEH;1115;KAB. NAGAN RAYA;111506;Suka Makmue
11;ACEH;1115;KAB. NAGAN RAYA;111508;Tadu Raya
11;ACEH;1115;KAB. NAGAN RAYA;111509;Tripa Makmur
11;ACEH;1107;KAB. PIDIE;110703;Batee
11;ACEH;1107;KAB. PIDIE;110704;Delima
11;ACEH;1107;KAB. PIDIE;110706;Geulumpang Tiga
11;ACEH;1107;KAB. PIDIE;110705;Geumpang
11;ACEH;1107;KAB. PIDIE;110729;Glumpang Baro
11;ACEH;1107;KAB. PIDIE;110725;Grong-grong
11;ACEH;1107;KAB. PIDIE;110707;Indra Jaya
11;ACEH;1107;KAB. PIDIE;110708;Kembang Tanjong
11;ACEH;1107;KAB. PIDIE;110722;Keumala
11;ACEH;1107;KAB. PIDIE;110709;Kota Sigli
11;ACEH;1107;KAB. PIDIE;110727;Mane
11;ACEH;1107;KAB. PIDIE;110711;Mila
11;ACEH;1107;KAB. PIDIE;110712;Muara Tiga
11;ACEH;1107;KAB. PIDIE;110713;Mutiara
11;ACEH;1107;KAB. PIDIE;110724;Mutiara Timur
11;ACEH;1107;KAB. PIDIE;110714;Padang Tiji
11;ACEH;1107;KAB. PIDIE;110715;Peukan Baro
11;ACEH;1107;KAB. PIDIE;110716;Pidie
11;ACEH;1107;KAB. PIDIE;110717;Sakti
11;ACEH;1107;KAB. PIDIE;110718;Simpang Tiga
11;ACEH;1107;KAB. PIDIE;110719;Tangse
11;ACEH;1107;KAB. PIDIE;110721;Tiro/Truseb
11;ACEH;1107;KAB. PIDIE;110731;Titeue
11;ACEH;1118;KAB. PIDIE JAYA;111806;Bandar Baru
11;ACEH;1118;KAB. PIDIE JAYA;111804;Bandar Dua
11;ACEH;1118;KAB. PIDIE JAYA;111803;Jangka Buaya
11;ACEH;1118;KAB. PIDIE JAYA;111805;Meurah Dua
11;ACEH;1118;KAB. PIDIE JAYA;111801;Meureudu
11;ACEH;1118;KAB. PIDIE JAYA;111807;Panteraja
11;ACEH;1118;KAB. PIDIE JAYA;111808;Trienggadeng
11;ACEH;1118;KAB. PIDIE JAYA;111802;Ulim
11;ACEH;1109;KAB. SIMEULUE;110908;Alapan
11;ACEH;1109;KAB. SIMEULUE;110902;Salang
11;ACEH;1109;KAB. SIMEULUE;110906;Simeulue Barat
11;ACEH;1109;KAB. SIMEULUE;110910;Simeulue Cut
11;ACEH;1109;KAB. SIMEULUE;110901;Simeulue Tengah
11;ACEH;1109;KAB. SIMEULUE;110904;Simeulue Timur
11;ACEH;1109;KAB. SIMEULUE;110905;Teluk Dalam
11;ACEH;1109;KAB. SIMEULUE;110903;Teupah Barat
11;ACEH;1109;KAB. SIMEULUE;110907;Teupah Selatan
11;ACEH;1109;KAB. SIMEULUE;110909;Teupah Tengah
11;ACEH;1171;KOTA BANDA ACEH;117101;Baiturrahman
11;ACEH;1171;KOTA BANDA ACEH;117107;Banda Raya
11;ACEH;1171;KOTA BANDA ACEH;117108;Jaya Baru
11;ACEH;1171;KOTA BANDA ACEH;117102;Kuta Alam
11;ACEH;1171;KOTA BANDA ACEH;117106;Kuta Raja
11;ACEH;1171;KOTA BANDA ACEH;117105;Lueng Bata
11;ACEH;1171;KOTA BANDA ACEH;117103;Meuraxa
11;ACEH;1171;KOTA BANDA ACEH;117104;Syiah Kuala
11;ACEH;1171;KOTA BANDA ACEH;117109;Ulee Kareng
11;ACEH;1174;KOTA LANGSA;117402;Langsa Barat
11;ACEH;1174;KOTA LANGSA;117405;Langsa Baro
11;ACEH;1174;KOTA LANGSA;117403;Langsa Kota
11;ACEH;1174;KOTA LANGSA;117404;Langsa Lama
11;ACEH;1174;KOTA LANGSA;117401;Langsa Timur
11;ACEH;1173;KOTA LHOKSEUMAWE;117302;Banda Sakti
11;ACEH;1173;KOTA LHOKSEUMAWE;117301;Muara Dua
11;ACEH;1173;KOTA LHOKSEUMAWE;117304;Muara Satu
11;ACEH;1172;KOTA SABANG;117202;Sukajaya
11;ACEH;1172;KOTA SABANG;117201;Sukakarya
11;ACEH;1172;KOTA SABANG;117203;Sukamakmue
11;ACEH;1175;KOTA SUBULUSSALAM;117505;Longkib
11;ACEH;1175;KOTA SUBULUSSALAM;117502;Penanggalan
11;ACEH;1175;KOTA SUBULUSSALAM;117503;Rundeng
11;ACEH;1175;KOTA SUBULUSSALAM;117501;Simpang Kiri
11;ACEH;1175;KOTA SUBULUSSALAM;117504;Sultan Daulat
11;ACEH;1173;KOTA LHOKSEUMAWE;117303;Blang Mangat
11;ACEH;1108;KAB. ACEH UTARA;110824;Pirak Timur
72;SULAWESI TENGAH;7201;KAB. BANGGAI;720106;Balantak
72;SULAWESI TENGAH;7201;KAB. BANGGAI;720118;Balantak Selatan
72;SULAWESI TENGAH;7201;KAB. BANGGAI;720119;Balantak Utara
72;SULAWESI TENGAH;7201;KAB. BANGGAI;720101;Batui
72;SULAWESI TENGAH;7201;KAB. BANGGAI;720115;Batui Selatan
72;SULAWESI TENGAH;7201;KAB. BANGGAI;720108;Bualemo
72;SULAWESI TENGAH;7201;KAB. BANGGAI;720102;Bunta
72;SULAWESI TENGAH;7201;KAB. BANGGAI;720103;Kintom
72;SULAWESI TENGAH;7201;KAB. BANGGAI;720105;Lamala
72;SULAWESI TENGAH;7201;KAB. BANGGAI;720116;Lobu
72;SULAWESI TENGAH;7201;KAB. BANGGAI;720104;Luwuk
72;SULAWESI TENGAH;7201;KAB. BANGGAI;720120;Luwuk Selatan
72;SULAWESI TENGAH;7201;KAB. BANGGAI;720111;Luwuk Timur
72;SULAWESI TENGAH;7201;KAB. BANGGAI;720121;Luwuk Utara
72;SULAWESI TENGAH;7201;KAB. BANGGAI;720122;Mantoh
72;SULAWESI TENGAH;7201;KAB. BANGGAI;720110;Masama
72;SULAWESI TENGAH;7201;KAB. BANGGAI;720114;Moilong
72;SULAWESI TENGAH;7201;KAB. BANGGAI;720123;Nambo
72;SULAWESI TENGAH;7201;KAB. BANGGAI;720113;Nuhon
72;SULAWESI TENGAH;7201;KAB. BANGGAI;720107;Pagimana
72;SULAWESI TENGAH;7201;KAB. BANGGAI;720117;Simpang Raya
72;SULAWESI TENGAH;7201;KAB. BANGGAI;720109;Toili
72;SULAWESI TENGAH;7201;KAB. BANGGAI;720112;Toili Barat
72;SULAWESI TENGAH;7207;KAB. BANGGAI KEPULAUAN;720707;Buko
72;SULAWESI TENGAH;7207;KAB. BANGGAI KEPULAUAN;720718;Buko Selatan
72;SULAWESI TENGAH;7207;KAB. BANGGAI KEPULAUAN;720706;Bulagi
72;SULAWESI TENGAH;7207;KAB. BANGGAI KEPULAUAN;720709;Bulagi Selatan
72;SULAWESI TENGAH;7207;KAB. BANGGAI KEPULAUAN;720717;Bulagi Utara
72;SULAWESI TENGAH;7207;KAB. BANGGAI KEPULAUAN;720705;Liang
72;SULAWESI TENGAH;7207;KAB. BANGGAI KEPULAUAN;720716;Peling Tengah
72;SULAWESI TENGAH;7207;KAB. BANGGAI KEPULAUAN;720704;Tinangkung
72;SULAWESI TENGAH;7207;KAB. BANGGAI KEPULAUAN;720711;Tinangkung Selatan
72;SULAWESI TENGAH;7207;KAB. BANGGAI KEPULAUAN;720719;Tinangkung Utara
72;SULAWESI TENGAH;7207;KAB. BANGGAI KEPULAUAN;720703;Totikum
72;SULAWESI TENGAH;7207;KAB. BANGGAI KEPULAUAN;720715;Totikum Selatan
72;SULAWESI TENGAH;7211;KAB. BANGGAI LAUT;721101;Banggai
72;SULAWESI TENGAH;7211;KAB. BANGGAI LAUT;721106;Banggai Selatan
72;SULAWESI TENGAH;7211;KAB. BANGGAI LAUT;721107;Banggai Tengah
72;SULAWESI TENGAH;7211;KAB. BANGGAI LAUT;721102;Banggai Utara
72;SULAWESI TENGAH;7211;KAB. BANGGAI LAUT;721104;Bangkurung
72;SULAWESI TENGAH;7211;KAB. BANGGAI LAUT;721103;Bokan Kepulauan
72;SULAWESI TENGAH;7211;KAB. BANGGAI LAUT;721105;Labobo
72;SULAWESI TENGAH;7205;KAB. BUOL;720506;Biau
72;SULAWESI TENGAH;7205;KAB. BUOL;720503;Bokat
72;SULAWESI TENGAH;7205;KAB. BUOL;720508;Bukal
72;SULAWESI TENGAH;7205;KAB. BUOL;720504;Bunobogu
72;SULAWESI TENGAH;7205;KAB. BUOL;720509;Gadung
72;SULAWESI TENGAH;7205;KAB. BUOL;720510;Karamat
72;SULAWESI TENGAH;7205;KAB. BUOL;720502;Lakea
72;SULAWESI TENGAH;7205;KAB. BUOL;720501;Momunu
72;SULAWESI TENGAH;7205;KAB. BUOL;720505;Paleleh
72;SULAWESI TENGAH;7205;KAB. BUOL;720511;Paleleh Barat
72;SULAWESI TENGAH;7205;KAB. BUOL;720507;Tiloan
72;SULAWESI TENGAH;7203;KAB. DONGGALA;720312;Balaesang
72;SULAWESI TENGAH;7203;KAB. DONGGALA;720331;Balaesang Tanjung
72;SULAWESI TENGAH;7203;KAB. DONGGALA;720308;Banawa
72;SULAWESI TENGAH;7203;KAB. DONGGALA;720318;Banawa Selatan
72;SULAWESI TENGAH;7203;KAB. DONGGALA;720327;Banawa Tengah
72;SULAWESI TENGAH;7203;KAB. DONGGALA;720306;Dampelas
72;SULAWESI TENGAH;7203;KAB. DONGGALA;720309;Labuan
72;SULAWESI TENGAH;7203;KAB. DONGGALA;720321;Pinembani
72;SULAWESI TENGAH;7203;KAB. DONGGALA;720304;Rio Pakava
72;SULAWESI TENGAH;7203;KAB. DONGGALA;720310;Sindue
72;SULAWESI TENGAH;7203;KAB. DONGGALA;720325;Sindue Tobata
72;SULAWESI TENGAH;7203;KAB. DONGGALA;720324;Sindue Tombusabora
72;SULAWESI TENGAH;7203;KAB. DONGGALA;720311;Sirenja
72;SULAWESI TENGAH;7203;KAB. DONGGALA;720314;Sojol
72;SULAWESI TENGAH;7203;KAB. DONGGALA;720330;Sojol Utara
72;SULAWESI TENGAH;7203;KAB. DONGGALA;720319;Tanantovea
72;SULAWESI TENGAH;7206;KAB. MOROWALI;720610;Bahodopi
72;SULAWESI TENGAH;7206;KAB. MOROWALI;720609;Bumi Raya
72;SULAWESI TENGAH;7206;KAB. MOROWALI;720608;Bungku Barat
72;SULAWESI TENGAH;7206;KAB. MOROWALI;720615;Bungku Pesisir
72;SULAWESI TENGAH;7206;KAB. MOROWALI;720606;Bungku Selatan
72;SULAWESI TENGAH;7206;KAB. MOROWALI;720605;Bungku Tengah
72;SULAWESI TENGAH;7206;KAB. MOROWALI;720618;Bungku Timur
72;SULAWESI TENGAH;7206;KAB. MOROWALI;720607;Menui Kepulauan
72;SULAWESI TENGAH;7206;KAB. MOROWALI;720612;Wita Ponda
72;SULAWESI TENGAH;7212;KAB. MOROWALI UTARA;721208;Bungku Utara
72;SULAWESI TENGAH;7212;KAB. MOROWALI UTARA;721204;Lembo
72;SULAWESI TENGAH;7212;KAB. MOROWALI UTARA;721203;Lembo Raya
72;SULAWESI TENGAH;7212;KAB. MOROWALI UTARA;721209;Mamosalato
72;SULAWESI TENGAH;7212;KAB. MOROWALI UTARA;721205;Mori Atas
72;SULAWESI TENGAH;7212;KAB. MOROWALI UTARA;721206;Mori Utara
72;SULAWESI TENGAH;7212;KAB. MOROWALI UTARA;721201;Petasia
72;SULAWESI TENGAH;7212;KAB. MOROWALI UTARA;721210;Petasia Barat
72;SULAWESI TENGAH;7212;KAB. MOROWALI UTARA;721202;Petasia Timur
72;SULAWESI TENGAH;7212;KAB. MOROWALI UTARA;721207;Soyo Jaya
72;SULAWESI TENGAH;7208;KAB. PARIGI MOUTONG;720802;Ampibabo
72;SULAWESI TENGAH;7208;KAB. PARIGI MOUTONG;720815;Balinggi
72;SULAWESI TENGAH;7208;KAB. PARIGI MOUTONG;720821;Bolano
72;SULAWESI TENGAH;7208;KAB. PARIGI MOUTONG;720807;Bolano Lambunu
72;SULAWESI TENGAH;7208;KAB. PARIGI MOUTONG;720808;Kasimbar
72;SULAWESI TENGAH;7208;KAB. PARIGI MOUTONG;720812;Mepanga
72;SULAWESI TENGAH;7208;KAB. PARIGI MOUTONG;720804;Moutong
72;SULAWESI TENGAH;7208;KAB. PARIGI MOUTONG;720822;Ongka Malino
72;SULAWESI TENGAH;7208;KAB. PARIGI MOUTONG;720818;Palasa
72;SULAWESI TENGAH;7208;KAB. PARIGI MOUTONG;720801;Parigi
72;SULAWESI TENGAH;7208;KAB. PARIGI MOUTONG;720816;Parigi Barat
72;SULAWESI TENGAH;7208;KAB. PARIGI MOUTONG;720811;Parigi Selatan
72;SULAWESI TENGAH;7208;KAB. PARIGI MOUTONG;720820;Parigi Tengah
72;SULAWESI TENGAH;7208;KAB. PARIGI MOUTONG;720819;Parigi Utara
72;SULAWESI TENGAH;7208;KAB. PARIGI MOUTONG;720806;Sausu
72;SULAWESI TENGAH;7208;KAB. PARIGI MOUTONG;720823;Sidoan
72;SULAWESI TENGAH;7208;KAB. PARIGI MOUTONG;720817;Siniu
72;SULAWESI TENGAH;7208;KAB. PARIGI MOUTONG;720814;Taopa
72;SULAWESI TENGAH;7208;KAB. PARIGI MOUTONG;720803;Tinombo
72;SULAWESI TENGAH;7208;KAB. PARIGI MOUTONG;720810;Tinombo Selatan
72;SULAWESI TENGAH;7208;KAB. PARIGI MOUTONG;720805;Tomini
72;SULAWESI TENGAH;7208;KAB. PARIGI MOUTONG;720813;Toribulu
72;SULAWESI TENGAH;7208;KAB. PARIGI MOUTONG;720809;Torue
72;SULAWESI TENGAH;7202;KAB. POSO;720203;Lage
72;SULAWESI TENGAH;7202;KAB. POSO;720223;Lore Barat
72;SULAWESI TENGAH;7202;KAB. POSO;720225;Lore Piore
72;SULAWESI TENGAH;7202;KAB. POSO;720209;Lore Selatan
72;SULAWESI TENGAH;7202;KAB. POSO;720208;Lore Tengah
72;SULAWESI TENGAH;7202;KAB. POSO;720224;Lore Timur
72;SULAWESI TENGAH;7202;KAB. POSO;720207;Lore Utara
72;SULAWESI TENGAH;7202;KAB. POSO;720220;Pamona Barat
72;SULAWESI TENGAH;7202;KAB. POSO;720204;Pamona Puselemba
72;SULAWESI TENGAH;7202;KAB. POSO;720206;Pamona Selatan
72;SULAWESI TENGAH;7202;KAB. POSO;720226;Pamona Tenggara
72;SULAWESI TENGAH;7202;KAB. POSO;720205;Pamona Timur
72;SULAWESI TENGAH;7202;KAB. POSO;720227;Pamona Utara
72;SULAWESI TENGAH;7202;KAB. POSO;720201;Poso Kota
72;SULAWESI TENGAH;7202;KAB. POSO;720221;Poso Kota Selatan
72;SULAWESI TENGAH;7202;KAB. POSO;720222;Poso Kota Utara
72;SULAWESI TENGAH;7202;KAB. POSO;720202;Poso Pesisir
72;SULAWESI TENGAH;7202;KAB. POSO;720219;Poso Pesisir Selatan
72;SULAWESI TENGAH;7202;KAB. POSO;720218;Poso Pesisir Utara
72;SULAWESI TENGAH;7210;KAB. SIGI;721012;Dolo
72;SULAWESI TENGAH;7210;KAB. SIGI;721011;Dolo Barat
72;SULAWESI TENGAH;7210;KAB. SIGI;721009;Dolo Selatan
72;SULAWESI TENGAH;7210;KAB. SIGI;721008;Gumbasa
72;SULAWESI TENGAH;7210;KAB. SIGI;721013;Kinovaro
72;SULAWESI TENGAH;7210;KAB. SIGI;721005;Kulawi
72;SULAWESI TENGAH;7210;KAB. SIGI;721006;Kulawi Selatan
72;SULAWESI TENGAH;7210;KAB. SIGI;721004;Lindu
72;SULAWESI TENGAH;7210;KAB. SIGI;721014;Marawola
72;SULAWESI TENGAH;7210;KAB. SIGI;721015;Marawola Barat
72;SULAWESI TENGAH;7210;KAB. SIGI;721003;Nokilalaki
72;SULAWESI TENGAH;7210;KAB. SIGI;721002;Palolo
72;SULAWESI TENGAH;7210;KAB. SIGI;721007;Pipikoro
72;SULAWESI TENGAH;7210;KAB. SIGI;721001;Sigi Biromaru
72;SULAWESI TENGAH;7210;KAB. SIGI;721010;Tanambulava
72;SULAWESI TENGAH;7209;KAB. TOJO UNA UNA;720905;Ampana Kota
72;SULAWESI TENGAH;7209;KAB. TOJO UNA UNA;720904;Ampana Tete
72;SULAWESI TENGAH;7209;KAB. TOJO UNA UNA;720911;Batudaka
72;SULAWESI TENGAH;7209;KAB. TOJO UNA UNA;720910;Ratolindo
72;SULAWESI TENGAH;7209;KAB. TOJO UNA UNA;720912;Talatako
72;SULAWESI TENGAH;7209;KAB. TOJO UNA UNA;720902;Togean
72;SULAWESI TENGAH;7209;KAB. TOJO UNA UNA;720908;Tojo
72;SULAWESI TENGAH;7209;KAB. TOJO UNA UNA;720907;Tojo Barat
72;SULAWESI TENGAH;7209;KAB. TOJO UNA UNA;720906;Ulubongka
72;SULAWESI TENGAH;7209;KAB. TOJO UNA UNA;720901;Una Una
72;SULAWESI TENGAH;7209;KAB. TOJO UNA UNA;720909;Walea Besar
72;SULAWESI TENGAH;7209;KAB. TOJO UNA UNA;720903;Walea Kepulauan
72;SULAWESI TENGAH;7204;KAB. TOLI TOLI;720407;Baolan
72;SULAWESI TENGAH;7204;KAB. TOLI TOLI;720404;Basidondo
72;SULAWESI TENGAH;7204;KAB. TOLI TOLI;720410;Dako Pemean
72;SULAWESI TENGAH;7204;KAB. TOLI TOLI;720401;Dampal Selatan
72;SULAWESI TENGAH;7204;KAB. TOLI TOLI;720402;Dampal Utara
72;SULAWESI TENGAH;7204;KAB. TOLI TOLI;720403;Dondo
72;SULAWESI TENGAH;7204;KAB. TOLI TOLI;720408;Galang
72;SULAWESI TENGAH;7204;KAB. TOLI TOLI;720406;Lampasio
72;SULAWESI TENGAH;7204;KAB. TOLI TOLI;720405;Ogodeide
72;SULAWESI TENGAH;7204;KAB. TOLI TOLI;720409;Toli-Toli Utara
72;SULAWESI TENGAH;7271;KOTA PALU;727108;Mantikulore
72;SULAWESI TENGAH;7271;KOTA PALU;727102;Palu Barat
72;SULAWESI TENGAH;7271;KOTA PALU;727103;Palu Selatan
72;SULAWESI TENGAH;7271;KOTA PALU;727101;Palu Timur
72;SULAWESI TENGAH;7271;KOTA PALU;727104;Palu Utara
72;SULAWESI TENGAH;7271;KOTA PALU;727106;Tatanga
72;SULAWESI TENGAH;7271;KOTA PALU;727107;Tawaeli
72;SULAWESI TENGAH;7271;KOTA PALU;727105;Ulujadi
11;ACEH;1106;KAB. ACEH BESAR;110616;Kota Cot Glie
73;SULAWESI SELATAN;7303;KAB. BANTAENG;730302;Bantaeng
73;SULAWESI SELATAN;7303;KAB. BANTAENG;730301;Bissappu
73;SULAWESI SELATAN;7303;KAB. BANTAENG;730303;Eremerasa
73;SULAWESI SELATAN;7303;KAB. BANTAENG;730307;Gantarang Keke
73;SULAWESI SELATAN;7303;KAB. BANTAENG;730305;Pajukukang
73;SULAWESI SELATAN;7303;KAB. BANTAENG;730308;Sinoa
73;SULAWESI SELATAN;7303;KAB. BANTAENG;730304;Tompo Bulu
73;SULAWESI SELATAN;7303;KAB. BANTAENG;730306;Uluere
73;SULAWESI SELATAN;7311;KAB. BARRU;731107;Balusu
73;SULAWESI SELATAN;7311;KAB. BARRU;731103;Barru
73;SULAWESI SELATAN;7311;KAB. BARRU;731105;Mallusetasi
73;SULAWESI SELATAN;7311;KAB. BARRU;731106;Pujananting
73;SULAWESI SELATAN;7311;KAB. BARRU;731104;Soppeng Riaja
73;SULAWESI SELATAN;7311;KAB. BARRU;731101;Tanete Riaja
73;SULAWESI SELATAN;7311;KAB. BARRU;731102;Tanete Rilau
73;SULAWESI SELATAN;7308;KAB. BONE;730818;Ajangale
73;SULAWESI SELATAN;7308;KAB. BONE;730824;Amali
73;SULAWESI SELATAN;7308;KAB. BONE;730816;Awangpone
73;SULAWESI SELATAN;7308;KAB. BONE;730809;Barebbo
73;SULAWESI SELATAN;7308;KAB. BONE;730826;Bengo
73;SULAWESI SELATAN;7308;KAB. BONE;730801;Bontocani
73;SULAWESI SELATAN;7308;KAB. BONE;730820;Cenrana
73;SULAWESI SELATAN;7308;KAB. BONE;730810;Cina
73;SULAWESI SELATAN;7308;KAB. BONE;730819;Dua Boccoe
73;SULAWESI SELATAN;7308;KAB. BONE;730802;Kahu
73;SULAWESI SELATAN;7308;KAB. BONE;730803;Kajuara
73;SULAWESI SELATAN;7308;KAB. BONE;730813;Lamuru
73;SULAWESI SELATAN;7308;KAB. BONE;730812;Lappariaja
73;SULAWESI SELATAN;7308;KAB. BONE;730806;Libureng
73;SULAWESI SELATAN;7308;KAB. BONE;730807;Mare
73;SULAWESI SELATAN;7308;KAB. BONE;730815;Palakka
73;SULAWESI SELATAN;7308;KAB. BONE;730827;Patimpeng
73;SULAWESI SELATAN;7308;KAB. BONE;730811;Ponre
73;SULAWESI SELATAN;7308;KAB. BONE;730804;Salomekko
73;SULAWESI SELATAN;7308;KAB. BONE;730808;Sibulue
73;SULAWESI SELATAN;7308;KAB. BONE;730821;Tanete Riattang
73;SULAWESI SELATAN;7308;KAB. BONE;730822;Tanete Riattang Barat
73;SULAWESI SELATAN;7308;KAB. BONE;730823;Tanete Riattang Timur
73;SULAWESI SELATAN;7308;KAB. BONE;730817;Tellu Siattinge
73;SULAWESI SELATAN;7308;KAB. BONE;730825;Tellulimpoe
73;SULAWESI SELATAN;7308;KAB. BONE;730805;Tonra
73;SULAWESI SELATAN;7308;KAB. BONE;730814;Ulaweng
73;SULAWESI SELATAN;7302;KAB. BULUKUMBA;730203;Bonto Bahari
73;SULAWESI SELATAN;7302;KAB. BULUKUMBA;730204;Bonto Tiro
73;SULAWESI SELATAN;7302;KAB. BULUKUMBA;730207;Bulukumpa
73;SULAWESI SELATAN;7302;KAB. BULUKUMBA;730201;Gantorang
73;SULAWESI SELATAN;7302;KAB. BULUKUMBA;730205;Herlang
73;SULAWESI SELATAN;7302;KAB. BULUKUMBA;730206;Kajang
73;SULAWESI SELATAN;7302;KAB. BULUKUMBA;730208;Kindang
73;SULAWESI SELATAN;7302;KAB. BULUKUMBA;730210;Rilauale
73;SULAWESI SELATAN;7302;KAB. BULUKUMBA;730202;Ujung Bulu
73;SULAWESI SELATAN;7302;KAB. BULUKUMBA;730209;Ujungloe
73;SULAWESI SELATAN;7316;KAB. ENREKANG;731605;Alla
73;SULAWESI SELATAN;7316;KAB. ENREKANG;731604;Anggeraja
73;SULAWESI SELATAN;7316;KAB. ENREKANG;731603;Baraka
73;SULAWESI SELATAN;7316;KAB. ENREKANG;731612;Baroko
73;SULAWESI SELATAN;7316;KAB. ENREKANG;731606;Bungin
73;SULAWESI SELATAN;7316;KAB. ENREKANG;731610;Buntu Batu
73;SULAWESI SELATAN;7316;KAB. ENREKANG;731607;Cendana
73;SULAWESI SELATAN;7316;KAB. ENREKANG;731608;Curio
73;SULAWESI SELATAN;7316;KAB. ENREKANG;731602;Enrekang
73;SULAWESI SELATAN;7316;KAB. ENREKANG;731601;Maiwa
73;SULAWESI SELATAN;7316;KAB. ENREKANG;731609;Malua
73;SULAWESI SELATAN;7316;KAB. ENREKANG;731611;Masalle
73;SULAWESI SELATAN;7306;KAB. GOWA;730602;Bajeng
73;SULAWESI SELATAN;7306;KAB. GOWA;730618;Bajeng Barat
73;SULAWESI SELATAN;7306;KAB. GOWA;730612;Barombong
73;SULAWESI SELATAN;7306;KAB. GOWA;730611;Biringbulu
73;SULAWESI SELATAN;7306;KAB. GOWA;730615;Bontolempangang
73;SULAWESI SELATAN;7306;KAB. GOWA;730606;Bontomarannu
73;SULAWESI SELATAN;7306;KAB. GOWA;730601;Bontonompo
73;SULAWESI SELATAN;7306;KAB. GOWA;730616;Bontonompo Selatan
73;SULAWESI SELATAN;7306;KAB. GOWA;730609;Bungaya
73;SULAWESI SELATAN;7306;KAB. GOWA;730614;Manuju
73;SULAWESI SELATAN;7306;KAB. GOWA;730607;Palangga
73;SULAWESI SELATAN;7306;KAB. GOWA;730605;Parangloe
73;SULAWESI SELATAN;7306;KAB. GOWA;730617;Parigi
73;SULAWESI SELATAN;7306;KAB. GOWA;730613;Pattalasang
73;SULAWESI SELATAN;7306;KAB. GOWA;730608;Somba Upu
73;SULAWESI SELATAN;7306;KAB. GOWA;730604;Tinggimoncong
73;SULAWESI SELATAN;7306;KAB. GOWA;730610;Tombolopao
73;SULAWESI SELATAN;7306;KAB. GOWA;730603;Tompobullu
73;SULAWESI SELATAN;7304;KAB. JENEPONTO;730409;Arungkeke
73;SULAWESI SELATAN;7304;KAB. JENEPONTO;730401;Bangkala
73;SULAWESI SELATAN;7304;KAB. JENEPONTO;730406;Bangkala Barat
73;SULAWESI SELATAN;7304;KAB. JENEPONTO;730404;Batang
73;SULAWESI SELATAN;7304;KAB. JENEPONTO;730403;Binamu
73;SULAWESI SELATAN;7304;KAB. JENEPONTO;730407;Bontoramba
73;SULAWESI SELATAN;7304;KAB. JENEPONTO;730405;Kelara
73;SULAWESI SELATAN;7304;KAB. JENEPONTO;730410;Rumbia
73;SULAWESI SELATAN;7304;KAB. JENEPONTO;730402;Tamalatea
73;SULAWESI SELATAN;7304;KAB. JENEPONTO;730411;Tarowang
73;SULAWESI SELATAN;7304;KAB. JENEPONTO;730408;Turatea
73;SULAWESI SELATAN;7301;KAB. KEPULAUAN SELAYAR;730101;Benteng
73;SULAWESI SELATAN;7301;KAB. KEPULAUAN SELAYAR;730102;Bontoharu
73;SULAWESI SELATAN;7301;KAB. KEPULAUAN SELAYAR;730104;Bontomanai
73;SULAWESI SELATAN;7301;KAB. KEPULAUAN SELAYAR;730103;Bontomatene
73;SULAWESI SELATAN;7301;KAB. KEPULAUAN SELAYAR;730105;Bontosikuyu
73;SULAWESI SELATAN;7301;KAB. KEPULAUAN SELAYAR;730111;Buki
73;SULAWESI SELATAN;7301;KAB. KEPULAUAN SELAYAR;730109;Pasilambena
73;SULAWESI SELATAN;7301;KAB. KEPULAUAN SELAYAR;730107;Pasimarannu
73;SULAWESI SELATAN;7301;KAB. KEPULAUAN SELAYAR;730106;Pasimasunggu
73;SULAWESI SELATAN;7301;KAB. KEPULAUAN SELAYAR;730110;Pasimasunggu Timur
73;SULAWESI SELATAN;7301;KAB. KEPULAUAN SELAYAR;730108;Taka Bonerate
73;SULAWESI SELATAN;7317;KAB. LUWU;731704;Bajo
73;SULAWESI SELATAN;7317;KAB. LUWU;731720;Bajo Barat
73;SULAWESI SELATAN;7317;KAB. LUWU;731701;Basse Sangtempe
73;SULAWESI SELATAN;7317;KAB. LUWU;731722;Basse Sangtempe Utara
73;SULAWESI SELATAN;7317;KAB. LUWU;731707;Belopa
73;SULAWESI SELATAN;7317;KAB. LUWU;731714;Belopa Utara
73;SULAWESI SELATAN;7317;KAB. LUWU;731708;Bua
73;SULAWESI SELATAN;7317;KAB. LUWU;731705;Bua Ponrang
73;SULAWESI SELATAN;7317;KAB. LUWU;731713;Kamanre
73;SULAWESI SELATAN;7317;KAB. LUWU;731709;Lamasi
73;SULAWESI SELATAN;7317;KAB. LUWU;731718;Lamasi Timur
73;SULAWESI SELATAN;7317;KAB. LUWU;731702;Larompong
73;SULAWESI SELATAN;7317;KAB. LUWU;731710;Larompong Selatan
73;SULAWESI SELATAN;7317;KAB. LUWU;731712;Latimojong
73;SULAWESI SELATAN;7317;KAB. LUWU;731711;Ponrang
73;SULAWESI SELATAN;7317;KAB. LUWU;731721;Ponrang Selatan
73;SULAWESI SELATAN;7317;KAB. LUWU;731703;Suli
73;SULAWESI SELATAN;7317;KAB. LUWU;731719;Suli Barat
73;SULAWESI SELATAN;7317;KAB. LUWU;731706;Walenrang
73;SULAWESI SELATAN;7317;KAB. LUWU;731715;Walenrang Barat
73;SULAWESI SELATAN;7317;KAB. LUWU;731717;Walenrang Timur
73;SULAWESI SELATAN;7317;KAB. LUWU;731716;Walenrang Utara
73;SULAWESI SELATAN;7324;KAB. LUWU TIMUR;732405;Angkona
73;SULAWESI SELATAN;7324;KAB. LUWU TIMUR;732407;Burau
73;SULAWESI SELATAN;7324;KAB. LUWU TIMUR;732410;Kalaena
73;SULAWESI SELATAN;7324;KAB. LUWU TIMUR;732404;Malili
73;SULAWESI SELATAN;7324;KAB. LUWU TIMUR;732401;Mangkutana
73;SULAWESI SELATAN;7324;KAB. LUWU TIMUR;732402;Nuha
73;SULAWESI SELATAN;7324;KAB. LUWU TIMUR;732408;Tomoni
73;SULAWESI SELATAN;7324;KAB. LUWU TIMUR;732409;Tomoni Timur
73;SULAWESI SELATAN;7324;KAB. LUWU TIMUR;732403;Towuti
73;SULAWESI SELATAN;7324;KAB. LUWU TIMUR;732411;Wasuponda
73;SULAWESI SELATAN;7324;KAB. LUWU TIMUR;732406;Wotu
73;SULAWESI SELATAN;7322;KAB. LUWU UTARA;732211;Baebunta
73;SULAWESI SELATAN;7322;KAB. LUWU UTARA;732214;Baebunta Selatan
73;SULAWESI SELATAN;7322;KAB. LUWU UTARA;732202;Bone Bone
73;SULAWESI SELATAN;7322;KAB. LUWU UTARA;732205;Limbong
73;SULAWESI SELATAN;7322;KAB. LUWU UTARA;732201;Malangke
73;SULAWESI SELATAN;7322;KAB. LUWU UTARA;732208;Malangke Barat
73;SULAWESI SELATAN;7322;KAB. LUWU UTARA;732210;Mappedeceng
73;SULAWESI SELATAN;7322;KAB. LUWU UTARA;732203;Masamba
73;SULAWESI SELATAN;7322;KAB. LUWU UTARA;732209;Rampi
73;SULAWESI SELATAN;7322;KAB. LUWU UTARA;732204;Sabbang
73;SULAWESI SELATAN;7322;KAB. LUWU UTARA;732215;Sabbang Selatan
73;SULAWESI SELATAN;7322;KAB. LUWU UTARA;732207;Seko
73;SULAWESI SELATAN;7322;KAB. LUWU UTARA;732206;Sukamaju
73;SULAWESI SELATAN;7322;KAB. LUWU UTARA;732213;Sukamaju Selatan
73;SULAWESI SELATAN;7322;KAB. LUWU UTARA;732212;Tana Lili
73;SULAWESI SELATAN;7309;KAB. MAROS;730903;Bantimurung
73;SULAWESI SELATAN;7309;KAB. MAROS;730905;Bontoa
73;SULAWESI SELATAN;7309;KAB. MAROS;730902;Camba
73;SULAWESI SELATAN;7309;KAB. MAROS;730910;Cenrana
73;SULAWESI SELATAN;7309;KAB. MAROS;730912;Lau
73;SULAWESI SELATAN;7309;KAB. MAROS;730906;Malllawa
73;SULAWESI SELATAN;7309;KAB. MAROS;730901;Mandai
73;SULAWESI SELATAN;7309;KAB. MAROS;730904;Maros Baru
73;SULAWESI SELATAN;7309;KAB. MAROS;730908;Marusu
73;SULAWESI SELATAN;7309;KAB. MAROS;730913;Moncong Loe
73;SULAWESI SELATAN;7309;KAB. MAROS;730909;Simbang
73;SULAWESI SELATAN;7309;KAB. MAROS;730907;Tanralili
73;SULAWESI SELATAN;7309;KAB. MAROS;730911;Tompobulu
73;SULAWESI SELATAN;7309;KAB. MAROS;730914;Turikale
73;SULAWESI SELATAN;7310;KAB. PANGKAJENE KEPULAUAN;731005;Balocci
73;SULAWESI SELATAN;7310;KAB. PANGKAJENE KEPULAUAN;731006;Bungoro
73;SULAWESI SELATAN;7310;KAB. PANGKAJENE KEPULAUAN;731007;Labakkang
73;SULAWESI SELATAN;7310;KAB. PANGKAJENE KEPULAUAN;731002;Liukang Kalmas
73;SULAWESI SELATAN;7310;KAB. PANGKAJENE KEPULAUAN;731001;Liukang Tangaya
73;SULAWESI SELATAN;7310;KAB. PANGKAJENE KEPULAUAN;731003;Liukang Tupabbiring
73;SULAWESI SELATAN;7310;KAB. PANGKAJENE KEPULAUAN;731013;Liukang Tupabbiring Utara
73;SULAWESI SELATAN;7310;KAB. PANGKAJENE KEPULAUAN;731011;Mandalle
73;SULAWESI SELATAN;7310;KAB. PANGKAJENE KEPULAUAN;731008;Marang
73;SULAWESI SELATAN;7310;KAB. PANGKAJENE KEPULAUAN;731010;Minasa Tene
73;SULAWESI SELATAN;7310;KAB. PANGKAJENE KEPULAUAN;731004;Pangkajene
73;SULAWESI SELATAN;7310;KAB. PANGKAJENE KEPULAUAN;731009;Segeri
73;SULAWESI SELATAN;7310;KAB. PANGKAJENE KEPULAUAN;731012;Tondong Tallasa
73;SULAWESI SELATAN;7315;KAB. PINRANG;731512;Batu Lappa
73;SULAWESI SELATAN;7315;KAB. PINRANG;731508;Cempa
73;SULAWESI SELATAN;7315;KAB. PINRANG;731506;Duampanua
73;SULAWESI SELATAN;7315;KAB. PINRANG;731510;Lanrisang
73;SULAWESI SELATAN;7315;KAB. PINRANG;731507;Lembang
73;SULAWESI SELATAN;7315;KAB. PINRANG;731501;Matirro Sompe
73;SULAWESI SELATAN;7315;KAB. PINRANG;731503;Mattiro Bulu
73;SULAWESI SELATAN;7315;KAB. PINRANG;731511;Paleteang
73;SULAWESI SELATAN;7315;KAB. PINRANG;731505;Patampanua
73;SULAWESI SELATAN;7315;KAB. PINRANG;731502;Suppa
73;SULAWESI SELATAN;7315;KAB. PINRANG;731509;Tiroang
73;SULAWESI SELATAN;7315;KAB. PINRANG;731504;Watang Sawito
73;SULAWESI SELATAN;7314;KAB. SIDENRENG RAPPANG;731404;Baranti
73;SULAWESI SELATAN;7314;KAB. SIDENRENG RAPPANG;731409;Dua Pitue
73;SULAWESI SELATAN;7314;KAB. SIDENRENG RAPPANG;731406;Kulo
73;SULAWESI SELATAN;7314;KAB. SIDENRENG RAPPANG;731407;Maritengngae
73;SULAWESI SELATAN;7314;KAB. SIDENRENG RAPPANG;731401;Panca Lautang
73;SULAWESI SELATAN;7314;KAB. SIDENRENG RAPPANG;731405;Panca Rijang
73;SULAWESI SELATAN;7314;KAB. SIDENRENG RAPPANG;731411;Pitu Riase
73;SULAWESI SELATAN;7314;KAB. SIDENRENG RAPPANG;731410;Pitu Riawa
73;SULAWESI SELATAN;7314;KAB. SIDENRENG RAPPANG;731402;Tellu Limpoe
73;SULAWESI SELATAN;7314;KAB. SIDENRENG RAPPANG;731403;Watang Pulu
73;SULAWESI SELATAN;7314;KAB. SIDENRENG RAPPANG;731408;Watang Sidenreng
73;SULAWESI SELATAN;7307;KAB. SINJAI;730706;Bulupoddo
73;SULAWESI SELATAN;7307;KAB. SINJAI;730709;Pulau Sembilan
73;SULAWESI SELATAN;7307;KAB. SINJAI;730701;Sinjai Barat
73;SULAWESI SELATAN;7307;KAB. SINJAI;730707;Sinjai Borong
73;SULAWESI SELATAN;7307;KAB. SINJAI;730702;Sinjai Selatan
73;SULAWESI SELATAN;7307;KAB. SINJAI;730704;Sinjai Tengah
73;SULAWESI SELATAN;7307;KAB. SINJAI;730703;Sinjai Timur
73;SULAWESI SELATAN;7307;KAB. SINJAI;730705;Sinjai Utara
73;SULAWESI SELATAN;7307;KAB. SINJAI;730708;Tellu Limpoe
73;SULAWESI SELATAN;7312;KAB. SOPPENG;731208;Citta
73;SULAWESI SELATAN;7312;KAB. SOPPENG;731206;Donri Donri
73;SULAWESI SELATAN;7312;KAB. SOPPENG;731207;Ganra
73;SULAWESI SELATAN;7312;KAB. SOPPENG;731204;Lalabata
73;SULAWESI SELATAN;7312;KAB. SOPPENG;731202;Liliraja
73;SULAWESI SELATAN;7312;KAB. SOPPENG;731203;Lilirilau
73;SULAWESI SELATAN;7312;KAB. SOPPENG;731205;Marioriawa
73;SULAWESI SELATAN;7312;KAB. SOPPENG;731201;Marioriwawo
73;SULAWESI SELATAN;7305;KAB. TAKALAR;730509;Galesong
73;SULAWESI SELATAN;7305;KAB. TAKALAR;730505;Galesong Selatan
73;SULAWESI SELATAN;7305;KAB. TAKALAR;730506;Galesong Utara
73;SULAWESI SELATAN;7305;KAB. TAKALAR;730510;Kepulauan Tanakeke
73;SULAWESI SELATAN;7305;KAB. TAKALAR;730512;Laikang
73;SULAWESI SELATAN;7305;KAB. TAKALAR;730502;Mangarabombang
73;SULAWESI SELATAN;7305;KAB. TAKALAR;730501;Mappakasunggu
73;SULAWESI SELATAN;7305;KAB. TAKALAR;730507;Pattallassang
73;SULAWESI SELATAN;7305;KAB. TAKALAR;730503;Polombangkeng Selatan
73;SULAWESI SELATAN;7305;KAB. TAKALAR;730504;Polombangkeng Utara
73;SULAWESI SELATAN;7305;KAB. TAKALAR;730511;Polongbangkeng Timur
73;SULAWESI SELATAN;7305;KAB. TAKALAR;730508;Sanrobone
73;SULAWESI SELATAN;7318;KAB. TANA TORAJA;731802;Bittuang
73;SULAWESI SELATAN;7318;KAB. TANA TORAJA;731803;Bonggakaradeng
73;SULAWESI SELATAN;7318;KAB. TANA TORAJA;731819;Gandangbatu Sillanan
73;SULAWESI SELATAN;7318;KAB. TANA TORAJA;731838;Kurra
73;SULAWESI SELATAN;7318;KAB. TANA TORAJA;731805;Makale
73;SULAWESI SELATAN;7318;KAB. TANA TORAJA;731829;Makale Selatan
73;SULAWESI SELATAN;7318;KAB. TANA TORAJA;731827;Makale Utara
73;SULAWESI SELATAN;7318;KAB. TANA TORAJA;731835;Malimbong Balepe
73;SULAWESI SELATAN;7318;KAB. TANA TORAJA;731828;Mappak
73;SULAWESI SELATAN;7318;KAB. TANA TORAJA;731831;Masanda
73;SULAWESI SELATAN;7318;KAB. TANA TORAJA;731812;Mengkendek
73;SULAWESI SELATAN;7318;KAB. TANA TORAJA;731837;Rano
73;SULAWESI SELATAN;7318;KAB. TANA TORAJA;731811;Rantetayo
73;SULAWESI SELATAN;7318;KAB. TANA TORAJA;731820;Rembon
73;SULAWESI SELATAN;7318;KAB. TANA TORAJA;731801;Saluputi
73;SULAWESI SELATAN;7318;KAB. TANA TORAJA;731813;Sangalla
73;SULAWESI SELATAN;7318;KAB. TANA TORAJA;731833;Sangalla Selatan
73;SULAWESI SELATAN;7318;KAB. TANA TORAJA;731834;Sangalla Utara
73;SULAWESI SELATAN;7318;KAB. TANA TORAJA;731809;Simbuang
73;SULAWESI SELATAN;7326;KAB. TORAJA UTARA;732621;Awan Rante Karua
73;SULAWESI SELATAN;7326;KAB. TORAJA UTARA;732610;Balusu
73;SULAWESI SELATAN;7326;KAB. TORAJA UTARA;732617;Bangkelekila
73;SULAWESI SELATAN;7326;KAB. TORAJA UTARA;732614;Baruppu
73;SULAWESI SELATAN;7326;KAB. TORAJA UTARA;732605;Buntao
73;SULAWESI SELATAN;7326;KAB. TORAJA UTARA;732613;Buntu Pepasan
73;SULAWESI SELATAN;7326;KAB. TORAJA UTARA;732612;Dende' Piongan Napo
73;SULAWESI SELATAN;7326;KAB. TORAJA UTARA;732620;Kapala Pitu
73;SULAWESI SELATAN;7326;KAB. TORAJA UTARA;732615;Kesu
73;SULAWESI SELATAN;7326;KAB. TORAJA UTARA;732603;Nanggala
73;SULAWESI SELATAN;7326;KAB. TORAJA UTARA;732618;Rantebua
73;SULAWESI SELATAN;7326;KAB. TORAJA UTARA;732601;Rantepao
73;SULAWESI SELATAN;7326;KAB. TORAJA UTARA;732604;Rindingallo
73;SULAWESI SELATAN;7326;KAB. TORAJA UTARA;732606;Sa'dan
73;SULAWESI SELATAN;7326;KAB. TORAJA UTARA;732607;Sanggalangi
73;SULAWESI SELATAN;7326;KAB. TORAJA UTARA;732602;Sesean
73;SULAWESI SELATAN;7326;KAB. TORAJA UTARA;732619;Sesean Suloara
73;SULAWESI SELATAN;7326;KAB. TORAJA UTARA;732608;Sopai
73;SULAWESI SELATAN;7326;KAB. TORAJA UTARA;732611;Tallunglipu
73;SULAWESI SELATAN;7326;KAB. TORAJA UTARA;732609;Tikala
73;SULAWESI SELATAN;7326;KAB. TORAJA UTARA;732616;Tondon
73;SULAWESI SELATAN;7313;KAB. WAJO;731307;Belawa
73;SULAWESI SELATAN;7313;KAB. WAJO;731311;Bola
73;SULAWESI SELATAN;7313;KAB. WAJO;731313;Gilireng
73;SULAWESI SELATAN;7313;KAB. WAJO;731314;Keera
73;SULAWESI SELATAN;7313;KAB. WAJO;731305;Majauleng
73;SULAWESI SELATAN;7313;KAB. WAJO;731309;Maniangpajo
73;SULAWESI SELATAN;7313;KAB. WAJO;731302;Pammana
73;SULAWESI SELATAN;7313;KAB. WAJO;731312;Penrang
73;SULAWESI SELATAN;7313;KAB. WAJO;731310;Pitumpanua
73;SULAWESI SELATAN;7313;KAB. WAJO;731301;Sabangparu
73;SULAWESI SELATAN;7313;KAB. WAJO;731304;Sajoanging
73;SULAWESI SELATAN;7313;KAB. WAJO;731303;Takkalalla
73;SULAWESI SELATAN;7313;KAB. WAJO;731308;Tanasitolo
73;SULAWESI SELATAN;7313;KAB. WAJO;731306;Tempe
73;SULAWESI SELATAN;7371;KOTA MAKASSAR;737111;Biringkanaya
73;SULAWESI SELATAN;7371;KOTA MAKASSAR;737106;Bontoala
73;SULAWESI SELATAN;7371;KOTA MAKASSAR;737115;Kepulauan Sangkarrang
73;SULAWESI SELATAN;7371;KOTA MAKASSAR;737103;Makassar
73;SULAWESI SELATAN;7371;KOTA MAKASSAR;737102;Mamajang
73;SULAWESI SELATAN;7371;KOTA MAKASSAR;737112;Manggala
73;SULAWESI SELATAN;7371;KOTA MAKASSAR;737101;Mariso
73;SULAWESI SELATAN;7371;KOTA MAKASSAR;737109;Panakkukang
73;SULAWESI SELATAN;7371;KOTA MAKASSAR;737113;Rappocini
73;SULAWESI SELATAN;7371;KOTA MAKASSAR;737107;Tallo
73;SULAWESI SELATAN;7371;KOTA MAKASSAR;737114;Tamalanrea
73;SULAWESI SELATAN;7371;KOTA MAKASSAR;737110;Tamalate
73;SULAWESI SELATAN;7371;KOTA MAKASSAR;737104;Ujung Pandang
73;SULAWESI SELATAN;7371;KOTA MAKASSAR;737108;Ujung Tanah
73;SULAWESI SELATAN;7371;KOTA MAKASSAR;737105;Wajo
73;SULAWESI SELATAN;7373;KOTA PALOPO;737309;Bara
73;SULAWESI SELATAN;7373;KOTA PALOPO;737308;Mungkajang
73;SULAWESI SELATAN;7373;KOTA PALOPO;737307;Sendana
73;SULAWESI SELATAN;7373;KOTA PALOPO;737304;Telluwanua
73;SULAWESI SELATAN;7373;KOTA PALOPO;737301;Wara
73;SULAWESI SELATAN;7373;KOTA PALOPO;737306;Wara Barat
73;SULAWESI SELATAN;7373;KOTA PALOPO;737303;Wara Selatan
73;SULAWESI SELATAN;7373;KOTA PALOPO;737305;Wara Timur
73;SULAWESI SELATAN;7373;KOTA PALOPO;737302;Wara Utara
73;SULAWESI SELATAN;7372;KOTA PARE PARE;737201;Bacukiki
73;SULAWESI SELATAN;7372;KOTA PARE PARE;737204;Bacukiki Barat
73;SULAWESI SELATAN;7372;KOTA PARE PARE;737203;Soreang
73;SULAWESI SELATAN;7372;KOTA PARE PARE;737202;Ujung
62;KALIMANTAN TENGAH;6204;KAB. BARITO SELATAN;620402;Dusun Hilir
62;KALIMANTAN TENGAH;6204;KAB. BARITO SELATAN;620406;Dusun Selatan
62;KALIMANTAN TENGAH;6204;KAB. BARITO SELATAN;620404;Dusun Utara
62;KALIMANTAN TENGAH;6204;KAB. BARITO SELATAN;620405;Gn. Bintang Awai
62;KALIMANTAN TENGAH;6204;KAB. BARITO SELATAN;620401;Jenamas
62;KALIMANTAN TENGAH;6204;KAB. BARITO SELATAN;620403;Karau Kuala
62;KALIMANTAN TENGAH;6213;KAB. BARITO TIMUR;621304;Awang
62;KALIMANTAN TENGAH;6213;KAB. BARITO TIMUR;621302;Banua Lima
62;KALIMANTAN TENGAH;6213;KAB. BARITO TIMUR;621305;Dusun Tengah
62;KALIMANTAN TENGAH;6213;KAB. BARITO TIMUR;621301;Dusun Timur
62;KALIMANTAN TENGAH;6213;KAB. BARITO TIMUR;621310;Karusen Janang
62;KALIMANTAN TENGAH;6213;KAB. BARITO TIMUR;621307;Paju Epat
62;KALIMANTAN TENGAH;6213;KAB. BARITO TIMUR;621309;Paku
62;KALIMANTAN TENGAH;6213;KAB. BARITO TIMUR;621303;Patangkep Tutui
62;KALIMANTAN TENGAH;6213;KAB. BARITO TIMUR;621306;Pematang Karau
62;KALIMANTAN TENGAH;6213;KAB. BARITO TIMUR;621308;Raren Batuah
62;KALIMANTAN TENGAH;6205;KAB. BARITO UTARA;620503;Gunung Purei
62;KALIMANTAN TENGAH;6205;KAB. BARITO UTARA;620502;Gunung Timang
62;KALIMANTAN TENGAH;6205;KAB. BARITO UTARA;620506;Lahei
62;KALIMANTAN TENGAH;6205;KAB. BARITO UTARA;620509;Lahei Barat
62;KALIMANTAN TENGAH;6205;KAB. BARITO UTARA;620501;Montallat
62;KALIMANTAN TENGAH;6205;KAB. BARITO UTARA;620507;Teweh Baru
62;KALIMANTAN TENGAH;6205;KAB. BARITO UTARA;620508;Teweh Selatan
62;KALIMANTAN TENGAH;6205;KAB. BARITO UTARA;620505;Teweh Tengah
62;KALIMANTAN TENGAH;6205;KAB. BARITO UTARA;620504;Teweh Timur
62;KALIMANTAN TENGAH;6210;KAB. GUNUNG MAS;621008;Damang Batu
62;KALIMANTAN TENGAH;6210;KAB. GUNUNG MAS;621004;Kahayan Hulu Utara
62;KALIMANTAN TENGAH;6210;KAB. GUNUNG MAS;621002;Kurun
62;KALIMANTAN TENGAH;6210;KAB. GUNUNG MAS;621006;Manuhing
62;KALIMANTAN TENGAH;6210;KAB. GUNUNG MAS;621011;Manuhing Raya
62;KALIMANTAN TENGAH;6210;KAB. GUNUNG MAS;621007;Mihing Raya
62;KALIMANTAN TENGAH;6210;KAB. GUNUNG MAS;621009;Miri Manasa
62;KALIMANTAN TENGAH;6210;KAB. GUNUNG MAS;621005;Rungan
62;KALIMANTAN TENGAH;6210;KAB. GUNUNG MAS;621012;Rungan Barat
62;KALIMANTAN TENGAH;6210;KAB. GUNUNG MAS;621010;Rungan Hulu
62;KALIMANTAN TENGAH;6210;KAB. GUNUNG MAS;621001;Sepang
62;KALIMANTAN TENGAH;6210;KAB. GUNUNG MAS;621003;Tewah
62;KALIMANTAN TENGAH;6203;KAB. KAPUAS;620308;Basarang
62;KALIMANTAN TENGAH;6203;KAB. KAPUAS;620317;Bataguh
62;KALIMANTAN TENGAH;6203;KAB. KAPUAS;620316;Dadahup
62;KALIMANTAN TENGAH;6203;KAB. KAPUAS;620305;Kapuas Barat
62;KALIMANTAN TENGAH;6203;KAB. KAPUAS;620302;Kapuas Hilir
62;KALIMANTAN TENGAH;6203;KAB. KAPUAS;620312;Kapuas Hulu
62;KALIMANTAN TENGAH;6203;KAB. KAPUAS;620304;Kapuas Kuala
62;KALIMANTAN TENGAH;6203;KAB. KAPUAS;620307;Kapuas Murung
62;KALIMANTAN TENGAH;6203;KAB. KAPUAS;620311;Kapuas Tengah
62;KALIMANTAN TENGAH;6203;KAB. KAPUAS;620303;Kapuas Timur
62;KALIMANTAN TENGAH;6203;KAB. KAPUAS;620315;Mandau Talawang
62;KALIMANTAN TENGAH;6203;KAB. KAPUAS;620309;Mantangai
62;KALIMANTAN TENGAH;6203;KAB. KAPUAS;620314;Pasak Talawang
62;KALIMANTAN TENGAH;6203;KAB. KAPUAS;620306;Pulau Petak
62;KALIMANTAN TENGAH;6203;KAB. KAPUAS;620301;Selat
62;KALIMANTAN TENGAH;6203;KAB. KAPUAS;620313;Tamban Catur
62;KALIMANTAN TENGAH;6203;KAB. KAPUAS;620310;Timpah
62;KALIMANTAN TENGAH;6206;KAB. KATINGAN;620613;Bukit Raya
62;KALIMANTAN TENGAH;6206;KAB. KATINGAN;620601;Kamipang
62;KALIMANTAN TENGAH;6206;KAB. KATINGAN;620602;Katingan Hilir
62;KALIMANTAN TENGAH;6206;KAB. KATINGAN;620608;Katingan Hulu
62;KALIMANTAN TENGAH;6206;KAB. KATINGAN;620610;Katingan Kuala
62;KALIMANTAN TENGAH;6206;KAB. KATINGAN;620605;Katingan Tengah
62;KALIMANTAN TENGAH;6206;KAB. KATINGAN;620607;Marikit
62;KALIMANTAN TENGAH;6206;KAB. KATINGAN;620609;Mendawai
62;KALIMANTAN TENGAH;6206;KAB. KATINGAN;620612;Petak Malai
62;KALIMANTAN TENGAH;6206;KAB. KATINGAN;620604;Pulau Malan
62;KALIMANTAN TENGAH;6206;KAB. KATINGAN;620606;Sanaman Mantikei
62;KALIMANTAN TENGAH;6206;KAB. KATINGAN;620611;Tasik Payawan
62;KALIMANTAN TENGAH;6206;KAB. KATINGAN;620603;Tewang Sangalang Garing
62;KALIMANTAN TENGAH;6201;KAB. KOTAWARINGIN BARAT;620102;Arut Selatan
62;KALIMANTAN TENGAH;6201;KAB. KOTAWARINGIN BARAT;620104;Arut Utara
62;KALIMANTAN TENGAH;6201;KAB. KOTAWARINGIN BARAT;620103;Kotawaringin Lama
62;KALIMANTAN TENGAH;6201;KAB. KOTAWARINGIN BARAT;620101;Kumai
62;KALIMANTAN TENGAH;6201;KAB. KOTAWARINGIN BARAT;620106;Pangkalan Banteng
62;KALIMANTAN TENGAH;6201;KAB. KOTAWARINGIN BARAT;620105;Pangkalan Lada
62;KALIMANTAN TENGAH;6202;KAB. KOTAWARINGIN TIMUR;620210;Antang Kalang
62;KALIMANTAN TENGAH;6202;KAB. KOTAWARINGIN TIMUR;620205;Baamang
62;KALIMANTAN TENGAH;6202;KAB. KOTAWARINGIN TIMUR;620215;Bukit Santuai
62;KALIMANTAN TENGAH;6202;KAB. KOTAWARINGIN TIMUR;620202;Cempaga
62;KALIMANTAN TENGAH;6202;KAB. KOTAWARINGIN TIMUR;620213;Cempaga Hulu
62;KALIMANTAN TENGAH;6202;KAB. KOTAWARINGIN TIMUR;620201;Kota Besi
62;KALIMANTAN TENGAH;6202;KAB. KOTAWARINGIN TIMUR;620206;Mentawa Baru Ketapang
62;KALIMANTAN TENGAH;6202;KAB. KOTAWARINGIN TIMUR;620208;Mentaya Hilir Selatan
62;KALIMANTAN TENGAH;6202;KAB. KOTAWARINGIN TIMUR;620207;Mentaya Hilir Utara
62;KALIMANTAN TENGAH;6202;KAB. KOTAWARINGIN TIMUR;620203;Mentaya Hulu
62;KALIMANTAN TENGAH;6202;KAB. KOTAWARINGIN TIMUR;620204;Parenggean
62;KALIMANTAN TENGAH;6202;KAB. KOTAWARINGIN TIMUR;620209;Pulau Hanaut
62;KALIMANTAN TENGAH;6202;KAB. KOTAWARINGIN TIMUR;620212;Seranau
62;KALIMANTAN TENGAH;6202;KAB. KOTAWARINGIN TIMUR;620217;Telaga Antang
62;KALIMANTAN TENGAH;6202;KAB. KOTAWARINGIN TIMUR;620214;Telawang
62;KALIMANTAN TENGAH;6202;KAB. KOTAWARINGIN TIMUR;620211;Teluk Sampit
62;KALIMANTAN TENGAH;6202;KAB. KOTAWARINGIN TIMUR;620216;Tualan Hulu
62;KALIMANTAN TENGAH;6209;KAB. LAMANDAU;620908;Batang Kawa
62;KALIMANTAN TENGAH;6209;KAB. LAMANDAU;620907;Belantikan Raya
62;KALIMANTAN TENGAH;6209;KAB. LAMANDAU;620903;Bulik
62;KALIMANTAN TENGAH;6209;KAB. LAMANDAU;620904;Bulik Timur
62;KALIMANTAN TENGAH;6209;KAB. LAMANDAU;620902;Delang
62;KALIMANTAN TENGAH;6209;KAB. LAMANDAU;620901;Lamandau
62;KALIMANTAN TENGAH;6209;KAB. LAMANDAU;620905;Menthobi Raya
62;KALIMANTAN TENGAH;6209;KAB. LAMANDAU;620906;Sematu Jaya
62;KALIMANTAN TENGAH;6212;KAB. MURUNG RAYA;621206;Barito Tuhup Raya
62;KALIMANTAN TENGAH;6212;KAB. MURUNG RAYA;621203;Laung Tuhup
62;KALIMANTAN TENGAH;6212;KAB. MURUNG RAYA;621201;Murung
62;KALIMANTAN TENGAH;6212;KAB. MURUNG RAYA;621204;Permata Intan
62;KALIMANTAN TENGAH;6212;KAB. MURUNG RAYA;621209;Seribu Riam
62;KALIMANTAN TENGAH;6212;KAB. MURUNG RAYA;621205;Sumber Barito
62;KALIMANTAN TENGAH;6212;KAB. MURUNG RAYA;621208;Sungai Babuat
62;KALIMANTAN TENGAH;6212;KAB. MURUNG RAYA;621202;Tanah Siang
62;KALIMANTAN TENGAH;6212;KAB. MURUNG RAYA;621207;Tanah Siang Selatan
62;KALIMANTAN TENGAH;6212;KAB. MURUNG RAYA;621210;Uut Murung
62;KALIMANTAN TENGAH;6211;KAB. PULANG PISAU;621104;Banama Tingang
62;KALIMANTAN TENGAH;6211;KAB. PULANG PISAU;621107;Jabiren
62;KALIMANTAN TENGAH;6211;KAB. PULANG PISAU;621105;Kahayan Hilir
62;KALIMANTAN TENGAH;6211;KAB. PULANG PISAU;621102;Kahayan Kuala
62;KALIMANTAN TENGAH;6211;KAB. PULANG PISAU;621103;Kahayan Tengah
62;KALIMANTAN TENGAH;6211;KAB. PULANG PISAU;621106;Maliku
62;KALIMANTAN TENGAH;6211;KAB. PULANG PISAU;621101;Pandih Batu
62;KALIMANTAN TENGAH;6211;KAB. PULANG PISAU;621108;Sebangau Kuala
62;KALIMANTAN TENGAH;6207;KAB. SERUYAN;620709;Batu Ampar
62;KALIMANTAN TENGAH;6207;KAB. SERUYAN;620708;Danau Seluluk
62;KALIMANTAN TENGAH;6207;KAB. SERUYAN;620703;Danau Sembuluh
62;KALIMANTAN TENGAH;6207;KAB. SERUYAN;620704;Hanau
62;KALIMANTAN TENGAH;6207;KAB. SERUYAN;620701;Seruyan Hilir
62;KALIMANTAN TENGAH;6207;KAB. SERUYAN;620706;Seruyan Hilir Timur
62;KALIMANTAN TENGAH;6207;KAB. SERUYAN;620705;Seruyan Hulu
62;KALIMANTAN TENGAH;6207;KAB. SERUYAN;620707;Seruyan Raya
62;KALIMANTAN TENGAH;6207;KAB. SERUYAN;620702;Seruyan Tengah
62;KALIMANTAN TENGAH;6207;KAB. SERUYAN;620710;Suling Tambun
62;KALIMANTAN TENGAH;6208;KAB. SUKAMARA;620803;Balai Riam
62;KALIMANTAN TENGAH;6208;KAB. SUKAMARA;620802;Jelai
62;KALIMANTAN TENGAH;6208;KAB. SUKAMARA;620804;Pantai Lunci
62;KALIMANTAN TENGAH;6208;KAB. SUKAMARA;620805;Permata Kecubung
62;KALIMANTAN TENGAH;6208;KAB. SUKAMARA;620801;Sukamara
62;KALIMANTAN TENGAH;6271;KOTA PALANGKA RAYA;627102;Bukit Batu
62;KALIMANTAN TENGAH;6271;KOTA PALANGKA RAYA;627103;Jekan Raya
62;KALIMANTAN TENGAH;6271;KOTA PALANGKA RAYA;627101;Pahandut
62;KALIMANTAN TENGAH;6271;KOTA PALANGKA RAYA;627105;Rakumpit
62;KALIMANTAN TENGAH;6271;KOTA PALANGKA RAYA;627104;Sabangau
63;KALIMANTAN SELATAN;6311;KAB. BALANGAN;631103;Awayan
63;KALIMANTAN SELATAN;6311;KAB. BALANGAN;631104;Batu Mandi
63;KALIMANTAN SELATAN;6311;KAB. BALANGAN;631102;Halong
63;KALIMANTAN SELATAN;6311;KAB. BALANGAN;631101;Juai
63;KALIMANTAN SELATAN;6311;KAB. BALANGAN;631105;Lampihong
63;KALIMANTAN SELATAN;6311;KAB. BALANGAN;631106;Paringin
63;KALIMANTAN SELATAN;6311;KAB. BALANGAN;631107;Paringin Selatan
63;KALIMANTAN SELATAN;6311;KAB. BALANGAN;631108;Tebing Tinggi
63;KALIMANTAN SELATAN;6303;KAB. BANJAR;630301;Aluh Aluh
63;KALIMANTAN SELATAN;6303;KAB. BANJAR;630311;Aranio
63;KALIMANTAN SELATAN;6303;KAB. BANJAR;630307;Astambul
63;KALIMANTAN SELATAN;6303;KAB. BANJAR;630313;Beruntung Baru
63;KALIMANTAN SELATAN;6303;KAB. BANJAR;630320;Cintapuri Darussalam
63;KALIMANTAN SELATAN;6303;KAB. BANJAR;630303;Gambut
63;KALIMANTAN SELATAN;6303;KAB. BANJAR;630306;Karang Intan
63;KALIMANTAN SELATAN;6303;KAB. BANJAR;630302;Kertak Hanyar
63;KALIMANTAN SELATAN;6303;KAB. BANJAR;630305;Martapura
63;KALIMANTAN SELATAN;6303;KAB. BANJAR;630314;Martapura Barat
63;KALIMANTAN SELATAN;6303;KAB. BANJAR;630315;Martapura Timur
63;KALIMANTAN SELATAN;6303;KAB. BANJAR;630312;Mataraman
63;KALIMANTAN SELATAN;6303;KAB. BANJAR;630317;Paramasan
63;KALIMANTAN SELATAN;6303;KAB. BANJAR;630309;Pengarom
63;KALIMANTAN SELATAN;6303;KAB. BANJAR;630316;Sambung Makmur
63;KALIMANTAN SELATAN;6303;KAB. BANJAR;630308;Simpang Empat
63;KALIMANTAN SELATAN;6303;KAB. BANJAR;630310;Sungai Pinang
63;KALIMANTAN SELATAN;6303;KAB. BANJAR;630304;Sungai Tabuk
63;KALIMANTAN SELATAN;6303;KAB. BANJAR;630319;Tatah Makmur
63;KALIMANTAN SELATAN;6303;KAB. BANJAR;630318;Telaga Bauntung
63;KALIMANTAN SELATAN;6304;KAB. BARITO KUALA;630405;Alalak
63;KALIMANTAN SELATAN;6304;KAB. BARITO KUALA;630404;Anjir Muara
63;KALIMANTAN SELATAN;6304;KAB. BARITO KUALA;630403;Anjir Pasar
63;KALIMANTAN SELATAN;6304;KAB. BARITO KUALA;630410;Bakumpai
63;KALIMANTAN SELATAN;6304;KAB. BARITO KUALA;630414;Barambai
63;KALIMANTAN SELATAN;6304;KAB. BARITO KUALA;630408;Belawang
63;KALIMANTAN SELATAN;6304;KAB. BARITO KUALA;630409;Cerbon
63;KALIMANTAN SELATAN;6304;KAB. BARITO KUALA;630417;Jejangkit
63;KALIMANTAN SELATAN;6304;KAB. BARITO KUALA;630411;Kuripan
63;KALIMANTAN SELATAN;6304;KAB. BARITO KUALA;630406;Mandastana
63;KALIMANTAN SELATAN;6304;KAB. BARITO KUALA;630415;Marabahan
63;KALIMANTAN SELATAN;6304;KAB. BARITO KUALA;630413;Mekarsari
63;KALIMANTAN SELATAN;6304;KAB. BARITO KUALA;630407;Rantau Badauh
63;KALIMANTAN SELATAN;6304;KAB. BARITO KUALA;630412;Tabukan
63;KALIMANTAN SELATAN;6304;KAB. BARITO KUALA;630401;Tabunganen
63;KALIMANTAN SELATAN;6304;KAB. BARITO KUALA;630402;Tamban
63;KALIMANTAN SELATAN;6304;KAB. BARITO KUALA;630416;Wanaraya
63;KALIMANTAN SELATAN;6306;KAB. HULU SUNGAI SELATAN;630604;Angkinang
63;KALIMANTAN SELATAN;6306;KAB. HULU SUNGAI SELATAN;630611;Daha Barat
63;KALIMANTAN SELATAN;6306;KAB. HULU SUNGAI SELATAN;630607;Daha Selatan
63;KALIMANTAN SELATAN;6306;KAB. HULU SUNGAI SELATAN;630608;Daha Utara
63;KALIMANTAN SELATAN;6306;KAB. HULU SUNGAI SELATAN;630609;Kalumpang
63;KALIMANTAN SELATAN;6306;KAB. HULU SUNGAI SELATAN;630605;Kandangan
63;KALIMANTAN SELATAN;6306;KAB. HULU SUNGAI SELATAN;630610;Loksado
63;KALIMANTAN SELATAN;6306;KAB. HULU SUNGAI SELATAN;630602;Padang Batung
63;KALIMANTAN SELATAN;6306;KAB. HULU SUNGAI SELATAN;630606;Simpur
63;KALIMANTAN SELATAN;6306;KAB. HULU SUNGAI SELATAN;630601;Sungai Raya
63;KALIMANTAN SELATAN;6306;KAB. HULU SUNGAI SELATAN;630603;Telaga Langsat
63;KALIMANTAN SELATAN;6307;KAB. HULU SUNGAI TENGAH;630706;Barabai
63;KALIMANTAN SELATAN;6307;KAB. HULU SUNGAI TENGAH;630707;Batang Alai Selatan
63;KALIMANTAN SELATAN;6307;KAB. HULU SUNGAI TENGAH;630710;Batang Alai Timur
63;KALIMANTAN SELATAN;6307;KAB. HULU SUNGAI TENGAH;630708;Batang Alai Utara
63;KALIMANTAN SELATAN;6307;KAB. HULU SUNGAI TENGAH;630702;Batu Benawa
63;KALIMANTAN SELATAN;6307;KAB. HULU SUNGAI TENGAH;630709;Hantakan
63;KALIMANTAN SELATAN;6307;KAB. HULU SUNGAI TENGAH;630701;Haruyan
63;KALIMANTAN SELATAN;6307;KAB. HULU SUNGAI TENGAH;630703;Labuan Amas Selatan
63;KALIMANTAN SELATAN;6307;KAB. HULU SUNGAI TENGAH;630704;Labuan Amas Utara
63;KALIMANTAN SELATAN;6307;KAB. HULU SUNGAI TENGAH;630711;Limpasu
63;KALIMANTAN SELATAN;6307;KAB. HULU SUNGAI TENGAH;630705;Pandawan
63;KALIMANTAN SELATAN;6308;KAB. HULU SUNGAI UTARA;630804;Amuntai Selatan
63;KALIMANTAN SELATAN;6308;KAB. HULU SUNGAI UTARA;630805;Amuntai Tengah
63;KALIMANTAN SELATAN;6308;KAB. HULU SUNGAI UTARA;630806;Amuntai Utara
63;KALIMANTAN SELATAN;6308;KAB. HULU SUNGAI UTARA;630802;Babirik
63;KALIMANTAN SELATAN;6308;KAB. HULU SUNGAI UTARA;630807;Banjang
63;KALIMANTAN SELATAN;6308;KAB. HULU SUNGAI UTARA;630801;Danau Panggang
63;KALIMANTAN SELATAN;6308;KAB. HULU SUNGAI UTARA;630808;Haur Gading
63;KALIMANTAN SELATAN;6308;KAB. HULU SUNGAI UTARA;630809;Paminggir
63;KALIMANTAN SELATAN;6308;KAB. HULU SUNGAI UTARA;630803;Sungai Pandan
63;KALIMANTAN SELATAN;6308;KAB. HULU SUNGAI UTARA;630810;Sungai Tabukan
63;KALIMANTAN SELATAN;6302;KAB. KOTABARU;630214;Hampang
63;KALIMANTAN SELATAN;6302;KAB. KOTABARU;630218;Kelumpang Barat
63;KALIMANTAN SELATAN;6302;KAB. KOTABARU;630217;Kelumpang Hilir
63;KALIMANTAN SELATAN;6302;KAB. KOTABARU;630208;Kelumpang Hulu
63;KALIMANTAN SELATAN;6302;KAB. KOTABARU;630207;Kelumpang Selatan
63;KALIMANTAN SELATAN;6302;KAB. KOTABARU;630209;Kelumpang Tengah
63;KALIMANTAN SELATAN;6302;KAB. KOTABARU;630210;Kelumpang Utara
63;KALIMANTAN SELATAN;6302;KAB. KOTABARU;630219;Pamukan Barat
63;KALIMANTAN SELATAN;6302;KAB. KOTABARU;630211;Pamukan Selatan
63;KALIMANTAN SELATAN;6302;KAB. KOTABARU;630213;Pamukan Utara
63;KALIMANTAN SELATAN;6302;KAB. KOTABARU;630202;Pulau Laut Barat
63;KALIMANTAN SELATAN;6302;KAB. KOTABARU;630220;Pulau Laut Kepulauan
63;KALIMANTAN SELATAN;6302;KAB. KOTABARU;630203;Pulau Laut Selatan
63;KALIMANTAN SELATAN;6302;KAB. KOTABARU;630221;Pulau Laut Tanjung Selayar
63;KALIMANTAN SELATAN;6302;KAB. KOTABARU;630216;Pulau Laut Tengah
63;KALIMANTAN SELATAN;6302;KAB. KOTABARU;630204;Pulau Laut Timur
63;KALIMANTAN SELATAN;6302;KAB. KOTABARU;630205;Pulau Sebuku
63;KALIMANTAN SELATAN;6302;KAB. KOTABARU;630201;Pulau Sembilan
63;KALIMANTAN SELATAN;6302;KAB. KOTABARU;630222;Pulaulaut Sigam
63;KALIMANTAN SELATAN;6302;KAB. KOTABARU;630206;Pulaulaut Utara
63;KALIMANTAN SELATAN;6302;KAB. KOTABARU;630212;Sampanahan
63;KALIMANTAN SELATAN;6302;KAB. KOTABARU;630215;Sungai Durian
63;KALIMANTAN SELATAN;6309;KAB. TABALONG;630901;Banua Lawas
63;KALIMANTAN SELATAN;6309;KAB. TABALONG;630912;Bintang Ara
63;KALIMANTAN SELATAN;6309;KAB. TABALONG;630905;Haruai
63;KALIMANTAN SELATAN;6309;KAB. TABALONG;630911;Jaro
63;KALIMANTAN SELATAN;6309;KAB. TABALONG;630902;Kelua
63;KALIMANTAN SELATAN;6309;KAB. TABALONG;630908;Muara Harus
63;KALIMANTAN SELATAN;6309;KAB. TABALONG;630907;Muara Uya
63;KALIMANTAN SELATAN;6309;KAB. TABALONG;630906;Murung Pudak
63;KALIMANTAN SELATAN;6309;KAB. TABALONG;630909;Pugaan
63;KALIMANTAN SELATAN;6309;KAB. TABALONG;630904;Tanjung
63;KALIMANTAN SELATAN;6309;KAB. TABALONG;630903;Tanta
63;KALIMANTAN SELATAN;6309;KAB. TABALONG;630910;Upau
63;KALIMANTAN SELATAN;6310;KAB. TANAH BUMBU;631009;Angsana
63;KALIMANTAN SELATAN;6310;KAB. TANAH BUMBU;631001;Batu Licin
63;KALIMANTAN SELATAN;6310;KAB. TANAH BUMBU;631007;Karang Bintang
63;KALIMANTAN SELATAN;6310;KAB. TANAH BUMBU;631010;Kuranji
63;KALIMANTAN SELATAN;6310;KAB. TANAH BUMBU;631002;Kusan Hilir
63;KALIMANTAN SELATAN;6310;KAB. TANAH BUMBU;631005;Kusan Hulu
63;KALIMANTAN SELATAN;6310;KAB. TANAH BUMBU;631011;Kusan Tengah
63;KALIMANTAN SELATAN;6310;KAB. TANAH BUMBU;631008;Mantewe
63;KALIMANTAN SELATAN;6310;KAB. TANAH BUMBU;631004;Satui
63;KALIMANTAN SELATAN;6310;KAB. TANAH BUMBU;631006;Simpang Empat
63;KALIMANTAN SELATAN;6310;KAB. TANAH BUMBU;631003;Sungai Loban
63;KALIMANTAN SELATAN;6310;KAB. TANAH BUMBU;631012;Teluk Kepayang
63;KALIMANTAN SELATAN;6301;KAB. TANAH LAUT;630110;Bajuin
63;KALIMANTAN SELATAN;6301;KAB. TANAH LAUT;630105;Bati Bati
63;KALIMANTAN SELATAN;6301;KAB. TANAH LAUT;630109;Batu Ampar
63;KALIMANTAN SELATAN;6301;KAB. TANAH LAUT;630111;Bumi Makmur
63;KALIMANTAN SELATAN;6301;KAB. TANAH LAUT;630102;Jorong
63;KALIMANTAN SELATAN;6301;KAB. TANAH LAUT;630107;Kintap
63;KALIMANTAN SELATAN;6301;KAB. TANAH LAUT;630104;Kurau
63;KALIMANTAN SELATAN;6301;KAB. TANAH LAUT;630106;Panyipatan
63;KALIMANTAN SELATAN;6301;KAB. TANAH LAUT;630103;Pelaihari
63;KALIMANTAN SELATAN;6301;KAB. TANAH LAUT;630101;Takisung
63;KALIMANTAN SELATAN;6301;KAB. TANAH LAUT;630108;Tambang Ulang
63;KALIMANTAN SELATAN;6305;KAB. TAPIN;630507;Bakarangan
63;KALIMANTAN SELATAN;6305;KAB. TAPIN;630501;Binuang
63;KALIMANTAN SELATAN;6305;KAB. TAPIN;630509;Bungur
63;KALIMANTAN SELATAN;6305;KAB. TAPIN;630505;Candi Laras Selatan
63;KALIMANTAN SELATAN;6305;KAB. TAPIN;630506;Candi Laras Utara
63;KALIMANTAN SELATAN;6305;KAB. TAPIN;630512;Hatungun
63;KALIMANTAN SELATAN;6305;KAB. TAPIN;630510;Lokpaikat
63;KALIMANTAN SELATAN;6305;KAB. TAPIN;630508;Piani
63;KALIMANTAN SELATAN;6305;KAB. TAPIN;630511;Salam Babaris
63;KALIMANTAN SELATAN;6305;KAB. TAPIN;630502;Tapin Selatan
63;KALIMANTAN SELATAN;6305;KAB. TAPIN;630503;Tapin Tengah
63;KALIMANTAN SELATAN;6305;KAB. TAPIN;630504;Tapin Utara
63;KALIMANTAN SELATAN;6372;KOTA BANJARBARU;637205;Banjarbaru Selatan
63;KALIMANTAN SELATAN;6372;KOTA BANJARBARU;637204;Banjarbaru Utara
63;KALIMANTAN SELATAN;6372;KOTA BANJARBARU;637203;Cempaka
63;KALIMANTAN SELATAN;6372;KOTA BANJARBARU;637202;Landasan Ulin
63;KALIMANTAN SELATAN;6372;KOTA BANJARBARU;637206;Liang Anggang
63;KALIMANTAN SELATAN;6371;KOTA BANJARMASIN;637103;Banjarmasin Barat
63;KALIMANTAN SELATAN;6371;KOTA BANJARMASIN;637101;Banjarmasin Selatan
63;KALIMANTAN SELATAN;6371;KOTA BANJARMASIN;637105;Banjarmasin Tengah
63;KALIMANTAN SELATAN;6371;KOTA BANJARMASIN;637102;Banjarmasin Timur
63;KALIMANTAN SELATAN;6371;KOTA BANJARMASIN;637104;Banjarmasin Utara
71;SULAWESI UTARA;7101;KAB. BOLAANG MONGONDOW;710132;Bilalang
71;SULAWESI UTARA;7101;KAB. BOLAANG MONGONDOW;710113;Bolaang
71;SULAWESI UTARA;7101;KAB. BOLAANG MONGONDOW;710131;Bolaang Timur
71;SULAWESI UTARA;7101;KAB. BOLAANG MONGONDOW;710133;Dumoga
71;SULAWESI UTARA;7101;KAB. BOLAANG MONGONDOW;710109;Dumoga Barat
71;SULAWESI UTARA;7101;KAB. BOLAANG MONGONDOW;710135;Dumoga Tengah
71;SULAWESI UTARA;7101;KAB. BOLAANG MONGONDOW;710134;Dumoga Tenggara
71;SULAWESI UTARA;7101;KAB. BOLAANG MONGONDOW;710110;Dumoga Timur
71;SULAWESI UTARA;7101;KAB. BOLAANG MONGONDOW;710111;Dumoga Utara
71;SULAWESI UTARA;7101;KAB. BOLAANG MONGONDOW;710112;Lolak
71;SULAWESI UTARA;7101;KAB. BOLAANG MONGONDOW;710114;Lolayan
71;SULAWESI UTARA;7101;KAB. BOLAANG MONGONDOW;710119;Passi Barat
71;SULAWESI UTARA;7101;KAB. BOLAANG MONGONDOW;710122;Passi Timur
71;SULAWESI UTARA;7101;KAB. BOLAANG MONGONDOW;710120;Poigar
71;SULAWESI UTARA;7101;KAB. BOLAANG MONGONDOW;710105;Sang Tombolang
71;SULAWESI UTARA;7111;KAB. BOLAANG MONGONDOW SELATAN;711101;Bolaang Uki
71;SULAWESI UTARA;7111;KAB. BOLAANG MONGONDOW SELATAN;711106;Helumo
71;SULAWESI UTARA;7111;KAB. BOLAANG MONGONDOW SELATAN;711103;Pinolosian
71;SULAWESI UTARA;7111;KAB. BOLAANG MONGONDOW SELATAN;711104;Pinolosian Tengah
71;SULAWESI UTARA;7111;KAB. BOLAANG MONGONDOW SELATAN;711105;Pinolosian Timur
71;SULAWESI UTARA;7111;KAB. BOLAANG MONGONDOW SELATAN;711102;Posigadan
71;SULAWESI UTARA;7111;KAB. BOLAANG MONGONDOW SELATAN;711107;Tomini
71;SULAWESI UTARA;7110;KAB. BOLAANG MONGONDOW TIMUR;711002;Kotabunan
71;SULAWESI UTARA;7110;KAB. BOLAANG MONGONDOW TIMUR;711004;Modayag
71;SULAWESI UTARA;7110;KAB. BOLAANG MONGONDOW TIMUR;711005;Modayag Barat
71;SULAWESI UTARA;7110;KAB. BOLAANG MONGONDOW TIMUR;711007;Mooat
71;SULAWESI UTARA;7110;KAB. BOLAANG MONGONDOW TIMUR;711006;Motongkad
71;SULAWESI UTARA;7110;KAB. BOLAANG MONGONDOW TIMUR;711003;Nuangan
71;SULAWESI UTARA;7110;KAB. BOLAANG MONGONDOW TIMUR;711001;Tutuyan
71;SULAWESI UTARA;7108;KAB. BOLAANG MONGONDOW UTARA;710802;Bintauna
71;SULAWESI UTARA;7108;KAB. BOLAANG MONGONDOW UTARA;710804;Bolangitang Barat
71;SULAWESI UTARA;7108;KAB. BOLAANG MONGONDOW UTARA;710803;Bolangitang Timur
71;SULAWESI UTARA;7108;KAB. BOLAANG MONGONDOW UTARA;710805;Kaidipang
71;SULAWESI UTARA;7108;KAB. BOLAANG MONGONDOW UTARA;710806;Pinogaluman
71;SULAWESI UTARA;7108;KAB. BOLAANG MONGONDOW UTARA;710801;Sangkub
71;SULAWESI UTARA;7109;KAB. KEP. SIAU TAGULANDANG BIARO;710907;Biaro
71;SULAWESI UTARA;7109;KAB. KEP. SIAU TAGULANDANG BIARO;710902;Siau Barat
71;SULAWESI UTARA;7109;KAB. KEP. SIAU TAGULANDANG BIARO;710905;Siau Barat Selatan
71;SULAWESI UTARA;7109;KAB. KEP. SIAU TAGULANDANG BIARO;710908;Siau Barat Utara
71;SULAWESI UTARA;7109;KAB. KEP. SIAU TAGULANDANG BIARO;710909;Siau Tengah
71;SULAWESI UTARA;7109;KAB. KEP. SIAU TAGULANDANG BIARO;710901;Siau Timur
71;SULAWESI UTARA;7109;KAB. KEP. SIAU TAGULANDANG BIARO;710904;Siau Timur Selatan
71;SULAWESI UTARA;7109;KAB. KEP. SIAU TAGULANDANG BIARO;710903;Tagulandang
71;SULAWESI UTARA;7109;KAB. KEP. SIAU TAGULANDANG BIARO;710910;Tagulandang Selatan
71;SULAWESI UTARA;7109;KAB. KEP. SIAU TAGULANDANG BIARO;710906;Tagulandang Utara
71;SULAWESI UTARA;7103;KAB. KEPULAUAN SANGIHE;710316;Kendahe
71;SULAWESI UTARA;7103;KAB. KEPULAUAN SANGIHE;710325;Kepulauan Marore
71;SULAWESI UTARA;7103;KAB. KEPULAUAN SANGIHE;710313;Manganitu
71;SULAWESI UTARA;7103;KAB. KEPULAUAN SANGIHE;710310;Manganitu Selatan
71;SULAWESI UTARA;7103;KAB. KEPULAUAN SANGIHE;710309;Nusa Tabukan
71;SULAWESI UTARA;7103;KAB. KEPULAUAN SANGIHE;710315;Tabukan Selatan
71;SULAWESI UTARA;7103;KAB. KEPULAUAN SANGIHE;710319;Tabukan Selatan Tengah
71;SULAWESI UTARA;7103;KAB. KEPULAUAN SANGIHE;710320;Tabukan Selatan Tenggara
71;SULAWESI UTARA;7103;KAB. KEPULAUAN SANGIHE;710314;Tabukan Tengah
71;SULAWESI UTARA;7103;KAB. KEPULAUAN SANGIHE;710308;Tabukan Utara
71;SULAWESI UTARA;7103;KAB. KEPULAUAN SANGIHE;710317;Tahuna
71;SULAWESI UTARA;7103;KAB. KEPULAUAN SANGIHE;710323;Tahuna Barat
71;SULAWESI UTARA;7103;KAB. KEPULAUAN SANGIHE;710324;Tahuna Timur
71;SULAWESI UTARA;7103;KAB. KEPULAUAN SANGIHE;710312;Tamako
71;SULAWESI UTARA;7103;KAB. KEPULAUAN SANGIHE;710311;Tatoareng
71;SULAWESI UTARA;7104;KAB. KEPULAUAN TALAUD;710402;Beo
71;SULAWESI UTARA;7104;KAB. KEPULAUAN TALAUD;710418;Beo Selatan
71;SULAWESI UTARA;7104;KAB. KEPULAUAN TALAUD;710414;Beo Utara
71;SULAWESI UTARA;7104;KAB. KEPULAUAN TALAUD;710409;Damau
71;SULAWESI UTARA;7104;KAB. KEPULAUAN TALAUD;710404;Essang
71;SULAWESI UTARA;7104;KAB. KEPULAUAN TALAUD;710419;Essang Selatan
71;SULAWESI UTARA;7104;KAB. KEPULAUAN TALAUD;710408;Gemeh
71;SULAWESI UTARA;7104;KAB. KEPULAUAN TALAUD;710406;Kabaruan
71;SULAWESI UTARA;7104;KAB. KEPULAUAN TALAUD;710412;Kalongan
71;SULAWESI UTARA;7104;KAB. KEPULAUAN TALAUD;710401;Lirung
71;SULAWESI UTARA;7104;KAB. KEPULAUAN TALAUD;710407;Melonguane
71;SULAWESI UTARA;7104;KAB. KEPULAUAN TALAUD;710416;Melonguane Timur
71;SULAWESI UTARA;7104;KAB. KEPULAUAN TALAUD;710413;Miangas
71;SULAWESI UTARA;7104;KAB. KEPULAUAN TALAUD;710417;Moronge
71;SULAWESI UTARA;7104;KAB. KEPULAUAN TALAUD;710405;Nanusa
71;SULAWESI UTARA;7104;KAB. KEPULAUAN TALAUD;710415;Pulutan
71;SULAWESI UTARA;7104;KAB. KEPULAUAN TALAUD;710403;Rainis
71;SULAWESI UTARA;7104;KAB. KEPULAUAN TALAUD;710411;Salibabu
71;SULAWESI UTARA;7104;KAB. KEPULAUAN TALAUD;710410;Tampan' Amma
71;SULAWESI UTARA;7102;KAB. MINAHASA;710203;Eris
71;SULAWESI UTARA;7102;KAB. MINAHASA;710206;Kakas
71;SULAWESI UTARA;7102;KAB. MINAHASA;710220;Kakas Barat
71;SULAWESI UTARA;7102;KAB. MINAHASA;710212;Kawangkoan
71;SULAWESI UTARA;7102;KAB. MINAHASA;710222;Kawangkoan Barat
71;SULAWESI UTARA;7102;KAB. MINAHASA;710221;Kawangkoan Utara
71;SULAWESI UTARA;7102;KAB. MINAHASA;710204;Kombi
71;SULAWESI UTARA;7102;KAB. MINAHASA;710210;Langowan Barat
71;SULAWESI UTARA;7102;KAB. MINAHASA;710217;Langowan Selatan
71;SULAWESI UTARA;7102;KAB. MINAHASA;710209;Langowan Timur
71;SULAWESI UTARA;7102;KAB. MINAHASA;710219;Langowan Utara
71;SULAWESI UTARA;7102;KAB. MINAHASA;710205;Lembean Timur
71;SULAWESI UTARA;7102;KAB. MINAHASA;710223;Mandolang
71;SULAWESI UTARA;7102;KAB. MINAHASA;710213;Pineleng
71;SULAWESI UTARA;7102;KAB. MINAHASA;710208;Remboken
71;SULAWESI UTARA;7102;KAB. MINAHASA;710211;Sonder
71;SULAWESI UTARA;7102;KAB. MINAHASA;710215;Tombariri
71;SULAWESI UTARA;7102;KAB. MINAHASA;710224;Tombariri Timur
71;SULAWESI UTARA;7102;KAB. MINAHASA;710214;Tombulu
71;SULAWESI UTARA;7102;KAB. MINAHASA;710207;Tompaso
71;SULAWESI UTARA;7102;KAB. MINAHASA;710225;Tompaso Barat
71;SULAWESI UTARA;7102;KAB. MINAHASA;710201;Tondano Barat
71;SULAWESI UTARA;7102;KAB. MINAHASA;710218;Tondano Selatan
71;SULAWESI UTARA;7102;KAB. MINAHASA;710202;Tondano Timur
71;SULAWESI UTARA;7102;KAB. MINAHASA;710216;Tondano Utara
71;SULAWESI UTARA;7105;KAB. MINAHASA SELATAN;710510;Amurang
71;SULAWESI UTARA;7105;KAB. MINAHASA SELATAN;710517;Amurang Barat
71;SULAWESI UTARA;7105;KAB. MINAHASA SELATAN;710518;Amurang Timur
71;SULAWESI UTARA;7105;KAB. MINAHASA SELATAN;710515;Kumelembuai
71;SULAWESI UTARA;7105;KAB. MINAHASA SELATAN;710516;Maesaan
71;SULAWESI UTARA;7105;KAB. MINAHASA SELATAN;710501;Modoinding
71;SULAWESI UTARA;7105;KAB. MINAHASA SELATAN;710507;Motoling
71;SULAWESI UTARA;7105;KAB. MINAHASA SELATAN;710521;Motoling Barat
71;SULAWESI UTARA;7105;KAB. MINAHASA SELATAN;710522;Motoling Timur
71;SULAWESI UTARA;7105;KAB. MINAHASA SELATAN;710503;Ranoyapo
71;SULAWESI UTARA;7105;KAB. MINAHASA SELATAN;710508;Sinonsayang
71;SULAWESI UTARA;7105;KAB. MINAHASA SELATAN;710523;Suluun Tareran
71;SULAWESI UTARA;7105;KAB. MINAHASA SELATAN;710513;Tareran
71;SULAWESI UTARA;7105;KAB. MINAHASA SELATAN;710519;Tatapaan
71;SULAWESI UTARA;7105;KAB. MINAHASA SELATAN;710509;Tenga
71;SULAWESI UTARA;7105;KAB. MINAHASA SELATAN;710502;Tompaso Baru
71;SULAWESI UTARA;7105;KAB. MINAHASA SELATAN;710512;Tumpaan
71;SULAWESI UTARA;7107;KAB. MINAHASA TENGGARA;710703;Belang
71;SULAWESI UTARA;7107;KAB. MINAHASA TENGGARA;710711;Pasan
71;SULAWESI UTARA;7107;KAB. MINAHASA TENGGARA;710702;Pusomaen
71;SULAWESI UTARA;7107;KAB. MINAHASA TENGGARA;710701;Ratahan
71;SULAWESI UTARA;7107;KAB. MINAHASA TENGGARA;710712;Ratahan Timur
71;SULAWESI UTARA;7107;KAB. MINAHASA TENGGARA;710704;Ratatotok
71;SULAWESI UTARA;7107;KAB. MINAHASA TENGGARA;710708;Silian Raya
71;SULAWESI UTARA;7107;KAB. MINAHASA TENGGARA;710705;Tombatu
71;SULAWESI UTARA;7107;KAB. MINAHASA TENGGARA;710709;Tombatu Timur
71;SULAWESI UTARA;7107;KAB. MINAHASA TENGGARA;710710;Tombatu Utara
71;SULAWESI UTARA;7107;KAB. MINAHASA TENGGARA;710706;Touluaan
71;SULAWESI UTARA;7107;KAB. MINAHASA TENGGARA;710707;Touluaan Selatan
71;SULAWESI UTARA;7106;KAB. MINAHASA UTARA;710603;Airmadidi
71;SULAWESI UTARA;7106;KAB. MINAHASA UTARA;710605;Dimembe
71;SULAWESI UTARA;7106;KAB. MINAHASA UTARA;710608;Kalawat
71;SULAWESI UTARA;7106;KAB. MINAHASA UTARA;710602;Kauditan
71;SULAWESI UTARA;7106;KAB. MINAHASA UTARA;710601;Kema
71;SULAWESI UTARA;7106;KAB. MINAHASA UTARA;710606;Likupang Barat
71;SULAWESI UTARA;7106;KAB. MINAHASA UTARA;710610;Likupang Selatan
71;SULAWESI UTARA;7106;KAB. MINAHASA UTARA;710607;Likupang Timur
71;SULAWESI UTARA;7106;KAB. MINAHASA UTARA;710609;Talawaan
71;SULAWESI UTARA;7106;KAB. MINAHASA UTARA;710604;Wori
71;SULAWESI UTARA;7172;KOTA BITUNG;717204;Aertembaga
71;SULAWESI UTARA;7172;KOTA BITUNG;717206;Girian
71;SULAWESI UTARA;7172;KOTA BITUNG;717201;Lembeh Selatan
71;SULAWESI UTARA;7172;KOTA BITUNG;717208;Lembeh Utara
71;SULAWESI UTARA;7172;KOTA BITUNG;717202;Madidir
71;SULAWESI UTARA;7172;KOTA BITUNG;717207;Maesa
71;SULAWESI UTARA;7172;KOTA BITUNG;717205;Matuari
71;SULAWESI UTARA;7172;KOTA BITUNG;717203;Ranowulu
71;SULAWESI UTARA;7174;KOTA KOTAMOBAGU;717404;Kotamobagu Barat
71;SULAWESI UTARA;7174;KOTA KOTAMOBAGU;717403;Kotamobagu Selatan
71;SULAWESI UTARA;7174;KOTA KOTAMOBAGU;717402;Kotamobagu Timur
71;SULAWESI UTARA;7174;KOTA KOTAMOBAGU;717401;Kotamobagu Utara
71;SULAWESI UTARA;7171;KOTA MANADO;717101;Bunaken
71;SULAWESI UTARA;7171;KOTA MANADO;717110;Bunaken Kepulauan
71;SULAWESI UTARA;7171;KOTA MANADO;717109;Malalayang
71;SULAWESI UTARA;7171;KOTA MANADO;717108;Mapanget
71;SULAWESI UTARA;7171;KOTA MANADO;717111;Paal Dua
71;SULAWESI UTARA;7171;KOTA MANADO;717106;Sario
71;SULAWESI UTARA;7171;KOTA MANADO;717103;Singkil
71;SULAWESI UTARA;7171;KOTA MANADO;717105;Tikala
71;SULAWESI UTARA;7171;KOTA MANADO;717102;Tuminiting
71;SULAWESI UTARA;7171;KOTA MANADO;717107;Wanea
71;SULAWESI UTARA;7171;KOTA MANADO;717104;Wenang
71;SULAWESI UTARA;7173;KOTA TOMOHON;717304;Tomohon Barat
71;SULAWESI UTARA;7173;KOTA TOMOHON;717301;Tomohon Selatan
71;SULAWESI UTARA;7173;KOTA TOMOHON;717302;Tomohon Tengah
71;SULAWESI UTARA;7173;KOTA TOMOHON;717305;Tomohon Timur
71;SULAWESI UTARA;7173;KOTA TOMOHON;717303;Tomohon Utara
74;SULAWESI TENGGARA;7406;KAB. BOMBANA;740605;Kabaena
74;SULAWESI TENGGARA;7406;KAB. BOMBANA;740614;Kabaena Barat
74;SULAWESI TENGGARA;7406;KAB. BOMBANA;740613;Kabaena Selatan
74;SULAWESI TENGGARA;7406;KAB. BOMBANA;740616;Kabaena Tengah
74;SULAWESI TENGGARA;7406;KAB. BOMBANA;740606;Kabaena Timur
74;SULAWESI TENGGARA;7406;KAB. BOMBANA;740615;Kabaena Utara
74;SULAWESI TENGGARA;7406;KAB. BOMBANA;740617;Kep. Masaloka Raya
74;SULAWESI TENGGARA;7406;KAB. BOMBANA;740621;Lantari Jaya
74;SULAWESI TENGGARA;7406;KAB. BOMBANA;740608;Mata Oleo
74;SULAWESI TENGGARA;7406;KAB. BOMBANA;740622;Mata Usu
74;SULAWESI TENGGARA;7406;KAB. BOMBANA;740601;Poleang
74;SULAWESI TENGGARA;7406;KAB. BOMBANA;740607;Poleang Barat
74;SULAWESI TENGGARA;7406;KAB. BOMBANA;740611;Poleang Selatan
74;SULAWESI TENGGARA;7406;KAB. BOMBANA;740619;Poleang Tengah
74;SULAWESI TENGGARA;7406;KAB. BOMBANA;740612;Poleang Tenggara
74;SULAWESI TENGGARA;7406;KAB. BOMBANA;740602;Poleang Timur
74;SULAWESI TENGGARA;7406;KAB. BOMBANA;740610;Poleang Utara
74;SULAWESI TENGGARA;7406;KAB. BOMBANA;740603;Rarowatu
74;SULAWESI TENGGARA;7406;KAB. BOMBANA;740609;Rarowatu Utara
74;SULAWESI TENGGARA;7406;KAB. BOMBANA;740604;Rumbia
74;SULAWESI TENGGARA;7406;KAB. BOMBANA;740618;Rumbia Tengah
74;SULAWESI TENGGARA;7406;KAB. BOMBANA;740620;Tontonunu
74;SULAWESI TENGGARA;7404;KAB. BUTON;740422;Kapontori
74;SULAWESI TENGGARA;7404;KAB. BUTON;740423;Lasalimu
74;SULAWESI TENGGARA;7404;KAB. BUTON;740424;Lasalimu Selatan
74;SULAWESI TENGGARA;7404;KAB. BUTON;740411;Pasarwajo
74;SULAWESI TENGGARA;7404;KAB. BUTON;740427;Siotapina
74;SULAWESI TENGGARA;7404;KAB. BUTON;740429;Wabula
74;SULAWESI TENGGARA;7404;KAB. BUTON;740428;Wolowa
74;SULAWESI TENGGARA;7415;KAB. BUTON SELATAN;741501;Batauga
74;SULAWESI TENGGARA;7415;KAB. BUTON SELATAN;741504;Batu Atas
74;SULAWESI TENGGARA;7415;KAB. BUTON SELATAN;741507;Kadatua
74;SULAWESI TENGGARA;7415;KAB. BUTON SELATAN;741503;Lapandewa
74;SULAWESI TENGGARA;7415;KAB. BUTON SELATAN;741502;Sampolawa
74;SULAWESI TENGGARA;7415;KAB. BUTON SELATAN;741506;Siompu
74;SULAWESI TENGGARA;7415;KAB. BUTON SELATAN;741505;Siompu Barat
74;SULAWESI TENGGARA;7414;KAB. BUTON TENGAH;741406;Gu
74;SULAWESI TENGGARA;7414;KAB. BUTON TENGAH;741401;Lakudo
74;SULAWESI TENGGARA;7414;KAB. BUTON TENGAH;741404;Mawasangka
74;SULAWESI TENGGARA;7414;KAB. BUTON TENGAH;741403;Mawasangka Tengah
74;SULAWESI TENGGARA;7414;KAB. BUTON TENGAH;741402;Mawasangka Timur
74;SULAWESI TENGGARA;7414;KAB. BUTON TENGAH;741407;Sangia Wambulu
74;SULAWESI TENGGARA;7414;KAB. BUTON TENGAH;741405;Talaga Raya
74;SULAWESI TENGGARA;7410;KAB. BUTON UTARA;741003;Bonegunu
74;SULAWESI TENGGARA;7410;KAB. BUTON UTARA;741002;Kambowa
74;SULAWESI TENGGARA;7410;KAB. BUTON UTARA;741001;Kulisusu
74;SULAWESI TENGGARA;7410;KAB. BUTON UTARA;741004;Kulisusu Barat
74;SULAWESI TENGGARA;7410;KAB. BUTON UTARA;741005;Kulisusu Utara
74;SULAWESI TENGGARA;7410;KAB. BUTON UTARA;741006;Wakorumba Utara
74;SULAWESI TENGGARA;7401;KAB. KOLAKA;740112;Baula
74;SULAWESI TENGGARA;7401;KAB. KOLAKA;740127;Iwoimendaa
74;SULAWESI TENGGARA;7401;KAB. KOLAKA;740104;Kolaka
74;SULAWESI TENGGARA;7401;KAB. KOLAKA;740114;Latambaga
74;SULAWESI TENGGARA;7401;KAB. KOLAKA;740125;Polinggona
74;SULAWESI TENGGARA;7401;KAB. KOLAKA;740107;Pomalaa
74;SULAWESI TENGGARA;7401;KAB. KOLAKA;740120;Samaturu
74;SULAWESI TENGGARA;7401;KAB. KOLAKA;740118;Tanggetada
74;SULAWESI TENGGARA;7401;KAB. KOLAKA;740124;Toari
74;SULAWESI TENGGARA;7401;KAB. KOLAKA;740108;Watubangga
74;SULAWESI TENGGARA;7401;KAB. KOLAKA;740110;Wolo
74;SULAWESI TENGGARA;7401;KAB. KOLAKA;740101;Wundulako
74;SULAWESI TENGGARA;7411;KAB. KOLAKA TIMUR;741110;Aere
74;SULAWESI TENGGARA;7411;KAB. KOLAKA TIMUR;741112;Dangia
74;SULAWESI TENGGARA;7411;KAB. KOLAKA TIMUR;741103;Ladongi
74;SULAWESI TENGGARA;7411;KAB. KOLAKA TIMUR;741106;Lalolae
74;SULAWESI TENGGARA;7411;KAB. KOLAKA TIMUR;741105;Lambandia
74;SULAWESI TENGGARA;7411;KAB. KOLAKA TIMUR;741102;Loea
74;SULAWESI TENGGARA;7411;KAB. KOLAKA TIMUR;741107;Mowewe
74;SULAWESI TENGGARA;7411;KAB. KOLAKA TIMUR;741104;Poli Polia
74;SULAWESI TENGGARA;7411;KAB. KOLAKA TIMUR;741109;Tinondo
74;SULAWESI TENGGARA;7411;KAB. KOLAKA TIMUR;741101;Tirawuta
74;SULAWESI TENGGARA;7411;KAB. KOLAKA TIMUR;741111;Ueesi
74;SULAWESI TENGGARA;7411;KAB. KOLAKA TIMUR;741108;Uluiwoi
74;SULAWESI TENGGARA;7408;KAB. KOLAKA UTARA;740803;Batu Putih
74;SULAWESI TENGGARA;7408;KAB. KOLAKA UTARA;740813;Katoi
74;SULAWESI TENGGARA;7408;KAB. KOLAKA UTARA;740805;Kodeoha
74;SULAWESI TENGGARA;7408;KAB. KOLAKA UTARA;740808;Lambai
74;SULAWESI TENGGARA;7408;KAB. KOLAKA UTARA;740801;Lasusua
74;SULAWESI TENGGARA;7408;KAB. KOLAKA UTARA;740806;Ngapa
74;SULAWESI TENGGARA;7408;KAB. KOLAKA UTARA;740802;Pakue
74;SULAWESI TENGGARA;7408;KAB. KOLAKA UTARA;740810;Pakue Tengah
74;SULAWESI TENGGARA;7408;KAB. KOLAKA UTARA;740811;Pakue Utara
74;SULAWESI TENGGARA;7408;KAB. KOLAKA UTARA;740812;Porehu
74;SULAWESI TENGGARA;7408;KAB. KOLAKA UTARA;740804;Rante Angin
74;SULAWESI TENGGARA;7408;KAB. KOLAKA UTARA;740814;Tiwu
74;SULAWESI TENGGARA;7408;KAB. KOLAKA UTARA;740815;Tolala
74;SULAWESI TENGGARA;7408;KAB. KOLAKA UTARA;740809;Watunohu
74;SULAWESI TENGGARA;7408;KAB. KOLAKA UTARA;740807;Wawo
74;SULAWESI TENGGARA;7402;KAB. KONAWE;740210;Abuki
74;SULAWESI TENGGARA;7402;KAB. KONAWE;740228;Amonggedo
74;SULAWESI TENGGARA;7402;KAB. KONAWE;740224;Anggaberi
74;SULAWESI TENGGARA;7402;KAB. KONAWE;740240;Anggalomoare
74;SULAWESI TENGGARA;7402;KAB. KONAWE;740231;Asinua
74;SULAWESI TENGGARA;7402;KAB. KONAWE;740220;Besulutu
74;SULAWESI TENGGARA;7402;KAB. KONAWE;740221;Bondoala
74;SULAWESI TENGGARA;7402;KAB. KONAWE;740233;Kapoiala
74;SULAWESI TENGGARA;7402;KAB. KONAWE;740232;Konawe
74;SULAWESI TENGGARA;7402;KAB. KONAWE;740236;Lalonggasumeeto
74;SULAWESI TENGGARA;7402;KAB. KONAWE;740201;Lambuya
74;SULAWESI TENGGARA;7402;KAB. KONAWE;740216;Latoma
74;SULAWESI TENGGARA;7402;KAB. KONAWE;740225;Meluhu
74;SULAWESI TENGGARA;7402;KAB. KONAWE;740239;Morosi
74;SULAWESI TENGGARA;7402;KAB. KONAWE;740237;Onembute
74;SULAWESI TENGGARA;7402;KAB. KONAWE;740238;Padangguni
74;SULAWESI TENGGARA;7402;KAB. KONAWE;740204;Pondidaha
74;SULAWESI TENGGARA;7402;KAB. KONAWE;740217;Puriala
74;SULAWESI TENGGARA;7402;KAB. KONAWE;740223;Routa
74;SULAWESI TENGGARA;7402;KAB. KONAWE;740205;Sampara
74;SULAWESI TENGGARA;7402;KAB. KONAWE;740211;Soropia
74;SULAWESI TENGGARA;7402;KAB. KONAWE;740215;Tongauna
74;SULAWESI TENGGARA;7402;KAB. KONAWE;740242;Tongauna Utara
74;SULAWESI TENGGARA;7402;KAB. KONAWE;740218;Uepai
74;SULAWESI TENGGARA;7402;KAB. KONAWE;740202;Unaaha
74;SULAWESI TENGGARA;7402;KAB. KONAWE;740203;Wawotobi
74;SULAWESI TENGGARA;7402;KAB. KONAWE;740219;Wonggeduku
74;SULAWESI TENGGARA;7402;KAB. KONAWE;740241;Wonggeduku Barat
74;SULAWESI TENGGARA;7412;KAB. KONAWE KEPULAUAN;741201;Wawonii Barat
74;SULAWESI TENGGARA;7412;KAB. KONAWE KEPULAUAN;741206;Wawonii Selatan
74;SULAWESI TENGGARA;7412;KAB. KONAWE KEPULAUAN;741207;Wawonii Tengah
74;SULAWESI TENGGARA;7412;KAB. KONAWE KEPULAUAN;741205;Wawonii Tenggara
74;SULAWESI TENGGARA;7412;KAB. KONAWE KEPULAUAN;741204;Wawonii Timur
74;SULAWESI TENGGARA;7412;KAB. KONAWE KEPULAUAN;741203;Wawonii Timur Laut
74;SULAWESI TENGGARA;7412;KAB. KONAWE KEPULAUAN;741202;Wawonii Utara
74;SULAWESI TENGGARA;7405;KAB. KONAWE SELATAN;740503;Andoolo
74;SULAWESI TENGGARA;7405;KAB. KONAWE SELATAN;740525;Andoolo Barat
74;SULAWESI TENGGARA;7405;KAB. KONAWE SELATAN;740502;Angata
74;SULAWESI TENGGARA;7405;KAB. KONAWE SELATAN;740520;Baito
74;SULAWESI TENGGARA;7405;KAB. KONAWE SELATAN;740521;Basala
74;SULAWESI TENGGARA;7405;KAB. KONAWE SELATAN;740513;Benua
74;SULAWESI TENGGARA;7405;KAB. KONAWE SELATAN;740517;Buke
74;SULAWESI TENGGARA;7405;KAB. KONAWE SELATAN;740509;Kolono
74;SULAWESI TENGGARA;7405;KAB. KONAWE SELATAN;740523;Kolono Timur
74;SULAWESI TENGGARA;7405;KAB. KONAWE SELATAN;740507;Konda
74;SULAWESI TENGGARA;7405;KAB. KONAWE SELATAN;740519;Laeya
74;SULAWESI TENGGARA;7405;KAB. KONAWE SELATAN;740506;Lainea
74;SULAWESI TENGGARA;7405;KAB. KONAWE SELATAN;740512;Lalembuu
74;SULAWESI TENGGARA;7405;KAB. KONAWE SELATAN;740505;Landono
74;SULAWESI TENGGARA;7405;KAB. KONAWE SELATAN;740511;Laonti
74;SULAWESI TENGGARA;7405;KAB. KONAWE SELATAN;740510;Moramo
74;SULAWESI TENGGARA;7405;KAB. KONAWE SELATAN;740516;Moramo Utara
74;SULAWESI TENGGARA;7405;KAB. KONAWE SELATAN;740515;Mowila
74;SULAWESI TENGGARA;7405;KAB. KONAWE SELATAN;740504;Palangga
74;SULAWESI TENGGARA;7405;KAB. KONAWE SELATAN;740514;Palangga Selatan
74;SULAWESI TENGGARA;7405;KAB. KONAWE SELATAN;740508;Ranomeeto
74;SULAWESI TENGGARA;7405;KAB. KONAWE SELATAN;740522;Ranomeeto Barat
74;SULAWESI TENGGARA;7405;KAB. KONAWE SELATAN;740524;Sabulakoa
74;SULAWESI TENGGARA;7405;KAB. KONAWE SELATAN;740501;Tinanggea
74;SULAWESI TENGGARA;7405;KAB. KONAWE SELATAN;740518;Wolasi
74;SULAWESI TENGGARA;7409;KAB. KONAWE UTARA;740909;Andowia
74;SULAWESI TENGGARA;7409;KAB. KONAWE UTARA;740901;Asera
74;SULAWESI TENGGARA;7409;KAB. KONAWE UTARA;740913;Landawe
74;SULAWESI TENGGARA;7409;KAB. KONAWE UTARA;740903;Langgikima
74;SULAWESI TENGGARA;7409;KAB. KONAWE UTARA;740905;Lasolo
74;SULAWESI TENGGARA;7409;KAB. KONAWE UTARA;740912;Lasolo Kepulauan
74;SULAWESI TENGGARA;7409;KAB. KONAWE UTARA;740906;Lembo
74;SULAWESI TENGGARA;7409;KAB. KONAWE UTARA;740904;Molawe
74;SULAWESI TENGGARA;7409;KAB. KONAWE UTARA;740910;Motui
74;SULAWESI TENGGARA;7409;KAB. KONAWE UTARA;740908;Oheo
74;SULAWESI TENGGARA;7409;KAB. KONAWE UTARA;740907;Sawa
74;SULAWESI TENGGARA;7409;KAB. KONAWE UTARA;740911;Wawolesea
74;SULAWESI TENGGARA;7409;KAB. KONAWE UTARA;740902;Wiwirano
74;SULAWESI TENGGARA;7403;KAB. MUNA;740315;Batalaiwaru
74;SULAWESI TENGGARA;7403;KAB. MUNA;740334;Batukara
74;SULAWESI TENGGARA;7403;KAB. MUNA;740326;Bone
74;SULAWESI TENGGARA;7403;KAB. MUNA;740317;Duruka
74;SULAWESI TENGGARA;7403;KAB. MUNA;740323;Kabangka
74;SULAWESI TENGGARA;7403;KAB. MUNA;740324;Kabawo
74;SULAWESI TENGGARA;7403;KAB. MUNA;740316;Katobu
74;SULAWESI TENGGARA;7403;KAB. MUNA;740330;Kontu Kowuna
74;SULAWESI TENGGARA;7403;KAB. MUNA;740320;Kontunaga
74;SULAWESI TENGGARA;7403;KAB. MUNA;740314;Lasalepa
74;SULAWESI TENGGARA;7403;KAB. MUNA;740318;Lohia
74;SULAWESI TENGGARA;7403;KAB. MUNA;740307;Maligano
74;SULAWESI TENGGARA;7403;KAB. MUNA;740331;Marobo
74;SULAWESI TENGGARA;7403;KAB. MUNA;740306;Napabalano
74;SULAWESI TENGGARA;7403;KAB. MUNA;740325;Parigi
74;SULAWESI TENGGARA;7403;KAB. MUNA;740333;Pasi Kolaga
74;SULAWESI TENGGARA;7403;KAB. MUNA;740328;Pasir Putih
74;SULAWESI TENGGARA;7403;KAB. MUNA;740327;Tongkuno
74;SULAWESI TENGGARA;7403;KAB. MUNA;740332;Tongkuno Selatan
74;SULAWESI TENGGARA;7403;KAB. MUNA;740337;Towea
74;SULAWESI TENGGARA;7403;KAB. MUNA;740313;Wakorumba Selatan
74;SULAWESI TENGGARA;7403;KAB. MUNA;740319;Watopute
74;SULAWESI TENGGARA;7413;KAB. MUNA BARAT;741302;Barangka
74;SULAWESI TENGGARA;7413;KAB. MUNA BARAT;741310;Kusambi
74;SULAWESI TENGGARA;7413;KAB. MUNA BARAT;741303;Lawa
74;SULAWESI TENGGARA;7413;KAB. MUNA BARAT;741306;Maginti
74;SULAWESI TENGGARA;7413;KAB. MUNA BARAT;741311;Napano Kusambi
74;SULAWESI TENGGARA;7413;KAB. MUNA BARAT;741301;Sawerigadi
74;SULAWESI TENGGARA;7413;KAB. MUNA BARAT;741309;Tiworo Kepulauan
74;SULAWESI TENGGARA;7413;KAB. MUNA BARAT;741305;Tiworo Selatan
74;SULAWESI TENGGARA;7413;KAB. MUNA BARAT;741307;Tiworo Tengah
74;SULAWESI TENGGARA;7413;KAB. MUNA BARAT;741308;Tiworo Utara
74;SULAWESI TENGGARA;7413;KAB. MUNA BARAT;741304;Wadaga
74;SULAWESI TENGGARA;7407;KAB. WAKATOBI;740704;Binongko
74;SULAWESI TENGGARA;7407;KAB. WAKATOBI;740702;Kaledupa
74;SULAWESI TENGGARA;7407;KAB. WAKATOBI;740706;Kaledupa Selatan
74;SULAWESI TENGGARA;7407;KAB. WAKATOBI;740708;Togo Binongko
74;SULAWESI TENGGARA;7407;KAB. WAKATOBI;740703;Tomia
74;SULAWESI TENGGARA;7407;KAB. WAKATOBI;740707;Tomia Timur
74;SULAWESI TENGGARA;7407;KAB. WAKATOBI;740705;Wangi Wangi Selatan
74;SULAWESI TENGGARA;7407;KAB. WAKATOBI;740701;Wangi-Wangi
74;SULAWESI TENGGARA;7472;KOTA BAU BAU;747208;Batupoaro
74;SULAWESI TENGGARA;7472;KOTA BAU BAU;747201;Betoambari
74;SULAWESI TENGGARA;7472;KOTA BAU BAU;747204;Bungi
74;SULAWESI TENGGARA;7472;KOTA BAU BAU;747205;Kokalukuna
74;SULAWESI TENGGARA;7472;KOTA BAU BAU;747207;Lea-Lea
74;SULAWESI TENGGARA;7472;KOTA BAU BAU;747206;Murhum
74;SULAWESI TENGGARA;7472;KOTA BAU BAU;747203;Sorawolio
74;SULAWESI TENGGARA;7472;KOTA BAU BAU;747202;Wolio
74;SULAWESI TENGGARA;7471;KOTA KENDARI;747106;Abeli
74;SULAWESI TENGGARA;7471;KOTA KENDARI;747103;Baruga
74;SULAWESI TENGGARA;7471;KOTA KENDARI;747108;Kadia
74;SULAWESI TENGGARA;7471;KOTA KENDARI;747110;Kambu
74;SULAWESI TENGGARA;7471;KOTA KENDARI;747102;Kendari
74;SULAWESI TENGGARA;7471;KOTA KENDARI;747105;Kendari Barat
74;SULAWESI TENGGARA;7471;KOTA KENDARI;747101;Mandonga
74;SULAWESI TENGGARA;7471;KOTA KENDARI;747111;Nambo
74;SULAWESI TENGGARA;7471;KOTA KENDARI;747104;Poasia
74;SULAWESI TENGGARA;7471;KOTA KENDARI;747109;Puuwatu
74;SULAWESI TENGGARA;7471;KOTA KENDARI;747107;Wua-Wua
